0,9.12,9.12,9.12,9.12,9.12,9.12,9.12,9.12,9.12,9.12,9.12,9.12,9.12,9.12
0.001,7.23445924496,7.23445924496,7.23398108181,7.23445924496,7.23398108181,7.23398108181,7.23445924496,7.23445924496,7.23352974887,7.23224085217,7.23445924496,7.23445924496,7.23352974887,7.23224085217
0.002,5.75944961217,5.75945381518,5.75875041301,5.75945381518,5.75875041301,5.75875041301,5.75945381518,5.75945093161,5.75802508565,5.75604588436,5.75945381518,5.75945093161,5.75802508565,5.75604588436
0.003,4.6054383904,4.60545116284,4.60468421878,4.60545116284,4.60468421878,4.60468421878,4.60545116284,4.60544081752,4.60384437863,4.60157907463,4.60545116284,4.60544081752,4.60384437863,4.60157907463
0.004,3.70197011669,3.70200536592,3.70127566178,3.70200536592,3.70127566178,3.70127566178,3.70200536592,3.701975755,3.70040020963,3.69840114232,3.70200536592,3.701975755,3.70040020963,3.69840114232
0.005,2.99596100688,2.99603265825,2.99539834513,2.99603265825,2.99539834513,2.99539834513,2.99603265825,2.99596798423,2.9945493578,2.99288760509,2.99603265825,2.99596798423,2.9945493578,2.99288760509
0.006,2.44083321065,2.44093921618,2.44043023202,2.44093921618,2.44043023202,2.44043023202,2.44093921618,2.44084121627,2.43968014461,2.43836864977,2.44093921618,2.44084121627,2.43968014461,2.43836864977
0.007,2.00469539622,2.00482131112,2.00444908176,2.00482131112,2.00444908176,2.00444908176,2.00482131112,2.00470255188,2.00384985403,2.00297019351,2.00482131112,2.00470255188,2.00384985403,2.00297019351
0.008,1.66237497227,1.66249870544,1.66226147941,1.66249870544,1.66226147941,1.66226147941,1.66249870544,1.6623797854,1.66184260419,1.66131056906,1.66249870544,1.6623797854,1.66184260419,1.66131056906
0.009,1.39247490694,1.39257687682,1.39245673069,1.39257687682,1.39245673069,1.39245673069,1.39257687682,1.39247732741,1.39223641507,1.39200485262,1.39257687682,1.39247732741,1.39223641507,1.39200485262
0.01,1.1798127007,1.17987956953,1.1798626877,1.17987956953,1.1798626877,1.1798626877,1.17987956953,1.17981308453,1.17983803272,1.17988636906,1.17987956953,1.17981308453,1.17983803272,1.17988636906
0.011,1.01181382871,1.0118387222,1.0119250155,1.0118387222,1.0119250155,1.0119250155,1.0118387222,1.01181265773,1.01206989886,1.01237893766,1.0118387222,1.01181265773,1.01206989886,1.01237893766
0.012,0.878867404836,0.878848425611,0.879036176308,0.878848425611,0.879036176308,0.879036176308,0.878848425611,0.878865072209,0.879320163308,0.879862357536,0.878848425611,0.878865072209,0.879320163308,0.879862357536
0.013,0.773103535953,0.773041871162,0.773325009652,0.773041871162,0.773325009652,0.773325009652,0.773041871162,0.773100328894,0.773720619961,0.774469073122,0.773041871162,0.773100328894,0.773720619961,0.774469073122
0.014,0.688692993542,0.688591669294,0.688961025133,0.688591669294,0.688961025133,0.688961025133,0.688591669294,0.688689133931,0.689454102885,0.690381652874,0.688591669294,0.688689133931,0.689454102885,0.690381652874
0.015,0.621010904237,0.620873919827,0.621319208638,0.620873919827,0.621319208638,0.621319208638,0.620873919827,0.62100655591,0.621896388363,0.62297619401,0.620873919827,0.62100655591,0.621896388363,0.62297619401
0.016,0.56662341318,0.566455205908,0.566966300809,0.566455205908,0.566966300809,0.566966300809,0.566455432984,0.566618715978,0.567615177131,0.568825755818,0.566455432984,0.566618715978,0.567615177131,0.568825755818
0.017,0.522524256156,0.522329263702,0.522898809242,0.522329263702,0.522898809242,0.522898809242,0.522331791113,0.522519303809,0.523607537707,0.524929125327,0.522331791113,0.522519303809,0.523607537707,0.524929125327
0.018,0.486593522796,0.486375140805,0.486995686254,0.486375140805,0.486995686254,0.486995686254,0.48638227896,0.48658806813,0.487754546554,0.489170754295,0.48638227896,0.48658806813,0.487754546554,0.489170754295
0.019,0.456980340663,0.456739886841,0.457404003422,0.456739886841,0.457404003422,0.457404003422,0.456752853977,0.456974477029,0.458205518951,0.45970258857,0.456752853977,0.456974477029,0.458205518951,0.45970258857
0.02,0.432431315129,0.432171230146,0.432874339906,0.432171230146,0.432874339906,0.432874339906,0.432190432663,0.432425217971,0.433710631914,0.435271473169,0.432190432663,0.432425217971,0.433710631914,0.435271473169
0.021,0.411825838793,0.411548895895,0.412284933227,0.411548895895,0.412284933227,0.412284933227,0.411574245449,0.411819545635,0.413149819604,0.414766113386,0.411574245449,0.411819545635,0.413149819604,0.414766113386
0.022,0.394366101328,0.394074979981,0.394839597028,0.394074979981,0.394839597028,0.394839597028,0.394106058611,0.394359600452,0.39572747757,0.397391720634,0.394106058611,0.394359600452,0.39572747757,0.397391720634
0.023,0.379376915112,0.379072091793,0.379860663523,0.379072091793,0.379860663523,0.379860663523,0.379108319048,0.379369952447,0.380767306085,0.382469085146,0.379108319048,0.379369952447,0.380767306085,0.382469085146
0.024,0.366358299882,0.366041854756,0.366850897117,0.366041854756,0.366850897117,0.366850897117,0.366083312433,0.366351275575,0.367772184588,0.369502973476,0.366083312433,0.366351275575,0.367772184588,0.369502973476
0.025,0.354923938464,0.354598112576,0.355423836227,0.354598112576,0.355423836227,0.355423836227,0.354645591722,0.354916754187,0.356356214574,0.358108282424,0.354645591722,0.354916754187,0.356356214574,0.358108282424
0.026,0.344740781017,0.344406171774,0.345245484121,0.344406171774,0.345245484121,0.345245484121,0.344458928211,0.344733227627,0.346185454678,0.347950742195,0.344458928211,0.344733227627,0.346185454678,0.347950742195
0.027,0.335555410708,0.335214091679,0.336063922637,0.335214091679,0.336063922637,0.336063922637,0.335271274389,0.335547869913,0.337008642166,0.338783380868,0.335271274389,0.335547869913,0.337008642166,0.338783380868
0.028,0.327184337846,0.326837496198,0.327694738202,0.326837496198,0.327694738202,0.327694738202,0.326898460205,0.327176567122,0.328641487802,0.330427000586,0.326898460205,0.327176567122,0.328641487802,0.330427000586
0.029,0.319469730596,0.319118900324,0.319980767993,0.319118900324,0.319980767993,0.319980767993,0.31918374232,0.319461994217,0.320927355547,0.322710818904,0.31918374232,0.319461994217,0.320927355547,0.322710818904
0.03,0.312295919168,0.311942348104,0.312805972217,0.311942348104,0.312805972217,0.312805972217,0.312010259506,0.31228801881,0.31375025694,0.315530652889,0.312010259506,0.31228801881,0.31375025694,0.315530652889
0.031,0.305560110487,0.305205255787,0.306068079202,0.305205255787,0.306068079202,0.306068079202,0.305275407482,0.305552265728,0.307007953699,0.30878265403,0.305275407482,0.305552265728,0.307007953699,0.30878265403
0.032,0.29918842255,0.29883347071,0.29969331412,0.29883347071,0.29969331412,0.29969331412,0.298905457678,0.299180501792,0.300626453459,0.302388955997,0.298905457678,0.299180501792,0.300626453459,0.302388955997
0.033,0.29312390497,0.292770281541,0.293624447953,0.292770281541,0.293624447953,0.293624447953,0.292843462768,0.29311604535,0.294549304518,0.296297352642,0.292843462768,0.29311604535,0.294549304518,0.296297352642
0.034,0.287321317565,0.286970173934,0.287816379373,0.286970173934,0.287816379373,0.287816379373,0.287043807238,0.287313483782,0.288731163548,0.290463099453,0.287043807238,0.287313483782,0.288731163548,0.290463099453
0.035,0.281741506674,0.281394102373,0.28223028167,0.281394102373,0.28223028167,0.28223028167,0.281467597631,0.281733748953,0.283133110227,0.284841628415,0.281467597631,0.281733748953,0.283133110227,0.284841628415
0.036,0.276356059715,0.276013515291,0.276837521962,0.276013515291,0.276837521962,0.276837521962,0.276086268756,0.276348396504,0.277727019652,0.279413042145,0.276086268756,0.276348396504,0.277727019652,0.279413042145
0.037,0.271140196987,0.270803592147,0.271613476266,0.270803592147,0.271613476266,0.271613476266,0.270875025437,0.271132675933,0.272488195345,0.274147975778,0.270875025437,0.271132675933,0.272488195345,0.274147975778
0.038,0.26607614292,0.267600250379,0.268403040751,0.267600250379,0.268403040751,0.266540467747,0.265816070801,0.266068740768,0.267399169501,0.269029034,0.267671119246,0.267926428873,0.26927007156,0.270916120037
0.039,0.261148053179,0.266484912247,0.267288646855,0.266484912247,0.267288646855,0.261602655272,0.260893324307,0.261140860937,0.262444218143,0.264040300853,0.266556264678,0.266811752572,0.268156052889,0.26980315125
0.04,0.256343556481,0.265589932016,0.266394422895,0.265589932016,0.266394422895,0.256787921097,0.256094656802,0.256336644784,0.257611272259,0.259176542288,0.265661672292,0.265917302825,0.267262128541,0.268910066706
0.041,0.251652857199,0.264871564179,0.265676656125,0.264871564179,0.265676656125,0.252086370171,0.251409993728,0.251645989564,0.252890631152,0.254422127844,0.264943615073,0.265199358361,0.266544595671,0.268193194523
0.042,0.247067915393,0.264295136063,0.265100707656,0.264295136063,0.265100707656,0.247490202732,0.246831520009,0.247061437808,0.248274443452,0.249763010728,0.264367435837,0.264623268784,0.26596883226,0.267617955558
0.043,0.242582419268,0.263832797032,0.264638757935,0.263832797032,0.264638757935,0.242993372804,0.242352784191,0.242576292659,0.243757093867,0.245208184589,0.263905296971,0.264161203207,0.265507035945,0.267156590551
0.044,0.238190282897,0.263461437819,0.264267694258,0.263461437819,0.264267694258,0.238589563523,0.237967203703,0.238184297272,0.239332052342,0.240751493311,0.263534096346,0.263790056574,0.265136077466,0.266785941275
0.045,0.233887847646,0.263163714591,0.263970217697,0.263163714591,0.263970217697,0.234275155482,0.233671261258,0.23388198057,0.234996338592,0.236371052587,0.263236501489,0.263492507739,0.264838695436,0.266488828761
0.046,0.229670718841,0.262924770688,0.263731468633,0.262924770688,0.263731468633,0.230045781221,0.229460655562,0.229664924541,0.230745079705,0.232071827948,0.262997660222,0.263253702495,0.264600019384,0.266250362203
0.047,0.225535203796,0.262733070746,0.263539926409,0.262733070746,0.263539926409,0.22589781957,0.225332206785,0.225530096473,0.226576168947,0.227869354574,0.262806042738,0.263062114408,0.264408537244,0.266059051188
0.048,0.221478555142,0.262579034699,0.263386004348,0.262579034699,0.263386004348,0.221828752712,0.221282676945,0.221474140838,0.222485675674,0.22374340227,0.262652071296,0.262908162834,0.26425464998,0.265905275
0.049,0.217498812187,0.262455433485,0.263262494151,0.262455433485,0.263262494151,0.217836856683,0.217309858852,0.217495013072,0.218472032469,0.219678846314,0.262528521862,0.262784629204,0.264131167565,0.26578188108
0.05,0.213593295066,0.262356252978,0.2631633861,0.262356252978,0.2631633861,0.213919861061,0.213411384672,0.21358972774,0.214533332538,0.215695577298,0.262429382821,0.262685502603,0.264032081038,0.265682864326
0.051,0.209760435586,0.257382932761,0.258136105357,0.257382932761,0.258136105357,0.210075270594,0.209585242086,0.209756792858,0.21066701366,0.211799666275,0.257443396292,0.257683730366,0.258978783592,0.260597010328
0.052,0.205997585231,0.252562454167,0.253266082276,0.252562454167,0.253266082276,0.206300715196,0.205829273656,0.205994143644,0.206871142837,0.207964433409,0.252610837245,0.252837861439,0.254060150517,0.255574186336
0.053,0.202304033662,0.247878172109,0.248533386804,0.247878172109,0.248533386804,0.202594530155,0.202142313843,0.202300519967,0.203144764991,0.204186085294,0.247914598901,0.248130043679,0.24926706668,0.250660109752
0.054,0.198677878248,0.243316439645,0.243924740064,0.243316439645,0.243924740064,0.19895609196,0.198522643504,0.198674477919,0.199486744597,0.200490241859,0.243341526984,0.24354619549,0.244637602564,0.245999581615
0.055,0.195117225864,0.238866002521,0.239428642364,0.238866002521,0.239428642364,0.195384301788,0.194968525266,0.195113921049,0.195894373822,0.196871740925,0.238880734124,0.239071990907,0.240082609322,0.241381035538
0.056,0.191621442653,0.234518613036,0.235036270402,0.234518613036,0.235036270402,0.191877413856,0.191478892562,0.191618154464,0.192368020091,0.193303253879,0.234523844739,0.234704272198,0.235678979613,0.23681458133
0.057,0.188188450851,0.230266856841,0.230742674567,0.230266856841,0.230742674567,0.188433305824,0.188052206382,0.188185321918,0.188904188438,0.189790534007,0.230263333045,0.230434950666,0.231340009267,0.23249520267
0.058,0.184817821364,0.226105298708,0.226547963607,0.226105298708,0.226547963607,0.185051133344,0.184687402721,0.184814607778,0.185503546349,0.186358924089,0.226093622193,0.22625184075,0.227121515842,0.2282106991
0.059,0.181507390671,0.222028963572,0.222439355553,0.222028963572,0.222439355553,0.181729957834,0.181383171253,0.181504528683,0.182163565087,0.182995061851,0.222008259015,0.222161001585,0.22296812985,0.223960758097
0.06,0.178256194756,0.218033841468,0.21841284727,0.218033841468,0.21841284727,0.178469279032,0.178138211623,0.178253863607,0.178884293353,0.179674237384,0.218006275656,0.218147995841,0.218920870306,0.21985789387
0.061,0.175063303163,0.214116453221,0.214463552172,0.214116453221,0.214463552172,0.175267052657,0.174951374621,0.175061532889,0.175663229637,0.176408899996,0.214081215733,0.214217262816,0.214934274011,0.215862322829
0.062,0.171927901654,0.210274555356,0.210589978675,0.210274555356,0.210589978675,0.172122301471,0.171822022565,0.171926748542,0.172501374903,0.173220995223,0.210233498742,0.210360375868,0.211046393875,0.211899964532
0.063,0.168848700314,0.206505134367,0.20678926514,0.206505134367,0.20678926514,0.16903358036,0.168748720558,0.168848224559,0.169395657156,0.170092341136,0.206457480325,0.206578294253,0.207211990685,0.207970552144
0.064,0.165824970331,0.202806235185,0.203063928916,0.202806235185,0.203063928916,0.166000510241,0.165730541024,0.165824920463,0.166346628883,0.167003096055,0.202753592824,0.202864187962,0.203474120783,0.204224552657
0.065,0.162855249981,0.199175779902,0.199411531124,0.199175779902,0.199411531124,0.163022615484,0.162766450578,0.162855842867,0.163351959556,0.16396876071,0.199117404468,0.19922316378,0.199780410569,0.200518481427
0.066,0.15993874767,0.195611969272,0.195824637866,0.195611969272,0.195824637866,0.160097999793,0.159855337226,0.159939897633,0.160411479492,0.161006104066,0.195549282236,0.195646210902,0.196185020031,0.196844756848
0.067,0.157074394535,0.192112968491,0.192301478958,0.192112968491,0.192301478958,0.15722472589,0.156996114876,0.157075905046,0.15752314744,0.158095980409,0.192045257083,0.192137067483,0.192625021485,0.193230274895
0.068,0.154261160772,0.188677564186,0.188841150988,0.188677564186,0.188841150988,0.154402586382,0.154187829918,0.154263308658,0.154686615298,0.155222462665,0.188606103873,0.188690838982,0.189164431824,0.189755149946
0.069,0.151498407295,0.185304435526,0.185445680729,0.185304435526,0.185445680729,0.151631600857,0.151429697111,0.151501011905,0.15190149567,0.152402717135,0.185228545856,0.185307379794,0.185735303008,0.186312001074
0.07,0.148784471748,0.181991315117,0.182115637128,0.181991315117,0.182115637128,0.148910040164,0.148720048668,0.148787490079,0.149164974861,0.14964850786,0.181912148005,0.181985404827,0.182399318868,0.182899708502
0.071,0.146120027383,0.17873909982,0.178845419152,0.17873909982,0.178845419152,0.146238021073,0.146059864529,0.146123536607,0.146479503749,0.146942270036,0.178656011294,0.178722720068,0.179098959229,0.179567241036
0.072,0.143502916632,0.175544892371,0.175632241476,0.175544892371,0.175632241476,0.143612953596,0.143446829059,0.143506901854,0.143841118474,0.144269604842,0.175458941066,0.17552139381,0.175878986676,0.176335143146
0.073,0.140933439354,0.172408779965,0.172476379164,0.172408779965,0.172476379164,0.141035771162,0.140881157634,0.140937708951,0.141251555179,0.141649195201,0.172319344501,0.172376088523,0.172702817167,0.173134981088
0.074,0.138409493,0.169328560942,0.169378383306,0.169328560942,0.169378383306,0.138505236064,0.138361098585,0.138413888948,0.13870759666,0.139090483293,0.169236622696,0.16928888488,0.169594465403,0.169965296346
0.075,0.135930527528,0.166303259385,0.166339810584,0.166303259385,0.166339810584,0.136019729179,0.13588586413,0.135935034155,0.136209999065,0.136573969985,0.166208212906,0.166255957687,0.166536115653,0.166882845542
0.076,0.133496052077,0.163332113615,0.163354352225,0.163332113615,0.163354352225,0.133578168105,0.133454856805,0.133500418281,0.133756598647,0.134089065134,0.163234874806,0.163277484826,0.163534776578,0.163876891341
0.077,0.131104751666,0.160413844162,0.160420822592,0.160413844162,0.160420822592,0.131180007408,0.131067054553,0.131109039726,0.131347181663,0.131651797521,0.160313830792,0.160352998963,0.160589705025,0.160900402734
0.078,0.128756306181,0.157547782687,0.157537733628,0.157547782687,0.157537733628,0.128825588061,0.128721993316,0.128760613128,0.128981151537,0.129272679084,0.157445852715,0.157479318364,0.157690700872,0.157953435553
0.079,0.12645031484,0.154733310175,0.154709730719,0.154733310175,0.154709730719,0.126513841463,0.126419191412,0.126454463791,0.126657728483,0.126933572126,0.154628808296,0.154659906755,0.154855603115,0.155097001039
0.08,0.124185146057,0.151968782696,0.15193398866,0.151968782696,0.15193398866,0.124242725239,0.124157222994,0.124189206627,0.124376206618,0.124623539014,0.151862169464,0.151888659288,0.152054734764,0.152301504544
0.081,0.121960197857,0.149253241074,0.149205689489,0.149253241074,0.149205689489,0.12201166798,0.121935339007,0.121964274496,0.122134707116,0.122356984466,0.14914436902,0.149168172999,0.149324714092,0.149533787899
0.082,0.119775747102,0.146586889036,0.146525209544,0.146586889036,0.146525209544,0.119821570391,0.119753755707,0.119779699216,0.119934634158,0.120145095136,0.146475626372,0.146496308552,0.146622815518,0.146794736895
0.083,0.117629697025,0.143967822079,0.143892585889,0.143967822079,0.143892585889,0.117670671335,0.117610915529,0.117633851993,0.117773329552,0.117970864846,0.143854353725,0.143871928162,0.14399153798,0.144143233633
0.084,0.115521772783,0.141395339851,0.141311403065,0.141395339851,0.141311403065,0.115557634754,0.115506222922,0.115526376998,0.115651399214,0.115823637902,0.141280028631,0.141295026331,0.141390019942,0.14154411795
0.085,0.113452441056,0.138869544727,0.138775477349,0.138869544727,0.138775477349,0.113482669731,0.113439775249,0.113457218606,0.113567819906,0.113717080543,0.13875243227,0.138763353081,0.138848340892,0.138972429309
0.086,0.111420317522,0.136389167963,0.136283637936,0.136389167963,0.136283637936,0.111445813933,0.111410524024,0.111425291126,0.111521990028,0.111660712998,0.136270185245,0.136279037431,0.136344981548,0.136427289938
0.087,0.109424781188,0.133953437938,0.133835243418,0.133953437938,0.133835243418,0.10944614151,0.109417884676,0.109430163107,0.109513567733,0.109641541564,0.133832658169,0.133838714808,0.133890081734,0.133967303625
0.088,0.107463556044,0.132589687428,0.132468505747,0.131559599376,0.131434038965,0.107480339978,0.10745953588,0.107469321441,0.107539247701,0.107645871246,0.131437319734,0.131439517761,0.131478679677,0.131550712999
0.089,0.105537923496,0.132315592331,0.132191657719,0.129208815269,0.129075318705,0.105549776866,0.105536434969,0.105543774003,0.105601367014,0.105686174546,0.129085205793,0.129085334108,0.129103898443,0.129159373798
0.09,0.103646963075,0.132095709117,0.131969568313,0.126900323892,0.126757612925,0.103654823072,0.10364798734,0.103653088071,0.10369783678,0.10377319036,0.126775326143,0.126772782967,0.126783857318,0.126792927447
0.091,0.101790424653,0.131919870434,0.131791975767,0.124633818486,0.124480723636,0.10179467375,0.101793953127,0.101796858124,0.10182997359,0.101897102247,0.124507401649,0.124501583292,0.124489603429,0.124506360306
0.092,0.09996696477,0.131778569479,0.1316492614,0.122407633578,0.122246827842,0.0999671637957,0.0999729701917,0.0999736626512,0.099995216379,0.100044185,0.122279993436,0.122272538503,0.122257351721,0.122261782565
0.093,0.0981759947772,0.131664645152,0.131534190608,0.120220777468,0.120053965309,0.0981719263837,0.0981841912862,0.0981828579064,0.0981932273499,0.0982215471656,0.12009218694,0.120082185717,0.120047644978,0.120039999923
0.094,0.0964169186454,0.131572922698,0.131441539727,0.118072856891,0.117898398799,0.0964094846843,0.0964272837419,0.0964239691721,0.0964235013126,0.0964421203479,0.117943310534,0.117930159928,0.117890305625,0.117840984058
0.095,0.0946900502689,0.131500163237,0.131368056936,0.115964219132,0.115780357917,0.0946794746331,0.0947025689307,0.0946973014214,0.0946862573626,0.094699390178,0.115833661367,0.115819145757,0.115764568536,0.115713392521
0.096,0.0929939535444,0.131441621343,0.131308931595,0.113893089584,0.113702465826,0.0929794668359,0.0930085983962,0.0930015298128,0.0929804326288,0.0929787377254,0.113761568222,0.113745032699,0.113679918449,0.113628428428
0.097,0.0913274976058,0.131393359106,0.131260169002,0.111857871488,0.111662132343,0.091309177478,0.0913440327462,0.0913351586089,0.091303791079,0.0912831855784,0.111725624562,0.111706236743,0.111632815957,0.111563961945
0.098,0.0896914501683,0.131355228039,0.131221651321,0.109859745041,0.10965725146,0.0896701123658,0.0897098437588,0.0896992028198,0.0896585460764,0.0896278373183,0.109726904894,0.109706158886,0.109615804066,0.109521664759
0.099,0.0880846851042,0.131324607135,0.131190719971,0.107897372852,0.107686603645,0.0880600626844,0.0881049391167,0.0880924675654,0.0880427282871,0.0880076623115,0.107763877483,0.10774125662,0.107647263308,0.107538823814
0.1,0.0865058818491,0.13129880009,0.131164636341,0.105969123685,0.105753497,0.0864776950669,0.086527956399,0.0865136585415,0.0864553234665,0.086409629869,0.105834931437,0.105809911623,0.105698050793,0.105601357472
0.101,0.0849561539467,0.128773335832,0.128621657945,0.104076270284,0.103856354274,0.0849252639205,0.0849800128139,0.0849638878432,0.0848971969218,0.0848344257519,0.103941533072,0.103915492878,0.103801842758,0.103685148213
0.102,0.0834330340826,0.126331854723,0.126162767986,0.102215999107,0.101990225205,0.0833997017744,0.0834587196677,0.0834408139449,0.0833658702928,0.0832919005686,0.102080934685,0.102053092971,0.101926363845,0.101787461663
0.103,0.0819371242586,0.123965369783,0.123779369806,0.101460519446,0.101232152152,0.0819009038376,0.0819646620281,0.0819450928801,0.0818622121387,0.081784064614,0.101324865038,0.101295712962,0.101160303279,0.101011690444
0.104,0.080468631118,0.121666367997,0.121463918461,0.101256343046,0.101026235764,0.0804298425773,0.0804979424787,0.0804767955581,0.0803861100406,0.0803019914406,0.101120273374,0.10109065573,0.100952700226,0.100800923761
0.105,0.079027259526,0.119428496459,0.119209775298,0.101093376453,0.100861892609,0.0789865838985,0.0790583102869,0.0790356012187,0.0789378995746,0.0788395082056,0.100956976414,0.100926990789,0.100787022691,0.100632745419
0.106,0.0776103629804,0.117243147457,0.117013576411,0.100960883091,0.100728257969,0.0775673879335,0.0776430340226,0.0776187915552,0.0775141168879,0.0774025886817,0.100824212843,0.100793921319,0.100652281049,0.100495926173
0.107,0.076219947428,0.115109665233,0.114869745756,0.100855549567,0.100622029306,0.0761740935207,0.0762540683067,0.0762284127715,0.0761167884919,0.0760005663191,0.100718665304,0.100688134565,0.100545184864,0.100387203557
0.108,0.0748545216123,0.113023294677,0.112772753875,0.100771161503,0.10053692647,0.0748066880667,0.0748900852817,0.0748630911434,0.0747449649531,0.0746259401324,0.100634106081,0.100603384447,0.100459390411,0.100300109326
0.109,0.0735140876189,0.110981903838,0.110720870431,0.100704241697,0.100469448391,0.0734642855623,0.0735510720476,0.0735228014466,0.0733980321731,0.0732691375648,0.100567050874,0.100536180599,0.100391371154,0.100231078045
0.11,0.0721953270447,0.108978846555,0.108706172525,0.100647544871,0.100412242107,0.0721429660085,0.0722335281735,0.0722041519479,0.0720733144127,0.0719306595408,0.100510237178,0.100479229446,0.100333669583,0.100172444662
0.111,0.0709011029861,0.107017004669,0.106734069904,0.100602785146,0.100367089145,0.0708468959526,0.0709404155057,0.0709100672348,0.0707734382865,0.070624463038,0.100465385789,0.100434272264,0.100288134596,0.100126191381
0.112,0.0696299435133,0.105093091062,0.104804791697,0.100566326911,0.100330305327,0.0695740512357,0.0696702286312,0.0696389643008,0.0694965982931,0.0693460883474,0.100428852636,0.100397651402,0.100251033932,0.10008849576
0.113,0.0683827588763,0.103207731603,0.102912695526,0.100538423688,0.100302168354,0.0683245637595,0.0684239310089,0.0683917794464,0.0682439315927,0.0680881001028,0.100400893027,0.100369629428,0.100222670685,0.10005970817
0.114,0.0671565237545,0.10135603498,0.101053152625,0.100514152054,0.10027767264,0.0670965264675,0.0671986119027,0.067165602252,0.0670121966761,0.0668450715709,0.100376571373,0.10034524704,0.100197955976,0.100034583655
0.115,0.0659525891752,0.0995395050196,0.0992277309503,0.100494907528,0.10025825244,0.0658913472099,0.065995622824,0.0659618261818,0.0658032668354,0.0656269771769,0.100357287252,0.100325915266,0.100178364344,0.100014671262
0.116,0.0647704258286,0.0977570668225,0.0974425566577,0.100479716204,0.100242925747,0.0647074478334,0.0648144892675,0.064779956427,0.0646166021034,0.0644379305569,0.10034206497,0.100310656247,0.100162905572,0.0999989646886
0.117,0.0636095266594,0.0960075259556,0.0956884497354,0.100467549162,0.100230650489,0.0635449161692,0.0636546000011,0.0636192325288,0.0634513683274,0.06327133154,0.100329873133,0.100298435518,0.100150526054,0.0999863857468
0.118,0.0624697379878,0.0942903690643,0.093965209443,0.100458139582,0.100221160397,0.0624041009547,0.062515760569,0.0624795063334,0.0623071883943,0.0621194603621,0.100320444467,0.100288985433,0.100140957888,0.0999766720567
0.119,0.0613499484591,0.0926037236749,0.0922731024065,0.100449815913,0.100212759392,0.0612826138591,0.061396821682,0.0613597298802,0.0611830626012,0.0609849663867,0.10031210379,0.100280623799,0.10013248123,0.0999680517214
0.12,0.0602491952239,0.0909461303264,0.0906139803872,0.0999616785159,0.0997246768778,0.0601803404612,0.0602968799716,0.0602589844101,0.0600782426768,0.0598756594315,0.0998235520246,0.0997922207778,0.0996447743857,0.0994811143941
0.121,0.0591700597497,0.0893212390269,0.0889856311866,0.0980087229737,0.097759625689,0.0591003213076,0.0592185048122,0.0591798653808,0.0589954018853,0.0587925236053,0.0978678841866,0.0978328675818,0.0976666221967,0.097506748325
0.122,0.0581099725798,0.087725219431,0.0873841956809,0.0961279293954,0.0958672009095,0.0580387917615,0.0581591496212,0.0581197833279,0.0579318421848,0.0577262328755,0.0959853353131,0.0959462852993,0.0957686242305,0.0955643079565
0.123,0.0570679225802,0.0861565739912,0.0858135750465,0.0943085336789,0.0940365722265,0.0569955123714,0.0571178418704,0.0570777683197,0.0568859329827,0.0566722919957,0.094163449988,0.094121337471,0.0939175724634,0.0936984678773
0.124,0.0560444564462,0.0846159602386,0.0842715058215,0.0925441816665,0.0922615484554,0.0559713782486,0.0560950683671,0.0560543207637,0.0558590230348,0.0556374463685,0.0923970774694,0.0923521935734,0.0921437816877,0.091918208392
0.125,0.0550379030156,0.0831009167582,0.0827531344842,0.0908266917226,0.0905338949583,0.0549633621918,0.0550891867637,0.0550478167657,0.054849385725,0.0546258679489,0.0906780533036,0.090631134661,0.0904002939991,0.0901543607323
0.126,0.054051481079,0.0816160893668,0.0812646114106,0.0891568868325,0.0888540593341,0.0539758160001,0.0541033897273,0.0540614542002,0.0538599584548,0.0536370950823,0.0890068247041,0.0889559615737,0.0887204847598,0.0884255456625
0.127,0.0530825201431,0.0801575500678,0.0798063658364,0.0875271682365,0.0872140660165,0.0530061791614,0.053135022396,0.0530925571977,0.0528880874942,0.0526613138671,0.0873755355258,0.0873241911955,0.0870679150339,0.0867971755963
0.128,0.0521304880619,0.0787246379566,0.0783719735798,0.0859342530131,0.0856163756386,0.0520529270123,0.0521836557788,0.052140668703,0.0519330056977,0.0516986471354,0.085781866403,0.0857269594514,0.0854683647448,0.0851817769057
0.129,0.051196034207,0.0773181270277,0.0769623809388,0.0843769998587,0.0840541267862,0.0511177923164,0.051249829,0.051206345568,0.0509961018894,0.0507561013439,0.0842236851435,0.0841677306748,0.083887328533,0.0835805463472
0.13,0.0502768077813,0.0759345617277,0.0755784281243,0.0828500952613,0.0825208795685,0.0501980386288,0.0503312068437,0.0502872552031,0.0500745775466,0.0498344974251,0.082695795732,0.0826382811269,0.0823592342768,0.0820188123336
0.131,0.0493752252794,0.0745774501628,0.0742210155082,0.0813561743449,0.0810198907536,0.0492954270728,0.0494301858045,0.0493857830515,0.0491704809429,0.0489313430954,0.0812013849817,0.0811412639446,0.0808451385879,0.0805271794907
0.132,0.0484891422054,0.0732436406034,0.0728848815458,0.0798908691615,0.0795500703325,0.048408915536,0.0485446349226,0.0484997293885,0.048282012491,0.0480387356511,0.0797356290686,0.0796749526457,0.0793782444578,0.0790463097504
0.133,0.047619506665,0.0719344972438,0.0715747530052,0.0784549490981,0.0781118858758,0.0475385274074,0.0476754936512,0.0476300775461,0.0474103598759,0.0471599722412,0.0782992810965,0.0782372740725,0.0779303862455,0.0775784332761
0.134,0.0467638635992,0.0706464300731,0.0702873074344,0.0770439398985,0.0766970415286,0.0466818882193,0.0468203227863,0.0467744040015,0.0465527486146,0.0462984918735,0.0768879516312,0.0768243393567,0.0765124551258,0.0761367390562
0.135,0.0459243952001,0.069382605759,0.069022191669,0.0756608636638,0.0753080026798,0.045842204513,0.0459812086448,0.0459348983324,0.0457113739039,0.0454582924251,0.0755049922905,0.0754407452188,0.0751245275714,0.0747610248287
0.136,0.0451003265867,0.0681418943649,0.0677799800968,0.074304151536,0.0739504739883,0.045017272255,0.045157441266,0.0451107971148,0.0448852262047,0.0446332406891,0.0741485163449,0.0740830722937,0.0737541030705,0.0733976059922
0.137,0.0442909449981,0.0669232368885,0.066562805658,0.0729723877057,0.0726171664347,0.0442073689186,0.0443483141495,0.0443013858624,0.0440742002591,0.0438183028504,0.0728169584701,0.0727500195709,0.072424517937,0.0720458407196
0.138,0.0434968232398,0.066242389368,0.0658793900963,0.0716663923499,0.0713079473194,0.0434131324692,0.0435544787336,0.043507321264,0.0432787931171,0.0430164989355,0.0715111598685,0.0714430785953,0.0711078662115,0.0707073669834
0.139,0.0427165263733,0.06610538689,0.0657413998304,0.0703836589576,0.070022860682,0.0426320271259,0.0427744924987,0.0427271366263,0.0424967950047,0.0422321346515,0.0702287932073,0.0701604989534,0.0698243893466,0.0694343693719
0.14,0.0419503984509,0.0659955368121,0.0656307587329,0.0691245297409,0.0687638557468,0.0418658582562,0.0420086473497,0.0419611065835,0.0417293188121,0.041466431806,0.0689700251333,0.0689011849515,0.0685618212334,0.0681766774482
0.141,0.0411976656275,0.0659067243596,0.0655413029317,0.06788765803,0.0675249815651,0.0411126189312,0.0412561677138,0.0412084764524,0.0409755633189,0.0407137500468,0.0677335169728,0.0676638222032,0.0673174952105,0.0669300023254
0.142,0.0404590188253,0.0658361311641,0.0654702028103,0.0666740581687,0.0663089094093,0.0403735546309,0.0405177435064,0.040469919538,0.040235646387,0.0399709319209,0.0665203211765,0.0664499777397,0.0661065398265,0.0656959264112
0.143,0.0397342239224,0.065780406318,0.0654140814959,0.0654832995633,0.0651194818771,0.0396487953512,0.0397931444232,0.0397451835379,0.0395097107963,0.0392398881646,0.0653300251486,0.0652598911337,0.0649078969623,0.0644987188875
0.144,0.0390204022512,0.0657325372074,0.0653658560632,0.0643107221474,0.0639462072452,0.0389343627816,0.0390795009975,0.0390313395094,0.0387950099199,0.0385225030497,0.0641579615205,0.0640876397345,0.063737181584,0.063334566557
0.145,0.038319907203,0.0656944480622,0.0653274854938,0.0631600472832,0.0627929229427,0.0382339099336,0.0383791618783,0.0383307930016,0.0380935880087,0.0378229033986,0.0630078428437,0.062937001915,0.0625848526843,0.062182583118
0.146,0.0376328658472,0.0656650207185,0.0652978460451,0.0620314438678,0.0616662916714,0.0375464258736,0.0376922397499,0.0376436889326,0.0374056215466,0.0371369890873,0.0618798518577,0.0618082644395,0.0614503416978,0.0610432947075
0.147,0.0369575724269,0.0656404565637,0.0652731016387,0.0609222389351,0.0605568222902,0.0368708488527,0.0370170954199,0.0369683770564,0.0367295559295,0.0364591309826,0.0607712990914,0.0606997119418,0.060345379772,0.0599142439773
0.148,0.0362938678287,0.065619666197,0.0652521539219,0.0598321440774,0.0594648148412,0.0362072757106,0.0363535715577,0.0363046977764,0.036065251438,0.0357905147198,0.0596818981148,0.0596103224597,0.0592504419385,0.0588362094803
0.149,0.0356415437406,0.0656016557478,0.0652340025952,0.058760760666,0.0583957183826,0.0355544785108,0.0357014177688,0.0356524175699,0.0354123357645,0.0351347396566,0.0586112468952,0.058539489413,0.0581806873321,0.0577706701116
0.15,0.0350015437328,0.065587729374,0.0652199707256,0.0577095664574,0.0573447453395,0.0349148167276,0.0350615757292,0.0350124676309,0.0347717466254,0.0344955981512,0.057560817529,0.05748872986,0.0571302786494,0.0567168778423
0.151,0.0343737874307,0.0643258494165,0.0639528165811,0.0566784128507,0.056312295186,0.0342866976721,0.0344339494849,0.034384761941,0.0341436026881,0.0338701110531,0.0565304634682,0.0564579089475,0.0560930006318,0.0556749280693
0.152,0.0337572076798,0.0631065576598,0.0627296419838,0.0556655701162,0.0553020381106,0.0336701829561,0.0338174759817,0.0337682250506,0.0335266991485,0.0332531149712,0.0555184456589,0.0554456262691,0.0550863700089,0.0546546392491
0.153,0.0331505228407,0.0619226064757,0.0615426409397,0.0546689794484,0.0543057195757,0.0330634529948,0.0332108845428,0.0331615884299,0.0329195714793,0.0326429124664,0.0545227054563,0.0544501374969,0.0540879542037,0.0536702923218
0.154,0.032555778397,0.0607738712262,0.0603912002478,0.0536918940579,0.053328114215,0.0324685213393,0.0326161513751,0.0325668118471,0.0323245664386,0.0320443723566,0.0535464948877,0.0534740506779,0.0531108774941,0.0526978075952
0.155,0.0319706397054,0.059653216876,0.0592676662238,0.0527306253843,0.0523692672749,0.0318836877105,0.0320310176262,0.0319816447457,0.0317392723065,0.0314595486428,0.0525861234517,0.052513648327,0.0521529566068,0.0517335240793
0.156,0.0313964693121,0.0585608935952,0.0581712604636,0.0517874193561,0.0514262650993,0.0313092612631,0.0314568765552,0.0314075055566,0.0311649717246,0.0308881517459,0.0516438343824,0.0515711896833,0.0512056420533,0.0507799808103
0.157,0.030832521595,0.0574936251754,0.0571000347536,0.0508609534647,0.0505004015569,0.0307457378933,0.0308929442801,0.0308435843371,0.0306009312221,0.0303259891298,0.0507183028577,0.0506453809586,0.0502839186523,0.0498553301695
0.158,0.0302780902797,0.0564486952529,0.0560555635238,0.0499500445286,0.0495917060628,0.0301910573992,0.0303384850106,0.0302891488025,0.0300465125427,0.0297699529625,0.0498083432784,0.0497355600158,0.0493742026284,0.048955402094
0.159,0.0297345368155,0.0554275554319,0.0550329627449,0.0490569241071,0.0486987350396,0.0296478081043,0.0297948768276,0.0297455941514,0.0295030475587,0.029223198019,0.0489161879105,0.0488436425332,0.0484776222676,0.048066382646
0.16,0.029201091692,0.0544279618338,0.0540298314763,0.0481803419588,0.0478237531756,0.0291143592315,0.0292613727804,0.0292121471175,0.028969534037,0.0286886832841,0.0480405866567,0.0479681408952,0.0476074161529,0.0471871322244
0.161,0.0286764248606,0.0534468273027,0.0530497646635,0.0473181356179,0.0469633051981,0.0285898303001,0.028736617939,0.0286874667378,0.0284450129341,0.028166179376,0.0471793766266,0.0471069465694,0.0467448288058,0.0463155804542
0.162,0.028160527186,0.0524836464233,0.0520869231694,0.0465567481711,0.046201326012,0.0280740513603,0.0282206072643,0.0281715477026,0.0279293848939,0.0276533883582,0.0464187943564,0.046346382945,0.0459829096168,0.0455590557556
0.163,0.027654093921,0.0515394252456,0.0511405786664,0.0464499419981,0.0460938962883,0.0275676463013,0.0277141278497,0.0276651052685,0.0274228829076,0.0271480056291,0.0463118841032,0.0462393064593,0.0458749237416,0.0454499468768
0.164,0.0271583481685,0.0506160253539,0.0502186612784,0.0463664926754,0.0460099671173,0.027072317989,0.0272183532019,0.0271693648204,0.0269275402076,0.0266507676883,0.0462283522849,0.0461556477018,0.0457905700917,0.0453647348566
0.165,0.0266708121484,0.049708651423,0.049312311663,0.0462984878417,0.0459415664696,0.0265847900068,0.0267307817545,0.0266818368021,0.0264406805194,0.0261609157005,0.0461602806511,0.0460874711418,0.0457218188261,0.0452952739599
0.166,0.0261914357585,0.0488170297937,0.0484191627069,0.0462427873777,0.0458855392693,0.0261059541059,0.0262513793266,0.0262024711684,0.0259613205193,0.0256823146756,0.0461045263676,0.0460316293762,0.0456655001788,0.0452383663053
0.167,0.0257210913523,0.0479424950508,0.0475473294114,0.0461984128495,0.0458409062179,0.0256354730892,0.0257809450201,0.0257321089491,0.0254914857591,0.0252151872282,0.0460601091855,0.045987142961,0.0456206372311,0.0451930395812
0.168,0.0252596822727,0.0470848178753,0.0466908226731,0.0461634517404,0.045805743205,0.0251745898423,0.0253194125098,0.0252706620453,0.0250308212342,0.0247571003555,0.0460251138993,0.0459520939413,0.0455852951252,0.0451573350978
0.169,0.0248064932593,0.0462426155657,0.0458480206772,0.0461352414575,0.0457773690677,0.0247212945546,0.0248660630716,0.0248174282062,0.0245776973681,0.024304812141,0.0459968759452,0.0459238126874,0.0455567764051,0.0451285227323
0.17,0.0243620442298,0.0454168916284,0.0450255828848,0.0461137818581,0.0457557884399,0.0242774268743,0.0244214594031,0.024373002357,0.0241338585138,0.0238592936623,0.0459753945546,0.0459022996583,0.0455350908236,0.0451066232859
0.171,0.0239246332037,0.0446044710746,0.0442138503886,0.0460950992653,0.0457369957824,0.0238400058594,0.0239839290568,0.0239356384217,0.0236972132096,0.0234203842547,0.0459566941366,0.0458835696692,0.0455162006856,0.0450875337665
0.172,0.0234951166172,0.0438068372126,0.0434177102537,0.0460801104103,0.0457219193214,0.0234110937312,0.0235542905819,0.0235061529575,0.0232682482503,0.0229925030484,0.0459416909642,0.0458685429293,0.045501045908,0.0450722209892
0.173,0.0230726472734,0.043022326616,0.0426358904804,0.0460666514482,0.0457083793385,0.0229886818552,0.0231316864497,0.0230836832485,0.0228463674168,0.0225736881561,0.0459282201411,0.0458550496645,0.0454874295235,0.0450584537756
0.174,0.0226587420776,0.042253605979,0.0418671641819,0.0460572987797,0.0456989734491,0.0225753181214,0.0227175637389,0.0226697111129,0.0224330927093,0.0221633843836,0.0459188585934,0.0458456739447,0.0454779764616,0.0450489046818
0.175,0.0222519972086,0.0414981887528,0.0411151730671,0.0460492395268,0.0456908666633,0.0221685734582,0.0223106000191,0.022262897606,0.0220271847176,0.021758063398,0.0459107919512,0.0458375944392,0.0454698258538,0.0450406668469
0.176,0.021852905706,0.0407570135241,0.0403757022798,0.0459712186165,0.045613373125,0.021770013585,0.0219113023418,0.0218637602751,0.0216284722463,0.0213585315109,0.0458329602336,0.0457598756968,0.0453926707938,0.044964168359
0.177,0.021460191348,0.040027839934,0.0396478829522,0.0450804407191,0.0447195963739,0.0213774247723,0.0215184531893,0.0214710768214,0.0212366641409,0.0209648578668,0.0449419411732,0.0448681751662,0.0445027871178,0.0440830326547
0.178,0.02107447511,0.0393116779993,0.0389349688668,0.0442208810758,0.0438584975487,0.0209923653666,0.0211326202713,0.0210854122422,0.0208520248132,0.0205807348568,0.0440824084515,0.044008013671,0.0436340071808,0.0432149880668
0.179,0.0206959244278,0.0386086972296,0.0382327453633,0.0433889961856,0.0430260397513,0.0206138990574,0.0207538922315,0.0207068189851,0.0204740141871,0.0202057812785,0.0432503875524,0.0431751898685,0.0428027719511,0.0423588200242
0.18,0.0203242570148,0.0379184108883,0.0375458626626,0.0425813424162,0.0422173215173,0.0202428067702,0.0203820125503,0.0203350847222,0.0201031090185,0.0198380952689,0.0424429826075,0.042367275338,0.0419851107914,0.0415470229338
0.181,0.019959014815,0.0372400257426,0.0368694475095,0.0417947835605,0.041428903337,0.0198776123716,0.0200165432761,0.0199697846419,0.0197386852958,0.019475302147,0.0416564572301,0.0415805644649,0.0412025872612,0.040767284977
0.182,0.019599699634,0.0365727596049,0.0362039773695,0.0410267005663,0.0406581472217,0.019518963114,0.0196570478017,0.0196104720266,0.0193804051544,0.0191164016737,0.0408885258697,0.0408118900899,0.0404260461216,0.0399935223953
0.183,0.0192475846316,0.0359188871835,0.0355533160515,0.0402782952004,0.0399114043138,0.0191669933136,0.0193047515673,0.0192583865859,0.0190289659126,0.01876380609,0.0401404151565,0.040063392546,0.0396805665837,0.0392282961763
0.184,0.0189015841334,0.0352762367102,0.0349115186274,0.0395460822136,0.039178866913,0.0188216397878,0.018958515625,0.0189123671062,0.0186839439341,0.0184186465532,0.0394085608227,0.0393317019458,0.0389468389313,0.0384856843339
0.185,0.018561974021,0.0346453736365,0.0342845391748,0.038829883375,0.0384604829896,0.0184821341437,0.0186186364847,0.0185727187436,0.0183454639238,0.0180820822688,0.0386928446078,0.0386159280316,0.0382254694346,0.0377826112247
0.186,0.0182294498242,0.0340276395012,0.0336684398136,0.0381305719397,0.0377638369818,0.0181502658618,0.0182858571293,0.0182401323789,0.018013752747,0.0177539235073,0.0379941384323,0.0379170569877,0.0375315442534,0.0370872461406
0.187,0.0179013877141,0.0334182784824,0.033061838371,0.0374423273962,0.0370754157359,0.0178223837547,0.017957586834,0.0179120447606,0.0176865682722,0.0174295395998,0.0373065290518,0.0372291812082,0.0368400742084,0.0363943909747
0.188,0.0175788096645,0.0330761422091,0.0327196568435,0.0367667701091,0.0363999928627,0.0175004070435,0.0176347753397,0.0175894685111,0.0173649703972,0.0171085976276,0.0366316593058,0.0365540812746,0.036165469503,0.0357063586839
0.189,0.017262601373,0.0330068500598,0.0326500723296,0.0361053454993,0.0357408333504,0.0171844586457,0.0173183121054,0.0172732125929,0.0170500335545,0.0167927228388,0.0359709949292,0.0358932505309,0.0355078993218,0.0350447246881
0.19,0.0169517837436,0.0329504965961,0.0325934803821,0.0354559664839,0.0350908456111,0.0168741234774,0.0170072561235,0.016962364195,0.0167399596535,0.0164818845411,0.0353223843698,0.0352447298776,0.0348552217323,0.0344087237648
0.191,0.0166463831433,0.0329046746564,0.0325474654418,0.0348185310233,0.0344562222031,0.0165691760706,0.0167016700032,0.0166569940945,0.0164356188263,0.0161785455623,0.0346857183083,0.0346083508203,0.0342218536154,0.0337778762674
0.192,0.0163484485939,0.0328712479836,0.0325138970549,0.0341968623819,0.0338356401631,0.0162715878345,0.0164034794995,0.0163589875232,0.0161387323541,0.0158843401489,0.0340648469988,0.0339878464804,0.0336038894225,0.0331565037336
0.193,0.016054711092,0.0328424642969,0.0324849921019,0.0335842668483,0.0332242551297,0.0159783943555,0.0161094507848,0.0160651779217,0.0158461813869,0.0155949338471,0.033453157689,0.0333764745864,0.0329888574066,0.0325381412818
0.194,0.0157662886574,0.0328194773693,0.0324619083069,0.0329831219723,0.0326258471728,0.0156902084506,0.0158207962024,0.0157767702917,0.0155586219119,0.0153100630754,0.0328530239185,0.032776609884,0.0323932160468,0.0319339795801
0.195,0.0154829448658,0.0328007834281,0.0324431356697,0.0323927564061,0.0320354778573,0.0154075690954,0.015537203352,0.0154934232029,0.0152764200253,0.0150283488148,0.0322636883582,0.0321875764331,0.0318068342799,0.0313589615152
0.196,0.015203868998,0.0327838541936,0.0324261363038,0.0318113399239,0.0314578236892,0.0151286884314,0.0152578408341,0.0152142949416,0.0149984992639,0.0147499046898,0.0316832006288,0.0316074312483,0.0312239909898,0.0307874750699
0.197,0.0149304521273,0.0327711264627,0.0324133570609,0.0312417367094,0.030889215265,0.0148558848304,0.0149841249751,0.0149408135863,0.0147262347098,0.0144768302744,0.0311144718002,0.031039126775,0.0306602264032,0.0302226618654
0.198,0.0146617355999,0.0327604618387,0.0324026481844,0.0306821926604,0.030332587413,0.0145875060746,0.0147151843742,0.0146721219939,0.0144584856717,0.0142104512404,0.0305559680201,0.0304809206833,0.0301051535492,0.0296629413788
0.199,0.0143992967117,0.0327547897924,0.0323969503859,0.0301356291014,0.0297879459065,0.0143256121343,0.0144524943054,0.0144096787212,0.0141972070298,0.013951833164,0.0300104030881,0.0299357336875,0.0295582439715,0.0291115053173
0.2,0.0141405750005,0.03274825465,0.0323903886441,0.0295967332142,0.0292511174185,0.0140673385944,0.0141934648175,0.0141508528177,0.0139396927689,0.0136974932236,0.0294724393979,0.0293982557134,0.029024917501,0.0285844611394
0.201,0.0138860201584,0.0321170157383,0.0317599386214,0.0295135804898,0.0291675855058,0.0138131002628,0.0139386706654,0.0138962927328,0.0136863816285,0.0134467639251,0.0293892665268,0.0293150206867,0.0289413746591,0.0285004913579
0.202,0.0136363826218,0.0315078477189,0.0311515330018,0.0294621182931,0.0291158172192,0.0135641300603,0.013688763855,0.013646599707,0.0134377008793,0.0131992305771,0.0293377445859,0.0292634191901,0.0288893462651,0.0284478455547
0.203,0.013390694929,0.0309161655722,0.0305598273794,0.0294195372899,0.0290729884529,0.0133186229197,0.0134427866408,0.0134009008266,0.0131931385039,0.0129545845143,0.0292951172805,0.0292207266865,0.0288463032859,0.0284042983621
0.204,0.0131491373546,0.0303406586944,0.0299827999161,0.0293845427022,0.029037792979,0.0130777733243,0.0132009777778,0.0131593362321,0.0129528672159,0.0127136274365,0.029260086542,0.0291856422725,0.0288109328729,0.0283685168822
0.205,0.0129123790679,0.0297811094235,0.029424994974,0.0293569366587,0.0290100269457,0.0128413858005,0.0129639292689,0.0129225294322,0.0127174091634,0.0124786631979,0.0292324509489,0.0291579642295,0.0287830288937,0.0283402850507
0.206,0.0126797469788,0.0292348386947,0.0288797986754,0.0293341308955,0.028987091974,0.0126091225122,0.0127309773167,0.0126897998908,0.0124857083309,0.012249304874,0.0292096223121,0.0291351012382,0.0287599809468,0.0283169714995
0.207,0.0124512541929,0.0287012805817,0.0283446572463,0.0293155862971,0.0289684415183,0.0123812841166,0.0125022387694,0.012461345576,0.0122584061293,0.0120252286553,0.0291910593777,0.0291165099701,0.0287412365351,0.0282980093077
0.208,0.012227104204,0.0281799210925,0.0278267079729,0.0293008453815,0.0289536164743,0.0121573961472,0.0122777948681,0.0122371619739,0.0120354716282,0.0118052511975,0.0291763039362,0.0291017320225,0.0287263383107,0.0282829378842
0.209,0.0120071964275,0.0276700041474,0.0273170736047,0.0287929101217,0.0284478343464,0.0119381258987,0.0120575680482,0.0120171601918,0.0118169455754,0.0115883961272,0.0286687587571,0.0285945615527,0.0282247182396,0.0277894642332
0.21,0.0117903519348,0.0271687203987,0.0268174498957,0.0282552300407,0.0279103784337,0.0117216540174,0.0118404989695,0.0118003228552,0.0116011331378,0.0113732760092,0.0281316097242,0.0280574308584,0.0276844378608,0.0272578940493
0.211,0.011578660768,0.0266801440911,0.0263307380961,0.0277346593382,0.0273880212583,0.0115104231446,0.0116285174149,0.0115886032557,0.0113905393748,0.0111626865478,0.0276114933552,0.0275372145289,0.0271634881056,0.0267345613761
0.212,0.0113704518342,0.026200364191,0.0258516545354,0.0272262524117,0.0268823980297,0.0113027842226,0.0114199924697,0.0113803189774,0.0111835326076,0.0109553343239,0.0271036139673,0.0270291970122,0.02665858761,0.0262154652369
0.213,0.0111660146239,0.0257299765217,0.0253843395325,0.0267299479485,0.0263865082787,0.0110986448197,0.0112152838537,0.0111758601383,0.0109805471061,0.010753331965,0.0266078036714,0.0265333354596,0.0261582346446,0.0257145983613
0.214,0.0109649872904,0.0252677846989,0.0249222980106,0.0262439749932,0.025900924935,0.0108982744252,0.0110139426264,0.0109748061769,0.0107806160431,0.0105558185384,0.0261225706032,0.0260479663809,0.0256764836946,0.0252428039201
0.215,0.010766864074,0.0248126937624,0.0244711051115,0.0257667867765,0.0254260049741,0.0107005118293,0.0108155281447,0.0107766247691,0.0105835416387,0.0103620710791,0.0256461656175,0.0255715938195,0.0252024094626,0.0247731709518
0.216,0.0105731288795,0.0243679323296,0.0240266907981,0.0253014201165,0.0249598953168,0.0105071940287,0.0106215068707,0.0105828431958,0.0103910425459,0.0101724158632,0.0251814600779,0.025107161286,0.0247341267709,0.0243093357294
0.217,0.0103824697943,0.0239303554909,0.0235931423009,0.0248443614207,0.0245065252212,0.0103171566995,0.0104305245861,0.0103921403535,0.0102016444403,0.00998478070032,0.0247250351451,0.0246511358706,0.0242821147233,0.0238482401014
0.218,0.0101955492445,0.0235016440981,0.0231653160294,0.0243971651307,0.0240594515746,0.0101305125748,0.0102433474719,0.0102052209521,0.010016132393,0.00979972335011,0.0242787671021,0.0242050499223,0.0238391070619,0.0233919005894
0.219,0.0100111874616,0.0230788020209,0.0227462520365,0.0239565721798,0.0236220428022,0.00994672972156,0.0100586801147,0.010020774422,0.00983280357014,0.00961662719036,0.0238390204418,0.0237656600541,0.0233976870784,0.0229657815373
0.22,0.00983062747956,0.0226648003017,0.0223335585282,0.0235255530678,0.0231919897676,0.00976667949344,0.00987783834019,0.00984018324852,0.00965335111457,0.00943707456828,0.0234087893869,0.0233359285083,0.0229702844306,0.0225469387515
0.221,0.00965393301814,0.0222597075022,0.0219321026093,0.0231040882244,0.0227733656256,0.00959027167569,0.00970085389357,0.00966346262209,0.0094779188978,0.00926254992542,0.0229883446784,0.02291583968,0.0225545168893,0.022133153804
0.222,0.00947940044029,0.021859557501,0.0215334290159,0.0226879926016,0.0223588134205,0.00941638964146,0.00952598902992,0.00948884974674,0.00930472519589,0.00909122457175,0.0225730669716,0.0225011786684,0.0221398316775,0.0217204821266
0.223,0.00930947728591,0.0214700866759,0.0211475933332,0.022283166052,0.0219566998088,0.00924686358756,0.00935579382416,0.00931892643093,0.00913604796206,0.00892549007744,0.022169197399,0.0220977900776,0.0217362067034,0.0213150863114
0.224,0.00914148934598,0.0210849889165,0.0207641260403,0.0218830217461,0.0215585210875,0.00907923229343,0.00918748980393,0.00915088062374,0.00896912823719,0.00876155757236,0.0217699912532,0.0216990951364,0.021343257834,0.0209108202574
0.225,0.00897621616098,0.0207062398664,0.0203890317616,0.0214895782295,0.0211677517011,0.00891464806942,0.00902195376162,0.00898556599867,0.00880505234333,0.00859988990348,0.0213774839836,0.0213071027751,0.0209532583196,0.0205325270859
0.226,0.00881460136711,0.0203357381203,0.0200200651331,0.021104780672,0.0207850579584,0.00875331807709,0.00886003107422,0.00882392070979,0.00864463783507,0.0084406804579,0.0209937224411,0.0209237597511,0.0205683289289,0.020160359903
0.227,0.00865593311454,0.0199720150479,0.0196601290348,0.020727085516,0.0204101365904,0.00859510626305,0.00870106762238,0.00866519678747,0.00848738794935,0.00828368503685,0.0206169449184,0.0205474902553,0.0201976020224,0.0197918352304
0.228,0.00850023234067,0.0196150945285,0.0193046076346,0.0203565023464,0.0200416463498,0.00844001389787,0.00854506963048,0.00850942633576,0.00833282678766,0.00812923434725,0.0202474561642,0.0201782612251,0.0198323249347,0.0194271100663
0.229,0.00834692312183,0.0192636179427,0.0189570956841,0.0199916091665,0.019679724982,0.00828696921444,0.00839144723434,0.00835609805922,0.00818057866263,0.00797718901495,0.0198834985499,0.0198147124554,0.0194695176925,0.0190648856738
0.23,0.00819582843342,0.0189172645835,0.0186120694864,0.0196320643748,0.0193222489779,0.00813638952219,0.0082400649216,0.00820494982311,0.00803065913897,0.00782857192021,0.0195250450221,0.0194566411503,0.0191128000876,0.0187049379537
0.231,0.0080478583005,0.0185780346123,0.0182768728575,0.0192799365179,0.0189732797476,0.00798899975648,0.00809180171103,0.00805692354052,0.00788390437217,0.00768395218134,0.0191738332002,0.0191061716169,0.0187676697707,0.0183624397981
0.232,0.00790357561006,0.0182472382006,0.0179475808112,0.0189365803237,0.0186317307382,0.00784498999728,0.00794724092144,0.00791262904628,0.00774105125195,0.00754370297367,0.0188315327418,0.0187644942411,0.0184283632726,0.0180325858433
0.233,0.00776101779385,0.017920342454,0.0176244557624,0.0185972869844,0.0182958871797,0.00770295770791,0.0078043813222,0.00776998631345,0.00759961421171,0.00740506268783,0.0184931785992,0.0184268278098,0.0180902807288,0.0177039586868
0.234,0.00762061149042,0.0175984665829,0.0173044854389,0.0182632140244,0.0179633066121,0.00756313849696,0.00766371227577,0.00762959242587,0.007460319353,0.00726817560414,0.0181601419765,0.0180942801402,0.0177621763891,0.0173777670595
0.235,0.00748356883102,0.0172841738285,0.0169935267687,0.0179370204641,0.0176408834486,0.00742634618527,0.00752636602134,0.00749248225432,0.00732440402563,0.0071336395972,0.0178349287185,0.0177695104901,0.0174418430821,0.0170567536405
0.236,0.00734884374971,0.0169752260077,0.0166868945381,0.0176163803247,0.0173215616551,0.00729215652262,0.00739135531545,0.00735770727235,0.00719090995382,0.00700069530583,0.0175152781202,0.0174502251947,0.0171244247661,0.0167386814986
0.237,0.00721586361815,0.0166702287878,0.0163846647305,0.0173565645398,0.0170650120294,0.00715972731516,0.00725806944801,0.00722470204879,0.00705927460754,0.00686912750515,0.0172562768363,0.0171917814755,0.0168653014351,0.0164789844673
0.238,0.00708570465741,0.0164999645369,0.016216067097,0.0173186637054,0.0170270434077,0.0070298466161,0.00712763018956,0.00709448487475,0.00693034506439,0.00674021545729,0.017218375694,0.0171538525214,0.0168271600939,0.0164404845488
0.239,0.00695766772978,0.016464767607,0.0161808536564,0.0172875193713,0.0169958474993,0.00690229745376,0.00699929874785,0.00696642215776,0.00680334433764,0.0066141981865,0.01718723309,0.0171226876417,0.0167958264323,0.01640886303
0.24,0.00683207626587,0.0164366169409,0.0161526889254,0.0172626245856,0.0169709107004,0.00677727908399,0.00687342177819,0.00684076956173,0.00667879357595,0.00649149300471,0.017162339359,0.0170977759131,0.0167707784005,0.0163835848581
0.241,0.0067087342893,0.0164138297995,0.0161298915417,0.0172424395843,0.0169506926631,0.00665422073715,0.0067497955794,0.00671738494024,0.00655668551941,0.00637160381394,0.0171421558383,0.0170775781481,0.0167504718533,0.0163630926594
0.242,0.00658757145555,0.0163952358464,0.0161112907955,0.0172259176371,0.016934145292,0.00653348499896,0.0066283399634,0.00659618236182,0.00643676549468,0.00625437693094,0.0171256360963,0.0170610470114,0.0167338534617,0.0163463289096
0.243,0.00646875789293,0.0163805347164,0.0160965826832,0.0172128900398,0.0169210958638,0.00641527817558,0.00650923822186,0.00647729432623,0.00631928556586,0.00613919796073,0.0171126094536,0.0170480109252,0.0167207452684,0.0163331029598
0.244,0.00635190265935,0.0163681654488,0.0160842118011,0.0172018341791,0.0169100257429,0.00629873855683,0.00639209903112,0.00636043088172,0.00620346719233,0.00602548581546,0.0171015562021,0.0170369506882,0.0167096293986,0.0163218951845
0.245,0.0062373725247,0.0163585709923,0.0160746144097,0.0171933104077,0.0169014899557,0.00618454087021,0.00627727737302,0.00624581578103,0.0060899663182,0.00591324189803,0.0170930337698,0.0170284219401,0.0167010577004,0.0163132461149
0.246,0.00612502466739,0.0163511065913,0.0160671470612,0.0171867171059,0.0168948861675,0.00607278962743,0.00616464857009,0.00613346274265,0.00597873384098,0.00580267257604,0.0170864407535,0.0170218244299,0.0166944270473,0.0163065533531
0.247,0.0060141968748,0.0163437330266,0.0160597772803,0.0169738431859,0.0166844757544,0.00596237537644,0.00605353042478,0.00602255426778,0.0058690838394,0.00569327292577,0.0168740562755,0.0168098040051,0.0164865701399,0.016103639225
0.248,0.00590546852312,0.0163378158066,0.0160538621174,0.0166539327192,0.0163634921312,0.00585390686406,0.00594451902203,0.00591379998402,0.00576162110246,0.00558580390423,0.0165545061676,0.0164903751122,0.0161693501252,0.0157940555415
0.249,0.00579837991335,0.0163318900156,0.0160479445834,0.016342294282,0.0160548079708,0.00574734650591,0.00583712946311,0.00580664282107,0.00565573515261,0.0054805901916,0.0162434290352,0.0161793553368,0.0158547810292,0.0154870074411
0.25,0.00569339025593,0.0163272259435,0.0160432855809,0.0160394637448,0.0157519538455,0.00564286360339,0.00573186643083,0.00570161491402,0.00555174365243,0.00537823181927,0.0159412515618,0.0158772894583,0.0155566661131,0.0151836706109
0.251,0.00559071983212,0.0160127166833,0.0157312430873,0.0157452980445,0.0154600552423,0.00554045531966,0.00562891160142,0.00559889008348,0.00545008293914,0.00527866253321,0.0156475527573,0.0155839996691,0.0152659628214,0.0148844437568
0.252,0.00548966496372,0.0157082267855,0.0154274288604,0.0154573891004,0.0151726356128,0.00543981377967,0.00552757925168,0.00549778717744,0.0053501545528,0.00518123844347,0.015360327023,0.015297057089,0.0149771587015,0.0145927232118
0.253,0.00539078564996,0.0154140919844,0.0151336354293,0.015176878807,0.0148944804752,0.00534150305813,0.00542841853014,0.00539886368094,0.00525240143994,0.00508590924011,0.0150804461672,0.0150175507123,0.0146984592527,0.0143262451063
0.254,0.00529347047416,0.015127637757,0.0148492743847,0.0149017639635,0.0146198831041,0.00524452968196,0.005330820915,0.00530148827623,0.00515632649871,0.00499188956722,0.0148060239953,0.0147434089484,0.0144290254391,0.0140612958331
0.255,0.00519771547448,0.0148481652422,0.0145694898369,0.01463184468,0.0143528286858,0.00514904794394,0.0052347992892,0.00520570834111,0.00506174097412,0.0048988101365,0.0145367057431,0.0144743771417,0.0141612617369,0.0137980059091
0.256,0.00510341541092,0.014574743483,0.0142989189708,0.0143665822625,0.0140877319455,0.00505527530233,0.00514022294273,0.00511135117266,0.00496842297075,0.00480652541065,0.0142722968155,0.0142099378502,0.0138949111718,0.013536120012
0.257,0.00501130851359,0.0143090466301,0.0140331651947,0.0141079214478,0.0138325907851,0.00496365290319,0.00504785297075,0.00501921686534,0.00487730995033,0.0047161360722,0.0140142639839,0.0139524814298,0.0136418123816,0.0132777902848
0.258,0.00492058093872,0.0140483971611,0.013775403658,0.013853450912,0.0135787762693,0.00487319989035,0.00495684852801,0.00492843136316,0.00478768065011,0.00462678329758,0.013760615555,0.0136994300497,0.013392474827,0.0130208747777
0.259,0.00483167802597,0.0137938093068,0.0135215264401,0.0136043478637,0.013332821523,0.00478466351924,0.00486767255647,0.00483949280946,0.00469987749084,0.00453913960596,0.0135123272559,0.0134515781502,0.0131457421383,0.0127766184501
0.26,0.00474399689943,0.0135433585863,0.0132734244725,0.013358852108,0.0130890355694,0.00469750122349,0.00477971067263,0.00475174887518,0.00461334838062,0.0044532412716,0.0132675454249,0.0132071554874,0.0129000614384,0.0125441649792
0.261,0.00465824122337,0.0132988996598,0.0130306432455,0.013118899572,0.0128511502198,0.00461215018869,0.00469369085219,0.00466595652773,0.00452876884952,0.00436990879939,0.0130284703348,0.0129682604031,0.0126661969789,0.012314726294
0.262,0.00457396848293,0.0130590330384,0.012792230103,0.0128831921815,0.0126181462391,0.00452811867383,0.00460914720983,0.00458162436549,0.00444546285868,0.00428846881071,0.0127936097564,0.012734080971,0.0124358100827,0.0120871618798
0.263,0.00449126630028,0.0128239443539,0.0125598413446,0.0126519772582,0.0123879139795,0.00444585277693,0.00452618195273,0.0044988788386,0.00436373354141,0.00420901429135,0.0125631643815,0.0125042866896,0.0122076516568,0.0118618377561
0.264,0.00441003883645,0.0125932894043,0.0123296769352,0.0124249654518,0.0121644739132,0.00436514021982,0.00444469763882,0.00441761687773,0.00428348075594,0.0041311747393,0.012336960069,0.012278465122,0.0119815379353,0.0116385684859
0.265,0.00433060293334,0.0123678398356,0.0121078002793,0.0122029563265,0.0119440010876,0.00428604118007,0.00436499228779,0.00433812444129,0.00420514498222,0.00405489926658,0.0121158549345,0.0120575757409,0.0117645414679,0.0114182425907
0.266,0.00425229969175,0.0121457454301,0.0118871108592,0.0119841542512,0.0117278865626,0.00420798929862,0.00428643131195,0.00425979021789,0.00412790672293,0.00397947270206,0.0118979060615,0.0118403609273,0.0115514989886,0.0111995706603
0.267,0.00417541542643,0.0119277366727,0.0116715515048,0.0117693034201,0.0115155994656,0.00413155644035,0.00420928043257,0.00418283398827,0.00405217653564,0.00390486479986,0.0116838595122,0.011626918361,0.0113404602139,0.0109974050266
0.268,0.00409940658428,0.0117123195907,0.0114586529146,0.0115569474655,0.0113045764962,0.00405603059693,0.00413300610951,0.00410679931531,0.00397722216293,0.00383065875688,0.0114723502753,0.011415721578,0.011130059428,0.0107966219059
0.269,0.00402508470694,0.0115017542286,0.0112491284446,0.0113493306264,0.0111004212506,0.00398201732234,0.00405843171739,0.00403240680604,0.00390385169882,0.00375798411736,0.0112656203335,0.0112094465353,0.0109255695995,0.0105987352187
0.27,0.00395267204942,0.0112965833869,0.0110474529107,0.0111469997373,0.0108998331154,0.00390985005357,0.00398575747087,0.00395997785594,0.00383234825192,0.00368689906429,0.0110641399751,0.0110086722527,0.0107294728094,0.0104043392139
0.271,0.00388115448048,0.0110940017038,0.0108465500755,0.0109471942774,0.0107025235156,0.00383879447605,0.00391399435208,0.00388838067303,0.00376180795346,0.00361661166873,0.0108651535231,0.0108101235917,0.0105342081084,0.0102107914521
0.272,0.00381110365908,0.0108955391947,0.0106504423996,0.0107514309375,0.0105095147843,0.00376920894747,0.00384368061782,0.00381830599906,0.00369279139652,0.00354811490768,0.0106701936035,0.0106155289242,0.0103413203859,0.0100196229617
0.273,0.00374199394931,0.0106997802066,0.0104574367076,0.0105583178548,0.0103176872396,0.00370040305879,0.00377431202903,0.00374912506409,0.00362471865173,0.0034811904035,0.0104779096069,0.0104239861578,0.0101495885836,0.00982952633931
0.274,0.00367406489358,0.0105074184305,0.0102662459186,0.010368543454,0.010131247771,0.00363271614879,0.00370614058537,0.0036811820831,0.00355791936553,0.00341581784302,0.0102890072744,0.0102355560305,0.00996584239948,0.00964143439011
0.275,0.00360746498007,0.0103187687113,0.0100809034347,0.0101824213604,0.00994729192114,0.00356654236037,0.00363929319141,0.0036145377069,0.00349233085975,0.00335201824386,0.0101037356241,0.0100505532216,0.0097849859282,0.0094666069483
0.276,0.00354249957898,0.0101347278373,0.00989901852572,0.0100008389746,0.00976745344423,0.00350203911357,0.00357407774617,0.00354951341134,0.00342825789142,0.00329012446944,0.00992296462636,0.00987047599625,0.00960715183013,0.00929604499962
0.277,0.00347825885437,0.0099527262269,0.00971865062941,0.009821262548,0.00959102630212,0.00343812811231,0.00350957971268,0.00348523980762,0.00336489920579,0.0032288981174,0.00974418356719,0.00969225387166,0.00942988270102,0.00912606117095
0.278,0.00341552529724,0.00977502894636,0.00954413369218,0.0096459288863,0.00941740649369,0.00337562046735,0.00344660901142,0.00342244227627,0.00330306223443,0.00316903999566,0.00956962944533,0.0095180148094,0.00925714295471,0.00895885149006
0.279,0.00335377881015,0.00960010539967,0.00937093831189,0.00947332820925,0.00924718148759,0.00331424214421,0.00338462809664,0.00336067928036,0.00324232631658,0.00310984980612,0.00939781932588,0.00934689111428,0.00909056188149,0.00879297839283
0.28,0.0032931106035,0.0094281779346,0.00920130184898,0.00930368093107,0.00908026288858,0.00325402426531,0.00332370095873,0.00329993835708,0.00318263421014,0.00305125179177,0.0092289760644,0.00917854640117,0.00892556818358,0.00862868800525
0.281,0.00323308612832,0.00925809938757,0.00903399312015,0.0091358558808,0.00891385256189,0.00319438508926,0.0032634302901,0.00323987633016,0.00312365080281,0.00299293466274,0.00906196393227,0.00901181904906,0.0087610709354,0.00846491692596
0.282,0.00317403810783,0.00909079011478,0.00886812462566,0.00897076173586,0.00875161673714,0.00313557010495,0.00320414963834,0.00318079657807,0.00306566219048,0.00293544440261,0.00889767829134,0.00884819994398,0.00859799179891,0.00830257667089
0.283,0.00311663724199,0.00892811810736,0.00870821241939,0.00881024211319,0.00859348577451,0.00307843398405,0.00314651272679,0.00312333890813,0.00300913196598,0.00287937542472,0.0087379425329,0.00868889511261,0.00844100802044,0.00814677520564
0.284,0.00306019339851,0.00876811204732,0.00855064647558,0.00865235236031,0.00843686925272,0.00302242567318,0.00308981896088,0.00306685817504,0.00295352895668,0.00282411337219,0.00858081421861,0.00853211978046,0.00828864878379,0.00799992575109
0.285,0.0030047503274,0.00861097288276,0.00839476691497,0.00849729080381,0.00828482399903,0.00296741564564,0.0030341507185,0.00301135436984,0.00289893032004,0.00276990129337,0.00842650165568,0.00837849134205,0.00813787992501,0.00785466715711
0.286,0.00295010859907,0.00845610006484,0.00824288731942,0.00834446468823,0.00813418917834,0.00291306276173,0.00297928276443,0.00295668886223,0.00284518923675,0.00271697755331,0.00827442106722,0.00822676113037,0.0079881458473,0.00771044596967
0.287,0.00289648062357,0.00830401888474,0.00809304412898,0.00819439297667,0.00798542167186,0.00285961217445,0.00292540178078,0.00290301272383,0.00279248444323,0.00266546371969,0.00812508858575,0.00807792508134,0.00783997285047,0.00756776841044
0.288,0.00284402740272,0.00821918334023,0.00800889469504,0.00804763669338,0.00784165046024,0.00280750947358,0.0028727261793,0.00285050427803,0.00274098059614,0.00261537914765,0.00797906838311,0.00793247936402,0.00769663058732,0.0074272157033
0.289,0.00279229914279,0.00820130810915,0.00799105418122,0.00790293218427,0.00769900279487,0.0027562364741,0.00282078444505,0.00279876020724,0.00269026274695,0.00256625224247,0.00783509838118,0.00778878010964,0.00755723263825,0.00728757810587
0.29,0.00274130020249,0.00818606376353,0.00797584925782,0.00776015858585,0.00755755691675,0.00270560194797,0.00276952960247,0.00274768356052,0.00264023399337,0.00251801890086,0.00769305077654,0.00764736731134,0.00741865124116,0.00714876703973
0.291,0.00269155757424,0.00817455652015,0.00796436416728,0.00762094924065,0.00742124563209,0.00265608595358,0.00271956826638,0.00269790933947,0.00259130982602,0.00247102724236,0.00755455188813,0.0075092586708,0.00728250750468,0.00701238576582
0.292,0.00264282350099,0.00816556760256,0.00795539093095,0.00748457636944,0.00728686587929,0.00260757633718,0.00267062429891,0.00264916033535,0.0025433884767,0.00242490648611,0.00741888207107,0.00737399651505,0.00714811638512,0.00687871954203
0.293,0.00259497171369,0.00815821051333,0.00794804698387,0.00735056149425,0.00715408357309,0.0025600681486,0.00262252607127,0.00260122151922,0.00249630296479,0.00237946482788,0.00728556578506,0.00724125910262,0.00701651540773,0.00675469686873
0.294,0.00254789867884,0.00815205965048,0.00794191126216,0.00721878987086,0.0070251120844,0.00251342329794,0.00257524380542,0.00255413187722,0.0024500530778,0.00233448512094,0.00715448965625,0.00711042987968,0.00689000019693,0.0066322465621
0.295,0.00250180277894,0.00814742411803,0.00793728326826,0.00714739949031,0.00695485076001,0.00246768545191,0.00252893019297,0.00250800587704,0.00240486359298,0.0022901339089,0.00708347543406,0.00703973356733,0.00682082977317,0.00656507091671
0.296,0.00245628222436,0.00814275859751,0.00793263699589,0.00713166452817,0.00693918253144,0.00242235521944,0.00248316655606,0.00246240838938,0.00236019812313,0.0022460835223,0.00706776738983,0.00702403513819,0.00680520526502,0.00654955076452
0.297,0.00241175299393,0.00813947417092,0.00792936165261,0.00711944215969,0.00692700680219,0.00237804596958,0.00243843429524,0.00241786078543,0.00231660802518,0.00220297840863,0.00705556396531,0.00701183840327,0.00679306104099,0.00653748361142
0.298,0.00236829474078,0.00813762944722,0.00792751413333,0.00711032593631,0.00691791945123,0.00233494378919,0.00239475312906,0.00237435689729,0.00227411843916,0.00216074121886,0.0070464594196,0.00700273717994,0.00678399365052,0.00652846577773
0.299,0.00232536491036,0.00813534896966,0.00792524159147,0.00710231173341,0.00690993760428,0.00229240510433,0.00235160495767,0.00233137416712,0.00223202222788,0.00211892585698,0.00703845846555,0.00699474105882,0.00677603298981,0.00652055669412
0.3,0.00228303234705,0.00813287670812,0.00792278422337,0.00709532111575,0.00690298060147,0.00225042742061,0.00230905821551,0.0022890131282,0.00219044912278,0.00207769084496,0.00703148162474,0.00698776941311,0.00676909835557,0.00651367433207
0.301,0.00224131627297,0.00797491548148,0.00776742725017,0.00708904070201,0.0068967383593,0.00220891671334,0.00226711588188,0.00224723288093,0.00214948669272,0.00203737666198,0.00702521633142,0.00698151085307,0.00676287997106,0.00650750978232
0.302,0.00220075939711,0.00782376143686,0.00761572148322,0.00708504903272,0.00689276163448,0.00216855818641,0.0022263635517,0.00220664981426,0.00210966219725,0.00199857270117,0.00702123075389,0.00697752706628,0.00675891288188,0.00650356782953
0.303,0.00216088155516,0.00767703787757,0.00747150615141,0.00708164302712,0.00688937066962,0.00212899037811,0.00218626772064,0.00216673867264,0.00207057003883,0.00196069022883,0.00701783086232,0.00697412922214,0.00675553202658,0.00650021086825
0.304,0.0021218142991,0.00753474893879,0.00732965047238,0.00707914833241,0.00688688506845,0.0020903124947,0.0021469892774,0.00212760377875,0.00203232812293,0.00192374723521,0.00701533971165,0.00697163923972,0.00675305315329,0.0064977454207
0.305,0.00208321818753,0.00739545473776,0.00719162130835,0.00707647370781,0.00688422701433,0.00205208673506,0.00210820174881,0.00208899242005,0.00199456359742,0.00188747766965,0.00701267176314,0.00696897419206,0.00675040518993,0.00649512086961
0.306,0.00204543668741,0.00725986081297,0.00705781664545,0.00707448867694,0.00688225331674,0.00201452903706,0.00207019322493,0.00205117138614,0.00195762434696,0.00185210711454,0.00701069116868,0.00696699524623,0.00674843837988,0.00649316981603
0.307,0.00200852129683,0.0071280958223,0.00692585494173,0.0070735195963,0.00688128360681,0.00197778810491,0.00203308262265,0.00201419638116,0.00192161949602,0.0018176239125,0.00700972197544,0.0069660256249,0.00674746864333,0.0064922003815
0.308,0.00197237984013,0.00699958099267,0.00679988972061,0.00707317163243,0.00688092999555,0.00194186212974,0.00199672228291,0.00197801490868,0.00188628426231,0.00178377047812,0.00700937175338,0.00696567381203,0.00674711187469,0.00649183942978
0.309,0.00193664638277,0.00687299090746,0.00667481802358,0.00707222844495,0.00687999078757,0.00190650178811,0.00196080186324,0.00194226220564,0.00185126048109,0.00175024155902,0.00700843025403,0.00696473279211,0.00674617645758,0.00649090985416
0.31,0.00190132822257,0.00674815426822,0.00655000749045,0.00707057509351,0.00687835521093,0.00187154027279,0.00192526710739,0.00190687847268,0.00181665618301,0.00171692614218,0.00700678388041,0.00696308996196,0.00674455208207,0.00648930740147
0.311,0.00186652970782,0.00662540951493,0.00643009938451,0.00700186543317,0.00681119428054,0.00183703942751,0.00189026753031,0.00187203808635,0.00178255313907,0.0016838639258,0.00693836676807,0.00689510063615,0.00667869974297,0.00642595228973
0.312,0.0018325530374,0.00650581239293,0.00631216106964,0.00686568207682,0.00667592817777,0.00180325997747,0.00185610558528,0.00183805491096,0.00174927654852,0.00165139815133,0.00680251225195,0.00675934372591,0.00654609907939,0.0062984315344
0.313,0.00179922959112,0.00638854880919,0.00619526251037,0.00673433719689,0.0065450750204,0.0017701031378,0.0018225741819,0.0018046638847,0.00171671321918,0.00161936356938,0.00667157594662,0.00662826958752,0.00641556088567,0.00617288562792
0.314,0.00176627643288,0.00627275922983,0.00608207525381,0.00660638900708,0.0064187660395,0.00173740703947,0.00178943021592,0.00177166827379,0.00168453646437,0.00158769167229,0.00654390276893,0.00650096959686,0.00628601184793,0.0060482674711
0.315,0.00173408368574,0.00615966659357,0.00597094464042,0.00648271103319,0.00629447922297,0.00170557165615,0.00175703123224,0.00173944652957,0.0016530920876,0.00155662946498,0.0064206049667,0.00637813556836,0.00616537289023,0.00592569734538
0.316,0.00170239163098,0.00604846467908,0.00586056903921,0.00636213170494,0.00617646697532,0.00167422108644,0.00172516058482,0.00170772583644,0.0016222211094,0.00152599200353,0.00630050528045,0.00625803741887,0.00604863246494,0.00580429059227
0.317,0.00167125959348,0.00593919657,0.00575331453937,0.00624444657068,0.00605965883654,0.00164334545211,0.00169382434117,0.00167652216003,0.00159191969921,0.00149583604099,0.00618326096084,0.00614081132291,0.00593285390265,0.00568404139194
0.318,0.00164075636202,0.00583221603454,0.00564863722333,0.00612983395236,0.00594518486829,0.00161302002937,0.00166313982266,0.00164600063814,0.00156218306123,0.00146640503262,0.00606908215267,0.0060272108297,0.00581840510619,0.00556588569117
0.319,0.00161086924382,0.00572737506557,0.00554509477502,0.00601798740651,0.005835813262,0.00158330029621,0.00163305712679,0.00161608589802,0.00153295214172,0.00143783898643,0.00595768583684,0.00591577014914,0.00570526866252,0.00546384366156
0.32,0.00158134867092,0.00562387569742,0.0054427836173,0.00590795175001,0.00572674341273,0.00155403381896,0.00160335872268,0.00158650976216,0.00150411464539,0.00140991929013,0.00584810601372,0.00580666985454,0.00559996819646,0.00536235037849
0.321,0.00155237270171,0.00552224211636,0.00534380664929,0.00580018733425,0.00561921627882,0.00152540214563,0.00157418467556,0.0015574949436,0.00147577095142,0.00138268052918,0.0057408208382,0.00569967512679,0.00549615733327,0.0052616663362
0.322,0.00152405751705,0.00542297360218,0.00524628268174,0.00569514888838,0.0055167841321,0.0014974039294,0.00154569478142,0.00152916351452,0.0014480823972,0.00135621237935,0.0056362652424,0.00559525429933,0.0053937224092,0.00516233500086
0.323,0.00149639710653,0.00532595506724,0.00515016285075,0.00559266050666,0.00541565562303,0.00147000348267,0.001517842303,0.00150144675089,0.00142108360489,0.00133047451134,0.00553427192632,0.00549379440854,0.00529259820873,0.0050642907501
0.324,0.00146912955153,0.00523034998495,0.00505686046507,0.0054918017106,0.00531505310792,0.00144291687184,0.00149040279339,0.00147413823106,0.00139453620041,0.00130523724034,0.00543390671802,0.00539343218266,0.00519197777845,0.00496674998968
0.325,0.00144246115412,0.00513679584546,0.00496547851428,0.00539320926386,0.00521879218297,0.00141640713789,0.00146354583612,0.00144744287345,0.00136854023842,0.00128065180759,0.00533581617044,0.00529600966819,0.00509487979567,0.00487038556683
0.326,0.00141613908135,0.00504451106032,0.00487458383564,0.00529603670663,0.00512350472981,0.00139029697318,0.00143705721338,0.0014210994287,0.00134292013618,0.00125640466385,0.00523914497338,0.00519934470838,0.00500242100755,0.0047744614329
0.327,0.00139041325822,0.00495423883793,0.0047854321475,0.00520104518261,0.0050294051871,0.00136487109472,0.00141114287669,0.00139530884135,0.00131794998307,0.00123263118907,0.00514465873654,0.00510556059599,0.00491113234684,0.00467976060246
0.328,0.00136540646592,0.00486652951003,0.004700251769,0.00510879704879,0.00493834852669,0.00134018804416,0.0013859679995,0.00137027777583,0.00129370544076,0.00120949293445,0.00505293107776,0.00501383863443,0.00482161113995,0.00458690723587
0.329,0.00134035574895,0.00477859137042,0.00461419540196,0.00501634907074,0.00484830385607,0.00131540368942,0.00136072740569,0.00134519080229,0.00126934216398,0.00118619993398,0.00496104423202,0.00492260659748,0.00473105526753,0.00450083776982
0.33,0.00131577788338,0.0046923908372,0.00452916295704,0.00492575701469,0.00475923891975,0.0012910404946,0.00133598545178,0.00132058087839,0.00124539051822,0.00116320896791,0.00487101897274,0.00483261837617,0.00464148863399,0.00441880306881
0.331,0.00129202248361,0.00460897473435,0.00444731632054,0.00483811293419,0.0046722839642,0.00126742628353,0.00131204723941,0.00129676134901,0.00122222662961,0.00114080763782,0.00478393178041,0.00474615529619,0.00455514814958,0.00433880833589
0.332,0.00126848934353,0.00452641486433,0.00436708519626,0.00475138658046,0.00458764485447,0.00124407162565,0.00128835111864,0.00127322310358,0.00119929068296,0.00111850471161,0.00469774972512,0.00466004857824,0.00447304446287,0.00425896301114
0.333,0.00124529281965,0.00444493447051,0.0042872797889,0.00466580817035,0.00450414684175,0.00122107779719,0.00126497519564,0.00124998442112,0.00117665307414,0.00109640744654,0.00461270523878,0.00457565887572,0.00439133903062,0.00417951399638
0.334,0.00122250515918,0.0043649762106,0.00420835895428,0.00458183930752,0.00442150970985,0.00119861815274,0.00124202557317,0.00122716153502,0.00115445297385,0.00107473102942,0.00452925442409,0.00449232384958,0.00431049153682,0.00410091853023
0.335,0.0012001967678,0.00428661775665,0.0041318184643,0.00449955860452,0.00434001943837,0.00117658483987,0.00121954853966,0.00120480292151,0.00113279133746,0.00105343250588,0.00444751266117,0.00441121885981,0.00423059806162,0.00402327014005
0.336,0.00117826135376,0.00420958617381,0.00405695088604,0.00441867761443,0.00426150208458,0.00115491127919,0.00119744360397,0.00118284709264,0.00111150162245,0.0010324075684,0.00436719676111,0.00433100118762,0.00415140969817,0.00394632833455
0.337,0.00115672924503,0.00413394523481,0.00398286268554,0.00433926171481,0.00418398260785,0.00113355873698,0.00117574642192,0.00116128616882,0.00109059806937,0.00101177650867,0.00428833733149,0.00425271077806,0.00407303278885,0.00387016692018
0.338,0.00113552270471,0.00409125029365,0.00394075258141,0.00426105094451,0.00410700981105,0.00111250089624,0.0011543757097,0.00114002960879,0.00107002595834,0.000991440217005,0.00421066219855,0.00417521244937,0.00399808453461,0.00379457342598
0.339,0.00111477774997,0.00408249668646,0.00393204256418,0.00418456550104,0.00403148751908,0.00109192891065,0.00113347585408,0.00111925337484,0.00104999436415,0.000971637803585,0.00413468923826,0.00409977600678,0.00392568260835,0.00372004893466
0.34,0.00109442255473,0.00407538243626,0.00392496521538,0.00410943291956,0.00395867133091,0.00107175366733,0.00111295186489,0.00109886241832,0.00103032273753,0.000952386887901,0.00406007993932,0.00402542527994,0.0038540030829,0.00364648149194
0.341,0.00107442058948,0.00406958516614,0.00391920027906,0.0040356349206,0.00388667402267,0.00105204303273,0.00109278802512,0.00107883957978,0.00101096948602,0.000933697405702,0.00398682034075,0.00395256063118,0.00378304163224,0.00357908104907
0.342,0.00105498876065,0.00406560433516,0.00391522982916,0.00396389179639,0.00381611916777,0.00103287129908,0.00107319511555,0.00105935071792,0.000992099418476,0.00091566591843,0.00391560914964,0.00388169745682,0.00371351083634,0.00351489702509
0.343,0.00103574947261,0.00406195168351,0.00391159545786,0.00389291818476,0.00374608282565,0.00101388903057,0.00105380343769,0.00104007719223,0.000973390014937,0.000897948278021,0.0038451416302,0.00381149823133,0.00364418631329,0.00345093475053
0.344,0.00101681236549,0.00405878498769,0.00390845019323,0.0038230252886,0.00367840140552,0.000995162184602,0.00103471254542,0.00102112101288,0.000955017085449,0.000880568481865,0.00377574168103,0.00374260588194,0.0035754457949,0.00338749400766
0.345,0.000998192632509,0.00405601478759,0.00390570195109,0.00375424326544,0.00361141303037,0.00097668531083,0.00101592924627,0.00100247081094,0.000936901219355,0.000863543856394,0.00370747547372,0.00367447848473,0.00350982399139,0.00332460141467
0.346,0.000979827171834,0.00405339798888,0.00390311279747,0.00368643536038,0.00354485721897,0.000958463167711,0.000997406576208,0.000984064801883,0.000919056449824,0.000846896122908,0.00364019579796,0.0036077293678,0.00344586016612,0.00326214299421
0.347,0.000961953956787,0.00405174134056,0.00390146668535,0.0036203920985,0.00347967077071,0.000940729883706,0.000979377437012,0.000966138601066,0.000901678165533,0.000830736621739,0.00357464866845,0.00354233575686,0.00338309818595,0.0032008571667
0.348,0.000944223707993,0.00404969700549,0.00389944912566,0.00355494145202,0.00341624737661,0.000923219292181,0.000961501440548,0.000948388011904,0.000884554739521,0.000814773981052,0.00350967738728,0.00347787311304,0.00332042759089,0.00313967571725
0.349,0.000926909366885,0.00404823803131,0.00389800685367,0.00349098119461,0.00335411706742,0.000906185260477,0.000944038958419,0.000931056243577,0.00086782166821,0.00079913327425,0.00344621567379,0.00341467771219,0.00325871450334,0.00307943737001
0.35,0.000910005258925,0.00404732455944,0.00389709999367,0.00342847814606,0.00329293398772,0.0008895137154,0.000926977866306,0.00091410907322,0.000851476756364,0.00078381356136,0.00338421012524,0.00335295028124,0.00319794156908,0.00302012152508
0.351,0.000893317201627,0.00396896723375,0.00382094627093,0.00336680865001,0.00323213411866,0.000873062721773,0.000910139618786,0.000897383846512,0.000835348481078,0.000768675613931,0.00332300731242,0.00329219715328,0.00313753428297,0.00296117229554
0.352,0.000877081165688,0.00389387607807,0.00374646595648,0.00330676660339,0.00317363947965,0.000857001850436,0.000893757767532,0.000881095828755,0.000819728003682,0.000753894066369,0.00326342700625,0.00323276079925,0.00307935448724,0.00290332591289
0.353,0.000860886595373,0.00382007575972,0.0036723261555,0.00324693341625,0.00311573691038,0.000840959371684,0.000877424332055,0.000864892107365,0.000804170960094,0.000739063678446,0.00320408398154,0.0031739125845,0.00302323864326,0.0028453291675
0.354,0.000845150085158,0.00374901985733,0.00360345528315,0.00318874320746,0.00305900185754,0.000825354915793,0.000861539458491,0.000849131862233,0.000789053287078,0.000724541976108,0.00314635479221,0.00311637698513,0.00296833744589,0.00279078088123
0.355,0.000829658610316,0.00367961545276,0.00353504711224,0.0031314228803,0.00300268717335,0.000809999027655,0.000845901901171,0.000833593866694,0.000774103606966,0.000710138997502,0.00308948365034,0.00305987126842,0.00291385440913,0.00274022471577
0.356,0.000814440410981,0.00361191039879,0.00346727115407,0.00307513338014,0.00294732736943,0.000794965416334,0.000830539661341,0.000818336190282,0.000759385859396,0.000695926326726,0.00303365902273,0.00300441086253,0.00285995195196,0.00269031444518
0.357,0.000799548095896,0.00354595975849,0.00340265119212,0.00302001542598,0.00289412021711,0.000780318653332,0.000815503474464,0.000803405097172,0.000744956432976,0.000681939174342,0.00297899545031,0.00294988575452,0.00280677403746,0.00264112242484
0.358,0.000784906002328,0.0034814191875,0.00333985134773,0.00296584862623,0.00284158094269,0.000765915490581,0.000800728860825,0.00078875040349,0.000730817171317,0.000668211672652,0.00292525704083,0.00289664573415,0.00275411633969,0.00259243950203
0.359,0.000770540131228,0.00341825906431,0.00327757134947,0.00291266385508,0.00278960294956,0.000751768672156,0.000786216231653,0.0007743532821,0.000716903052544,0.000654708980368,0.00287251863818,0.00284408945761,0.00270205354874,0.00254430343755
0.36,0.000756395343076,0.00335623050174,0.00321563975293,0.0028602927283,0.00273804903381,0.000737821749422,0.000771935570649,0.000760170184988,0.000703215386854,0.000641365127734,0.00282058707331,0.00279245681156,0.00265162619704,0.0024965645563
0.361,0.00074244504795,0.00329517124231,0.00315612499229,0.00284672978619,0.00272462917837,0.000724013495495,0.000757845629447,0.000746179977438,0.000689709574386,0.000628180955821,0.00280710268145,0.00277905786585,0.00263858966141,0.00248387571636
0.362,0.000728855100148,0.00323578572664,0.00309854969973,0.00284109280027,0.00271902170698,0.0007105387754,0.000744118273185,0.00073256025021,0.000676604433421,0.000615343505068,0.00280148077449,0.00277344429144,0.0026329872121,0.00247845291516
0.363,0.000715315578097,0.00317664213908,0.00304057367549,0.00283573707614,0.0027137146587,0.000697124537871,0.000730435013626,0.000718993825683,0.000663588409397,0.000602518106284,0.00279614563048,0.00276812104526,0.00262769979563,0.00247334135625
0.364,0.000702200531725,0.00311947380315,0.00298391998789,0.00283201457758,0.00271001374508,0.000684149817061,0.00071719428506,0.00070586083086,0.000650978906694,0.000590126475817,0.00279243378686,0.00276441486179,0.00262400382209,0.00246976457778
0.365,0.000689365955043,0.00306351970575,0.0029288902989,0.00282912135995,0.00270713578418,0.000671489625818,0.00070422234372,0.000692987319919,0.000638656723092,0.00057808785533,0.00278954831495,0.00276153344319,0.00262112796678,0.00246698240315
0.366,0.000676662959904,0.00300815555798,0.00287555443665,0.00282636790126,0.00270440675147,0.000659026772253,0.000691389096744,0.000680242523686,0.000626435846917,0.000566318992049,0.00278680528201,0.00275879649531,0.00261840862408,0.00246435473014
0.367,0.000664298274367,0.00295429813098,0.00282316565942,0.00282452319094,0.0027025712662,0.000646880675579,0.000678893749169,0.000667849017846,0.000614623748238,0.000554970840036,0.00278496535531,0.00275695921874,0.00261657485672,0.00246257955802
0.368,0.000652146775366,0.00290139069947,0.00277121003531,0.00282300533191,0.00270106167641,0.000634933377222,0.000666613806991,0.000655681240985,0.000603013506824,0.000543925346753,0.00278345159118,0.00275544768756,0.00261506638794,0.0024611191424
0.369,0.000640129361352,0.00284902988978,0.00271936520567,0.0028213641735,0.0026994397394,0.000623097197122,0.000654465662174,0.00064363179147,0.000591534371202,0.000533115748406,0.00278181814473,0.00275381891762,0.0026134538748,0.00245956324722
0.37,0.000628324192081,0.00279764963759,0.00266971113448,0.00281997909513,0.00269807233117,0.000611436691358,0.000642536352149,0.00063179687405,0.000580253580893,0.00052252356241,0.00278043969236,0.00275244467691,0.00261209598679,0.00245825091206
0.371,0.0006168349743,0.00274762397853,0.00262146113713,0.00281920976347,0.00269730747873,0.000600064455334,0.000630920152185,0.000620273069582,0.00056922996117,0.000512236731906,0.00277967231813,0.00275167849749,0.00261133205445,0.00245751187132
0.372,0.00060556311656,0.00269852124743,0.00257368814741,0.00281861186987,0.00269671139716,0.000588895634425,0.000619524536328,0.000608966377701,0.000558363470815,0.000502217665458,0.00277907565593,0.00275108229833,0.00261073668409,0.00245693450615
0.373,0.00059441815636,0.00264997058368,0.00252604890765,0.00281778172135,0.00269589431249,0.000577866713062,0.00060825182581,0.00059780150363,0.000547631505593,0.000492383048729,0.00277825061688,0.00275026010459,0.00260992585983,0.00245615351108
0.374,0.000583304063828,0.00260156270032,0.00247830936307,0.00281625207088,0.00269439993682,0.000566888526227,0.000597009718823,0.000586663734832,0.000536964672648,0.00048263320484,0.00277673347942,0.00274875092934,0.00260845424174,0.00245473638765
0.375,0.000572634632185,0.00255505292749,0.00243363433371,0.00281591384453,0.00269406446467,0.0005564033233,0.000586214719903,0.000575954503297,0.000526681834401,0.000473316896645,0.00277639644119,0.00274841458104,0.00260811887206,0.00245441435643
0.376,0.000562022615258,0.00250885917958,0.00238912232304,0.00281505612732,0.00269322642193,0.000546020435384,0.000575490091722,0.000565318300578,0.000516487253712,0.000464085693238,0.00277554551214,0.00274756818712,0.0026072938164,0.00245361981137
0.377,0.000551655794189,0.00246367198672,0.00234522486488,0.00279662059711,0.00267553666147,0.000535848546623,0.00056499817334,0.000554915050192,0.000506508201641,0.000455034198377,0.00275731330422,0.00272952013067,0.00259016851637,0.00243750253054
0.378,0.000541462259641,0.00241924840533,0.00230171939901,0.0027417429653,0.00262212263383,0.000525840030305,0.000554687079805,0.000544705772367,0.000496708229518,0.000446100344281,0.00270265055676,0.00267501342269,0.00253848177097,0.00238887739012
0.379,0.000531490615762,0.00237573728251,0.00225888848512,0.00268897964993,0.00256967774958,0.000516030124543,0.000544587748631,0.000534705876511,0.000487181372343,0.000437340698696,0.00265009080612,0.00262269026618,0.00248773209982,0.0023411331609
0.38,0.000521591379649,0.00233259082448,0.00221745935448,0.00263746671577,0.00251767360698,0.00050626514185,0.000534573233199,0.000524783954976,0.000477741474464,0.000428638185128,0.00259876588818,0.00257141954079,0.00243723916738,0.00229361967263
0.381,0.000511999036659,0.00229074030162,0.00217724249722,0.00258806910841,0.00247016576385,0.000496777123679,0.000524860367459,0.000515158375036,0.000468574253057,0.000420186666871,0.00254957300836,0.00252253848302,0.00238793776805,0.0022472366431
0.382,0.000502565300647,0.00224959174021,0.00213738968639,0.00253996832164,0.00242310238608,0.000487439045478,0.000515313627886,0.000505696747789,0.000459585566012,0.000411825329473,0.0025018112678,0.00247478906954,0.00233914744028,0.00220133171719
0.383,0.000493269508067,0.00220905483582,0.00209782105336,0.00249294870872,0.00237635096272,0.000478261098947,0.000505910268825,0.000496372506469,0.000450712471629,0.000403534309092,0.00245508197048,0.00242812295627,0.00229205791509,0.00215578604543
0.384,0.000484206777927,0.00216949785664,0.00205892943439,0.00244733807956,0.00233039206494,0.00046931082669,0.000496732813495,0.000487292631861,0.000442101677181,0.000395389658963,0.00240967013312,0.0023831244011,0.00224985401908,0.00211096075376
0.385,0.00047522277689,0.00213025727897,0.00202101091746,0.00240231941103,0.00228717590531,0.000460471426798,0.000487629973317,0.000478283526287,0.000433586205113,0.000387257172411,0.00236490630963,0.0023381508116,0.00220757585896,0.00206617177255
0.386,0.00046641653327,0.00209179832153,0.00198421554326,0.00235836457708,0.00224456558906,0.000451859285753,0.000478711991681,0.00046944913878,0.000425236938867,0.000379249212875,0.00232132143102,0.00229507182075,0.00216572939013,0.00202189951004
0.387,0.000457780505707,0.00205409892355,0.00194787101892,0.00231540763014,0.00220237608773,0.000443422202719,0.000469968953188,0.000460787490968,0.00041706779115,0.000371351881833,0.00227859815193,0.00225247798887,0.002124302208,0.00197812060729
0.388,0.000449386368449,0.0020332078688,0.00192756322517,0.00227369093359,0.00216088996174,0.000435196928567,0.000461457078427,0.000452358504984,0.000409101754058,0.000363646378752,0.00223716651589,0.00221114085377,0.00208356971185,0.00193509630715
0.389,0.000441130052472,0.0020289972369,0.00192339371115,0.00223276235888,0.00212022184639,0.000427103062365,0.000453094517416,0.000444071552336,0.000401246441433,0.000356083406447,0.00219660728161,0.00217096665524,0.00204314526211,0.00189268695778
0.39,0.000432961149819,0.00202533903118,0.00191977910609,0.00219233126046,0.00208158473474,0.000419089338461,0.000444822534609,0.000435891915798,0.000393452709294,0.000348588150875,0.00215640348137,0.00213082661173,0.00200278828957,0.00185742451744
0.391,0.000424903657687,0.00202212631607,0.00191661171356,0.00215244432955,0.00204305938543,0.000411142616377,0.000436651450498,0.000427810369249,0.000385736485071,0.000341186284467,0.00211690580157,0.00209156338359,0.00196283041433,0.00182331115186
0.392,0.000416988466281,0.00201943700413,0.00191396329103,0.00211330742171,0.00200486120529,0.00040333042508,0.000428624569492,0.000419868796482,0.000378194260926,0.000333882785442,0.00207809295966,0.00205311990604,0.0019266957528,0.00178951680588
0.393,0.000409207196328,0.00201708917901,0.00191165534257,0.00207482014732,0.00196691632775,0.000395626648145,0.000420730228985,0.000412052456795,0.000370770805882,0.000326691729591,0.0020399001,0.00201493867145,0.00189116461773,0.00175596941298
0.394,0.000401640279917,0.00201550147353,0.00191008783033,0.00203747601141,0.0019298539049,0.000388167370221,0.000413066431731,0.000404465716663,0.000363543263826,0.000319712047542,0.00200295015141,0.00197828636528,0.0018563605961,0.00172312648689
0.395,0.000394224325412,0.00201421656138,0.0019088202718,0.00200084798491,0.00189481148592,0.000380840946469,0.000405543623031,0.000397015470058,0.000356467219511,0.000312861960154,0.00196657094337,0.00194233069149,0.00182190463247,0.00169062509457
0.396,0.00038696197562,0.00201322604666,0.00190784184269,0.00196496312126,0.00186040591572,0.000373685634654,0.000398176050162,0.000389728881604,0.000349523941916,0.000306128969927,0.00193109554366,0.00190678107399,0.00178783719715,0.00165850480677
0.397,0.000379711218591,0.00201183006626,0.00190647875142,0.00192917306993,0.00182577973884,0.00036660311553,0.000390826992671,0.000382466382862,0.000342610329007,0.000299428739762,0.00189560095467,0.00187167010949,0.00175356710818,0.00162620217424
0.398,0.000372629639005,0.00201073022761,0.00190540467902,0.00189418728724,0.00179162572163,0.000359698305315,0.000383639801025,0.000375361316858,0.000335897293277,0.000292948430067,0.00186098474646,0.00183738125746,0.00171976654069,0.00159435581663
0.399,0.000365748033272,0.00201013467728,0.00190481854449,0.00186020281582,0.00175815154666,0.000352984250782,0.000376655532506,0.000368453614171,0.000329399008089,0.000286728935186,0.00182732730803,0.00180378207332,0.00168663738939,0.0015631538577
0.4,0.000358897201059,0.00200907979448,0.00190379408383,0.00182633204609,0.00172504091086,0.000346290718006,0.000369700319928,0.000361567470967,0.000322918021279,0.000280585046122,0.00179378921742,0.00177051172701,0.00165336578376,0.0015318267926
0.401,0.000352247670086,0.00197019979618,0.00186661620335,0.00179348298706,0.00169380142148,0.000339785380909,0.000362952872427,0.000354895903799,0.000316627350643,0.000274693262256,0.00176130113985,0.00173839122017,0.00162180542829,0.00150117667912
0.402,0.000345714978298,0.00193263341695,0.0018299614186,0.00176122368709,0.00166289252248,0.000333390144998,0.00035632600186,0.000348338459981,0.000310479002057,0.000268955854407,0.00172933856488,0.00170658088077,0.001592429996,0.00147084205083
0.403,0.000339245528697,0.0018958876764,0.00179344529161,0.00172924140135,0.00163199718161,0.000327028106821,0.000349754498528,0.000341853281475,0.000304370301954,0.000263331716458,0.00169773565047,0.00167507000416,0.00156310725848,0.00144055436525
0.404,0.000332932232898,0.00186037223097,0.00175754103177,0.00169801581354,0.00160158301033,0.000320811878272,0.000343343648709,0.000335519073628,0.000298403778805,0.000257894329351,0.00166679218338,0.00164461352073,0.00153425769638,0.00141074523048
0.405,0.000326681399177,0.00182553890952,0.00172409594364,0.00166712912908,0.00157125963644,0.000314645840283,0.000337003569743,0.000329253169938,0.000292557642601,0.000252541173331,0.00163629237076,0.00161425300862,0.00150549899947,0.00138105585608
0.406,0.000320608532767,0.00179185183028,0.00169168885758,0.00163706893382,0.00154200444938,0.000308649556854,0.000330830394167,0.000323148762412,0.000286863781207,0.000247334241564,0.00160650763773,0.00158455958942,0.00147729017321,0.00135192162498
0.407,0.000314617999302,0.00175881766796,0.00165944062374,0.00160743443576,0.00151389469803,0.000302750718334,0.000324743511627,0.000317130947466,0.000281255340831,0.000242224599749,0.00157725576198,0.00155567509624,0.00144926720626,0.00132343850628
0.408,0.000308750687151,0.00172657391199,0.00162752460523,0.00159560637955,0.00150251960102,0.000296974618057,0.00031878225664,0.000311241856857,0.000275771992314,0.000237275004125,0.00156552715664,0.00154407210405,0.00143793585486,0.00131251414903
0.409,0.000302934070766,0.00169468880607,0.00159557438652,0.0015919098715,0.00149886701185,0.000291260454687,0.00031287131222,0.000305395196695,0.000270330932703,0.000232395873999,0.00156184533794,0.0015404006574,0.00143432373576,0.00130874003121
0.41,0.000297260995682,0.0016637192618,0.00156562335846,0.00158906090749,0.00149604898844,0.000285737961713,0.000307112704576,0.000299711312292,0.000265007512138,0.000227696683242,0.00155900672924,0.00153756951095,0.00143153477092,0.0013058163375
0.411,0.000291718465362,0.00163350162185,0.00153686073556,0.00158682232708,0.00149383290908,0.000280355302424,0.000301479952976,0.0002941576407,0.000259793681308,0.000223107087788,0.00155677565568,0.00153534407994,0.001429340139,0.0013035109921
0.412,0.000286350317616,0.00160421477184,0.00150865960392,0.00158530635176,0.00149232289521,0.000275125180762,0.000296013074309,0.000288765209865,0.000254710855741,0.000218705607069,0.00155526171323,0.00153383187786,0.00142783964365,0.00130190312408
0.413,0.000281035154642,0.00157528759288,0.0014804986174,0.0015839011142,0.0014909306425,0.00026995037947,0.000290613694666,0.000283424932643,0.000249678219982,0.000214355932432,0.00155386085513,0.00153243423185,0.00142645974861,0.00130044920396
0.414,0.000275736098097,0.00154648237178,0.0014521694314,0.00158231001112,0.00148936983845,0.000264789205126,0.000285230264195,0.000278105149602,0.000244687090682,0.000210022924442,0.00155228005228,0.00153086045873,0.00142492377437,0.00129888191124
0.415,0.000270654890976,0.00151882194343,0.00142468584629,0.00158154238189,0.0014886045528,0.000259827094637,0.000280052926939,0.00027298937454,0.000239903640418,0.000205846625111,0.00155151341252,0.0015300943484,0.00142416345538,0.00129806547964
0.416,0.000265604952435,0.00149137971537,0.00139827531307,0.00158062566319,0.00148770409588,0.00025488750579,0.000274914796997,0.000267919396383,0.000235134642813,0.000201689807522,0.00155060208783,0.00152918654661,0.00142327582689,0.00129715268594
0.417,0.000260652536998,0.00146446542291,0.0013728000861,0.00157985951886,0.0014869517992,0.000250021755272,0.000269877957148,0.000262942555669,0.000230459643717,0.000197606410768,0.00154984052563,0.00152842826406,0.001422534144,0.00129639267061
0.418,0.000255782021646,0.00143799643746,0.00134750969386,0.00156480294694,0.0014727267602,0.000245234514488,0.000264922252471,0.000258059379768,0.000225863067107,0.000193590724905,0.0015350090903,0.00151380329772,0.00140892851223,0.00128401285854
0.419,0.00025099541154,0.00141200336086,0.00132244792529,0.00153495903951,0.00144414368954,0.000240520282129,0.000260053831315,0.000253262435271,0.00022134289261,0.000189636713821,0.00150521474,0.00148440446166,0.00138160860713,0.00125922196084
0.42,0.000246332076925,0.00138667571201,0.00129780417559,0.00150621665892,0.00141610049751,0.000235925947751,0.000255305647428,0.000248584758859,0.000216940586216,0.000185775713393,0.00147678579495,0.00145556237597,0.00135480392688,0.00123489239065
0.421,0.000241734950711,0.0013616575464,0.00127325088888,0.00147810369345,0.00138820542512,0.000231405640269,0.000250617146392,0.000243956944292,0.000212617970086,0.000181949607124,0.00144884359101,0.00142811681223,0.00132813621163,0.0012106709393
0.422,0.000237167689238,0.00133681489534,0.00124890855101,0.00145040885554,0.00136030695835,0.000226922931862,0.000245966823711,0.000239363803593,0.000208353471362,0.000178128601508,0.00142131355149,0.00140078100343,0.00130146101213,0.00118643043476
0.423,0.00023275271711,0.00131283406039,0.00122630724081,0.00142382578049,0.0013343619519,0.000222600016309,0.000241475195833,0.00023492904699,0.000204243102132,0.000174415338763,0.00139500689242,0.00137414967008,0.00127545854908,0.00116280686538
0.424,0.000228376844909,0.00128902586565,0.00120378644192,0.00139756672967,0.00130945808446,0.000218331803403,0.000237015458463,0.000230532188424,0.00020016903954,0.000170707071972,0.00136885766936,0.00134857898209,0.00124943888031,0.00113915661137
0.425,0.000224161282742,0.00126606825028,0.00118189084331,0.00137233608973,0.00128519302839,0.000214241113597,0.000232713220644,0.00022628628555,0.000196228623433,0.000167104880798,0.00134395333847,0.00132378417782,0.00122407835628,0.00111611311125
0.426,0.000219973739657,0.00124327797545,0.00115998089785,0.00134736904077,0.00126087251981,0.000210190591672,0.000228444408914,0.00022208540385,0.000192329610741,0.000163509765585,0.00131910058528,0.0012989304949,0.00119870545964,0.00109305112189
0.427,0.000215816281551,0.00122065064254,0.00113805597329,0.00132264258501,0.00123649863978,0.000206164763184,0.000224211837664,0.000217916006643,0.000188481272106,0.000159923708559,0.00129471871055,0.00127465093465,0.00117423319121,0.00106997245306
0.428,0.000211754424236,0.00119853946963,0.00111645988834,0.0012985250232,0.00121244288237,0.000202225407841,0.000220072067453,0.000213841770536,0.000184709315921,0.000156407197721,0.00127074394081,0.00125113991701,0.00115272349933,0.0010472062416
0.429,0.000207760230686,0.00117681268332,0.0010953017202,0.00127486238658,0.00118926507694,0.000198352693873,0.000216005004607,0.000209833263895,0.000181005690783,0.000152930528518,0.0012474187812,0.00122780691789,0.00113138421992,0.00102464225426
0.43,0.000203809376428,0.00115529138503,0.00107504544209,0.00125145211756,0.00116726272682,0.00019451561646,0.000211976002718,0.000205858253705,0.00017737291027,0.000149470222527,0.00122418859102,0.00120454329805,0.00111004601675,0.00100212386903
0.431,0.000200010274406,0.0011345681681,0.00105552992007,0.00122892974988,0.00114587509761,0.000190818478841,0.000208096979909,0.000202037401323,0.000173885270444,0.000146139747559,0.00120197762347,0.00118269377028,0.00108930438725,0.000980203606275
0.432,0.000196269123028,0.00111415172192,0.00103615434118,0.00120675754368,0.00112460594557,0.00018715843399,0.00020428073431,0.0001982722322,0.000170443397374,0.000142869005242,0.00118002224328,0.0011610488139,0.0010686822678,0.000958439433557
0.433,0.000192590323342,0.00109409058344,0.0010169703987,0.0011849841326,0.00110351384011,0.00018355546914,0.000200528642011,0.000194574023141,0.000167063812517,0.000139651925098,0.00115851723459,0.00113958108823,0.00104823747498,0.000936886590342
0.434,0.000188955941207,0.0010742486024,0.000997850193869,0.00116345887696,0.00108246684542,0.000179992838039,0.000196816365964,0.00019091798945,0.000163734069062,0.000136461569624,0.00113726626796,0.00111830912562,0.00102784228435,0.000915430449213
0.435,0.000185426878635,0.00105496121389,0.000979117385554,0.0011425426666,0.0010618199933,0.000176518169362,0.000193208691872,0.000187370875193,0.000160496778934,0.000133358740734,0.00111656274797,0.00109805975982,0.00100783399072,0.000894379036094
0.436,0.00018192508957,0.00103582614624,0.000960442571864,0.00112179790934,0.00104168802854,0.000173067164352,0.000189630738678,0.000183855790833,0.000157276095285,0.00013027675267,0.00109614111999,0.00107783240742,0.000987825252115,0.000873456716088
0.437,0.00017851148028,0.0010171632763,0.000942656956615,0.00110156967842,0.00102276854627,0.000169719406445,0.000186142238701,0.000180426243076,0.000154121000953,0.000127262223534,0.00107610975831,0.00105792873643,0.000968138713368,0.000856021281163
0.438,0.000175109993444,0.00100640451801,0.000932529594684,0.00108143204795,0.00100378178393,0.00016639004267,0.000182673561064,0.00017701213144,0.000150978630258,0.000124267411523,0.0010562992519,0.00103809143497,0.000948393334385,0.000840232017626
0.439,0.000171847880263,0.00100436341011,0.000930505821402,0.00106212974915,0.000985427477891,0.000163210917396,0.000179341006856,0.000173732449564,0.000147954678424,0.000121396164688,0.00103721287266,0.00101942283282,0.000929639941565,0.000825036068479
0.44,0.000168586648769,0.00100238834109,0.000928563491114,0.00104281773996,0.000966913515089,0.000160032472948,0.000176010752092,0.000170454911475,0.000144925787183,0.000118530428159,0.00101817839459,0.00100063692047,0.000912460372813,0.000809734491111
0.441,0.000165391163667,0.00100077822919,0.000926981291907,0.00102760294272,0.000952203352948,0.000156945339811,0.000172748410656,0.000167241625216,0.00014195771176,0.000115728565653,0.00100319374761,0.000985716241834,0.000898936580218,0.000797498161351
0.442,0.00016229679764,0.000999639144529,0.00092585541655,0.00102544506254,0.000950056518891,0.000153959121621,0.000169580425925,0.000164126213593,0.000139087769014,0.000112998844224,0.001001039854,0.000983564292945,0.000896768980871,0.000795341965331
0.443,0.000159269973136,0.000998769484222,0.000924994038229,0.00102375908899,0.000948377086051,0.000151045386394,0.00016648352003,0.000161074165437,0.000136294403385,0.000110323101692,0.000999356395351,0.000981881305381,0.000895070563237,0.000793651707623
0.444,0.000156295371819,0.000998052495024,0.000924284850823,0.00102238660775,0.000947011178233,0.000148177365447,0.000163440209077,0.000158079473101,0.000133533584275,0.000107705229232,0.000997986285308,0.000980512087689,0.000893689755693,0.000792278783082
0.445,0.000153331704302,0.000997236984769,0.000923490236383,0.00102103937228,0.000945683073237,0.000145319914607,0.000160407730579,0.000155108061666,0.000130785550996,0.000105134005901,0.000996645731162,0.0009791753296,0.000892361005128,0.000790975779366
0.446,0.000150470169896,0.000996785271264,0.000923043235788,0.00102016594394,0.000944812868749,0.000142551419889,0.000157474072582,0.000152229027125,0.00012812381403,0.000102683782542,0.000995773520754,0.000978303562816,0.000891481556101,0.000790098802942
0.447,0.000147615108441,0.000996137593802,0.00092241546215,0.00101917325335,0.000943839669797,0.000139791167644,0.000154549878205,0.000149357585744,0.000125479177092,0.000100261451753,0.000994787433162,0.000977321690347,0.000890513687815,0.000789156689757
0.448,0.000144818718099,0.000995602088409,0.000921896612846,0.001018360665,0.000943043125721,0.000137082223455,0.000151684388632,0.000146547755393,0.000122881006893,9.7918741046e-05,0.000993980387927,0.000976518104217,0.000889721272218,0.000788387173115
0.449,0.00014212170565,0.000995442827454,0.000921735846747,0.00100896583344,0.000934314442307,0.000134472121071,0.000148922077225,0.000143828535887,0.000120372711815,9.56774235843e-05,0.000984775940942,0.000967477142695,0.00088148968223,0.000781098754971
0.45,0.000139452206352,0.000995216671995,0.000921513323727,0.00099012419079,0.000916598390046,0.000131878866873,0.000146194266255,0.000141143739844,0.000117907426538,9.34963785817e-05,0.000966073494585,0.000949113153751,0.000864812001447,0.000766377515095
0.451,0.000136849594272,0.000976146187095,0.000903707376334,0.000971910995498,0.000899174573486,0.000129338998893,0.000143528373526,0.000138526714456,0.000115523927469,9.13825985448e-05,0.000948028221516,0.000931052879342,0.000848408111865,0.000751895566212
0.452,0.000134255894613,0.00095745531924,0.000885897812299,0.000953891192873,0.000881666264578,0.000126809071344,0.000140874513806,0.000135919056817,0.000113166687863,8.93083664882e-05,0.000930175682817,0.000912960193817,0.000831918061061,0.000737327831365
0.453,0.000131657085299,0.000939003859878,0.000867994514851,0.000935966313106,0.000864005142348,0.000124278370678,0.000138218321033,0.000133312103026,0.000110811998539,8.72612636539e-05,0.000912400333833,0.000895680568611,0.000815277920406,0.000722615505264
0.454,0.000129153542132,0.000921323595448,0.000850537047188,0.000918698718228,0.00084674429169,0.000121821093512,0.00013564803684,0.000130785670505,0.00010853189244,8.53053501589e-05,0.000895363720546,0.000878813339348,0.000799016046043,0.000708243150057
0.455,0.000126705799941,0.000904173251708,0.000833330071947,0.000901873068073,0.000829743765305,0.000119415087468,0.000133135544887,0.000128321975863,0.00010630321506,8.33938338602e-05,0.000878610590479,0.000862152559575,0.000782961241837,0.000694053808757
0.456,0.000124313911115,0.000887515990609,0.000816414146637,0.000885472279167,0.000814340612774,0.00011707637769,0.000130681769445,0.00012591740925,0.000104120752359,8.15420894971e-05,0.000862515264522,0.000845787107432,0.000767115970557,0.00068004844285
0.457,0.000121978278111,0.0008713339648,0.000801265543736,0.000869493694189,0.000799448720571,0.000114797326726,0.000128282674366,0.0001235692126,0.000101990417142,7.97413975113e-05,0.000846653233728,0.000830403529892,0.000751493236305,0.000666241920661
0.458,0.000119657419422,0.000855323705841,0.000786312598663,0.000853646143112,0.00078450518524,0.00011254196556,0.000125897677917,0.000121235988633,9.98929524044e-05,7.7963908386e-05,0.000831039024809,0.000815014574386,0.000735845397927,0.000652409177879
0.459,0.000117354579622,0.000839441986982,0.000771281801769,0.000837895576809,0.000769488688933,0.000110303199516,0.000123529149478,0.000118917097652,9.7810108201e-05,7.62013722024e-05,0.000815515595771,0.000799548147908,0.000720153151483,0.000638532081403
0.46,0.000115114071598,0.000824049600117,0.000756530106823,0.000822609110117,0.000754754946416,0.000108129864527,0.000121226735156,0.000116655479698,9.57831668042e-05,7.44974799354e-05,0.000800347474411,0.000784385454306,0.000704754867989,0.000624920401469
0.461,0.000112931828102,0.00080908303389,0.000742011966782,0.00080772891825,0.000740260852827,0.000106033215403,0.000118982761264,0.000114452669004,9.38121286487e-05,7.28482967911e-05,0.000785767247425,0.000769893742337,0.000689993976634,0.000611532960213
0.462,0.000110785045443,0.000794375619017,0.000727585492216,0.000793092885854,0.000725863739545,0.000103977555697,0.000116775312374,0.000112288306571,9.18832940369e-05,7.12527291136e-05,0.000771305360629,0.000755801710732,0.00067732579272,0.000598248081222
0.463,0.000108689765911,0.000780067495777,0.000713392425399,0.000778844110273,0.000711735941484,0.000101981308738,0.000114627571446,0.000110175034724,9.00208582747e-05,6.97057199476e-05,0.000757237115884,0.000741946305338,0.000665018597415,0.000585188520718
0.464,0.000106620759478,0.000765953943464,0.000699333114193,0.000764780823369,0.000698395534115,0.000100012072704,0.000112504361648,0.000108095825172,8.81904903155e-05,6.8195864145e-05,0.000743453796426,0.000728140231252,0.000652764303039,0.000572199362629
0.465,0.000104580670862,0.000752033023269,0.000686348099158,0.000750903035593,0.000685610697485,9.80644205535e-05,0.000110408281999,0.000106041669287,8.63770203134e-05,6.67344013559e-05,0.000729735691535,0.000714438008569,0.000640569017723,0.000559289662401
0.466,0.00010259105734,0.000738461779963,0.00067382126235,0.000737369145182,0.000673033425023,9.61604827553e-05,0.000108369062517,0.000104040820205,8.46121921987e-05,6.53109674e-05,0.000716425159367,0.00070138498639,0.000628575336618,0.0005465898509
0.467,0.000100625264424,0.000725059763187,0.000661333738752,0.000724000128815,0.000660502075201,9.42791032974e-05,0.000106352547077,0.000102067283763,8.28715088976e-05,6.39064619832e-05,0.000703313411885,0.000688525099236,0.000616629652242,0.000533961916878
0.468,9.87037105398e-05,0.000711902010914,0.00064896128684,0.000710871853739,0.000648090697743,9.24312607127e-05,0.000104369863563,0.000100132032531,8.11700863084e-05,6.2549056298e-05,0.000690342556818,0.000675786270991,0.000604802492411,0.000521472559158
0.469,9.68447249627e-05,0.000699170133542,0.000636876871404,0.000698166368695,0.000635972609083,9.06414301061e-05,0.000102452979047,9.82589430848e-05,7.95235010613e-05,6.12410996598e-05,0.000677875309461,0.000663346647198,0.000593257224204,0.000509267758604
0.47,9.50213807979e-05,0.000686709518396,0.00062494401396,0.000685729816149,0.000624010476663,8.88915745347e-05,0.000100576555366,9.64260652719e-05,7.7906473882e-05,5.99614251197e-05,0.00066567872737,0.000651114406342,0.000581863736634,0.000497232188913
0.471,9.31988926574e-05,0.000674227359098,0.000612895273571,0.000673270238483,0.000611936928176,8.71355123941e-05,9.86979158306e-05,9.45921643167e-05,7.6286104196e-05,5.86835002422e-05,0.000653379752868,0.000639100662984,0.000570368688909,0.000485146976761
0.472,9.14077657632e-05,0.000661973962225,0.000600967111874,0.000661037947343,0.000600007760957,8.54015462579e-05,9.68523066406e-05,9.27877293992e-05,7.46858840551e-05,5.74263148637e-05,0.00064138631647,0.000627368939004,0.000558994700807,0.000473209514881
0.473,8.96725433401e-05,0.000650075216463,0.000589318931973,0.000649158889903,0.000588666135085,8.37109964687e-05,9.50630218192e-05,9.10304150259e-05,7.31294094655e-05,5.62043017308e-05,0.000629745780335,0.000615882290511,0.000547854284463,0.000461585639749
0.474,8.79632182266e-05,0.000638334954717,0.000578259639898,0.000637437428484,0.00057794900446,8.20465525601e-05,9.32975190345e-05,8.93039665198e-05,7.1595759663e-05,5.49994671668e-05,0.000618185167112,0.000604456631984,0.000536781742625,0.000451271517752
0.475,8.62818871584e-05,0.000626798506355,0.000567717768853,0.000625918980921,0.000567358311457,8.04151540182e-05,9.15606755673e-05,8.76061575463e-05,7.00849979058e-05,5.38170176864e-05,0.000606889650352,0.000593166464252,0.000525819145277,0.000442958665237
0.476,8.46333573934e-05,0.00061548665292,0.000557305893316,0.000614624359904,0.000556894956313,7.88057662181e-05,8.98583020782e-05,8.59369830126e-05,6.86035875885e-05,5.26527474208e-05,0.000595835619487,0.00058220653355,0.000514992176497,0.000434854527204
0.477,8.30295264576e-05,0.000604469209112,0.000547085973484,0.000603623428982,0.00054662473506,7.72361919444e-05,8.82004530828e-05,8.4315836648e-05,6.71570569372e-05,5.15207465088e-05,0.000584997771094,0.000571695391536,0.000504528023606,0.000426944142338
0.478,8.14257003168e-05,0.000593470173831,0.000536804941643,0.000592640589801,0.000536295396778,7.56717785049e-05,8.65489325681e-05,8.26992428327e-05,6.57183044453e-05,5.03914415457e-05,0.000574214145366,0.000561131385127,0.000494934364846,0.000419014077143
0.479,7.98542627276e-05,0.000582697473426,0.000526656763677,0.000581883582791,0.000526099901024,7.4149754534e-05,8.49307776227e-05,8.11153147141e-05,6.43084225515e-05,4.92823522687e-05,0.000563704117976,0.000550704374277,0.000485860841518,0.000411217640557
0.48,7.8326236681e-05,0.000572230431963,0.000516716697162,0.000571431664937,0.000516113450589,7.26739857962e-05,8.3356640048e-05,7.95801973259e-05,6.29493359166e-05,4.82027092002e-05,0.000553423685314,0.000540498540065,0.000476992903853,0.000403611113758
0.481,7.68280789823e-05,0.000561947903873,0.000506876207741,0.000561163879043,0.00050623294367,7.12298540923e-05,8.18132113721e-05,7.80740487891e-05,6.16180374547e-05,4.71379373973e-05,0.000543324590911,0.000530460394276,0.000468224886826,0.000396102153996
0.482,7.53478436852e-05,0.000551797449089,0.00049709485157,0.00055102789033,0.000496425635133,6.98128323872e-05,8.02893461395e-05,7.65911798091e-05,6.02989654121e-05,4.60936622075e-05,0.000533434010862,0.000520739271214,0.000459511341632,0.000388649755235
0.483,7.39019012166e-05,0.000541865858915,0.000487481951225,0.000541110410781,0.000486953871509,6.8421510098e-05,7.87969990991e-05,7.51390057786e-05,5.90079258282e-05,4.50661442324e-05,0.000523703664831,0.0005112644547,0.00045092692452,0.00038131722573
0.484,7.24753197748e-05,0.000531999055178,0.000478129900404,0.000531257537208,0.000477955471107,6.70388985994e-05,7.73148191052e-05,7.3700640058e-05,5.77274337983e-05,4.40407534114e-05,0.000514005649427,0.000501782024167,0.000442339902746,0.000373986713094
0.485,7.10730256857e-05,0.000522309262702,0.000469325551739,0.000521581414825,0.000469140895823,6.56990857884e-05,7.58601239914e-05,7.22874227466e-05,5.64660250924e-05,4.3029048271e-05,0.000504550714123,0.000492401493715,0.00043384668061,0.000366744074136
0.486,6.97050910971e-05,0.000512893583214,0.000460747515698,0.000512178984129,0.00046051413704,6.44027954165e-05,7.44468222155e-05,7.09102634538e-05,5.52433139734e-05,4.20406424066e-05,0.000495355081145,0.000483230691501,0.000425532377841,0.000359659148143
0.487,6.83743812067e-05,0.000503691137836,0.000452303116964,0.000502989461363,0.000452021022027,6.31415923131e-05,7.30691743898e-05,6.95622544817e-05,5.40507010416e-05,4.1069556629e-05,0.000486316222316,0.000474272332123,0.000417347182561,0.000352690761839
0.488,6.70796010464e-05,0.00049863016385,0.000447600891092,0.000494064281932,0.000443710313924,6.19200787007e-05,7.1728852208e-05,6.82548139059e-05,5.2889983875e-05,4.01199945417e-05,0.000477563565558,0.000465736498485,0.000409335755547,0.000345874551631
0.489,6.57794217303e-05,0.000497467165046,0.000446474769353,0.000489514677097,0.000439430182054,6.06977996752e-05,7.03833747856e-05,6.69438914163e-05,5.17307121358e-05,3.91644818514e-05,0.000473116763694,0.000461379484506,0.000405205823807,0.000342332587338
0.49,6.45004138126e-05,0.000496445682634,0.00044548976385,0.000488322720427,0.000438281521495,5.9486681503e-05,6.9056734134e-05,6.56452164406e-05,5.05853498302e-05,3.82159275763e-05,0.000471936097003,0.000460207276871,0.000404091568533,0.000341339662599
0.491,6.32581543208e-05,0.00049568591703,0.000444754601574,0.000487425268735,0.000437414066516,5.83078327214e-05,6.77658095284e-05,6.43808292063e-05,4.94800269366e-05,3.72896852833e-05,0.000471046057732,0.000459322858989,0.000403248026593,0.000340586791379
0.492,6.20240288521e-05,0.000494954725378,0.000444054114498,0.000486585692009,0.000436608731003,5.71387568539e-05,6.64841221857e-05,6.31343773631e-05,4.838819145e-05,3.63669840468e-05,0.000470215849285,0.000458499464539,0.00040246886522,0.000339894806321
0.493,6.08069933704e-05,0.000494297779045,0.00044342722737,0.000485843049987,0.000435899654473,5.5985741794e-05,6.52223417916e-05,6.19055343839e-05,4.73309394733e-05,3.54543422736e-05,0.000469482659862,0.000457773170141,0.000401785174926,0.00033928688673
0.494,5.96177045197e-05,0.000493726611799,0.000442884293359,0.000485203937432,0.000435291206242,5.48588035744e-05,6.39843887295e-05,6.06998976023e-05,4.62938848921e-05,3.45592585774e-05,0.000468852291534,0.000457149367812,0.000401199729028,0.000338768490472
0.495,5.84616178714e-05,0.000493319784327,0.00044249564523,0.000484741747038,0.000434848990381,5.37640937358e-05,6.27829683483e-05,5.9530934202e-05,4.52870274379e-05,3.36855139917e-05,0.000468395572294,0.000456696812751,0.000400772774663,0.000338389606401
0.496,5.73250801175e-05,0.000492969114472,0.000442161481858,0.000484347107937,0.000434472694782,5.26847625837e-05,6.16064055565e-05,5.8386842557e-05,4.43032807539e-05,3.28244024134e-05,0.000468006395277,0.000456311449935,0.00040041071775,0.000338068685252
0.497,5.62164194946e-05,0.000492725280837,0.00044192781438,0.000484067346653,0.000434204493686,5.16347962676e-05,6.04570629685e-05,5.72718708128e-05,4.33466633275e-05,3.19798910354e-05,0.000467729798391,0.000456037084043,0.000400151486935,0.000337838112131
0.498,5.51258135253e-05,0.000492501928853,0.000441715495814,0.000483815658738,0.000433964678612,5.05987229435e-05,5.93258853552e-05,5.61765881938e-05,4.24069767744e-05,3.11463508021e-05,0.000467481438384,0.000455791368733,0.000399920556247,0.000337633726184
0.499,5.4056128585e-05,0.000492323305869,0.000441545238624,0.000483614295049,0.000433772507955,4.95769575756e-05,5.82205322656e-05,5.51042258298e-05,4.14835286723e-05,3.03265474981e-05,0.000467282739561,0.00045559462819,0.000399735121559,0.000337469066211
0.5,5.30028681968e-05,0.00049213458449,0.00044136693782,0.000483408135533,0.00043357728719,4.85665601033e-05,5.7129626918e-05,5.40500330983e-05,4.05754794715e-05,2.95168200358e-05,0.00046707989424,0.000455394139831,0.000399547884908,0.000337303665161
0.501,5.19650943345e-05,0.000482541910468,0.000432693414801,0.000483195881144,0.00043337829643,4.75710483014e-05,5.60554316615e-05,5.30108812671e-05,3.96804001775e-05,2.87218674625e-05,0.000466871758925,0.000455188965348,0.00039935863827,0.000337136553598
0.502,5.09370501882e-05,0.000473106570869,0.000423987258548,0.000480201163688,0.000430681674541,4.65782076917e-05,5.49794229331e-05,5.19692430191e-05,3.87996879342e-05,2.79366611539e-05,0.000463970283725,0.000452358961536,0.000396870752143,0.000335029993147
0.503,4.9958755637e-05,0.000464228110613,0.000415637476579,0.000470950680532,0.000422265168051,4.56317907244e-05,5.39549514256e-05,5.0974596754e-05,3.79627336776e-05,2.71857984199e-05,0.00045489263154,0.000443512362072,0.000389124696176,0.000328498394498
0.504,4.90051580132e-05,0.000455693054719,0.000407467295163,0.00046210652496,0.000414052700715,4.471030853e-05,5.2962054344e-05,5.00089093656e-05,3.71505040276e-05,2.64565852783e-05,0.000446035596782,0.000434880359944,0.00038156672981,0.000322127078788
0.505,4.806049002e-05,0.00044729466411,0.00039930461938,0.000453445945233,0.000405863004054,4.37931065345e-05,5.19776681582e-05,4.90521629909e-05,3.63445504388e-05,2.57351653755e-05,0.000437544970969,0.00042627334089,0.000374027561776,0.000315769131207
0.506,4.7124319728e-05,0.000439003418843,0.000391133706693,0.000444928941227,0.000397675388877,4.28834615237e-05,5.10019602153e-05,4.81016506509e-05,3.55419607781e-05,2.5020562645e-05,0.00042915602596,0.000417673113434,0.000366488646996,0.000309408515632
0.507,4.62141782167e-05,0.000431011861197,0.000383141035196,0.0004367428062,0.000389675713856,4.20017120004e-05,5.00544784894e-05,4.71773354566e-05,3.4770335788e-05,2.43259949238e-05,0.000420964071856,0.000409762945255,0.000359123369221,0.000303196947299
0.508,4.53091266325e-05,0.000423095760622,0.000375131552733,0.000428654181863,0.000381662700486,4.11303862492e-05,4.91119101171e-05,4.62594609921e-05,3.40058557502e-05,2.36388896939e-05,0.00041306249452,0.000402055695147,0.00035174420926,0.000296970574891
0.509,4.44224128689e-05,0.000415327408836,0.000367219770655,0.000420731558143,0.000373709611725,4.02802065152e-05,4.81856864014e-05,4.53607529764e-05,3.3260747432e-05,2.29639060866e-05,0.000405293050751,0.000394395074128,0.000344419373054,0.000290789545708
0.51,4.35594261579e-05,0.000407775666295,0.000360328732978,0.000413041055552,0.000365888000502,3.94531952574e-05,4.72819775679e-05,4.4484403623e-05,3.25410986218e-05,2.2305772641e-05,0.00039764895316,0.000386854031771,0.000337212981743,0.0002847097366
0.511,4.26879126248e-05,0.000400158426782,0.000353520521559,0.000405294060566,0.00035811793913,3.86222063572e-05,4.6369177349e-05,4.35995726686e-05,3.18211733383e-05,2.16452830254e-05,0.00039000983764,0.00037916832164,0.000329889304974,0.000278525607645
0.512,4.18501033121e-05,0.000392867366925,0.000346930636029,0.000397885077703,0.000351516959993,3.7828553256e-05,4.5492685402e-05,4.27518095958e-05,3.11294165648e-05,2.10100284763e-05,0.000382804913348,0.000371756619614,0.000322787648419,0.000272532814732
0.513,4.10329731638e-05,0.000385759215596,0.000340436315398,0.000390667217219,0.000345047360111,3.70533675742e-05,4.46370894546e-05,4.19284276177e-05,3.04511794251e-05,2.0395266564e-05,0.000375700335631,0.000364893062082,0.000315789117164,0.000266627504565
0.514,4.02413489404e-05,0.000378884398542,0.000334087970011,0.000383690232856,0.000338722224092,3.63015128929e-05,4.38096798084e-05,4.11317345198e-05,2.97961670492e-05,1.97991138484e-05,0.000368767674973,0.000358288270407,0.000308941321714,0.000260852391116
0.515,3.94406281035e-05,0.000371908023106,0.000327587563691,0.000376613981732,0.000332240139606,3.55371255655e-05,4.29711366658e-05,4.03237905692e-05,2.9141841189e-05,1.92014381979e-05,0.000361868037542,0.00035151764062,0.000301965020592,0.000254963854736
0.516,3.86729030848e-05,0.000365223919176,0.000321292623513,0.000369836465547,0.000325963736458,3.48111506089e-05,4.21683673543e-05,3.95484170625e-05,2.85127044545e-05,1.86272613956e-05,0.000355274069169,0.000344960768021,0.000295195869456,0.000249253175039
0.517,3.79157308991e-05,0.000358636915655,0.000315032913608,0.000363159420523,0.000319719920668,3.41042268799e-05,4.13781395236e-05,3.87848512794e-05,2.78937207089e-05,1.80684700138e-05,0.000348711753928,0.00033843611939,0.000288474091096,0.000243581747665
0.518,3.71715634397e-05,0.000352166074487,0.000308828007224,0.000356601672696,0.00031352852017,3.34140614579e-05,4.05995298687e-05,3.80358225762e-05,2.7284621176e-05,1.75219781773e-05,0.000342223130029,0.00033196811804,0.000281817650033,0.000237965392997
0.519,3.6425943385e-05,0.00034567760392,0.000302559563142,0.000350027351258,0.000307270394302,3.27264508728e-05,3.9819470352e-05,3.72863947729e-05,2.66780055948e-05,1.69769302653e-05,0.000335828602198,0.000325518345888,0.000275171255185,0.000232310655322
0.52,3.5703439237e-05,0.000339400356146,0.000296436419163,0.000343667897357,0.000301156458405,3.20630499201e-05,3.90662732736e-05,3.65610804182e-05,2.60895661841e-05,1.64478646786e-05,0.000329655086902,0.000319535416063,0.000269452766302,0.00022678513554
0.521,3.49890784969e-05,0.000333187218978,0.000290353572427,0.000337374138162,0.000295055313131,3.14094828056e-05,3.83202745273e-05,3.58413825545e-05,2.55056066012e-05,1.59298680952e-05,0.000323489242252,0.000313603190073,0.000264474039309,0.000221284502334
0.522,3.42964005357e-05,0.000327171017994,0.000284688187518,0.000331280420463,0.000289091543794,3.07739508285e-05,3.75970811724e-05,3.51417511986e-05,2.49390325076e-05,1.54290376828e-05,0.000317477508421,0.00030780852149,0.000259634479782,0.000215908008045
0.523,3.36209491173e-05,0.000321305156546,0.00027951869938,0.000325339382726,0.000283259450688,3.01529064991e-05,3.68908342642e-05,3.4458830691e-05,2.43853057434e-05,1.49397416196e-05,0.000311691677865,0.000302108974017,0.000254887321067,0.000210622843592
0.524,3.29505814256e-05,0.000315436979225,0.000274343138491,0.000319396353012,0.000277745536593,2.95312417628e-05,3.61837394631e-05,3.37786455292e-05,2.38298681526e-05,1.44576765382e-05,0.000305940624525,0.000296361277121,0.000250106526824,0.000205325489365
0.525,3.22995928992e-05,0.00030970326691,0.000269247858333,0.000313589770778,0.000272643972931,2.89223430177e-05,3.54947592561e-05,3.31146722381e-05,2.32863630768e-05,1.39881233784e-05,0.000300275296959,0.000290697941909,0.000245404527469,0.000200110807486
0.526,3.16539474023e-05,0.000304024792706,0.000264164480249,0.000307839321444,0.000267567673768,2.83225363563e-05,3.48127139085e-05,3.24553997284e-05,2.27468853052e-05,1.35283903861e-05,0.000294625908446,0.000285076004783,0.00024071662092,0.000194928391862
0.527,3.1018393951e-05,0.000298451227535,0.000259136814549,0.000302195271702,0.000262548064538,2.77345726336e-05,3.41445071038e-05,3.18059914122e-05,2.22195421422e-05,1.30797894554e-05,0.000289105738511,0.000279721835767,0.000236082706932,0.000189811814377
0.528,3.04128515114e-05,0.000293125915212,0.000254294112282,0.000296802705727,0.00025771521513,2.71734524107e-05,3.35069741284e-05,3.11862684457e-05,2.17167177133e-05,1.26495653171e-05,0.000283897993497,0.000274678096945,0.000231622902036,0.000184862988695
0.529,2.98132236888e-05,0.00028783900614,0.000249450716221,0.000291449143443,0.000252881518778,2.66171722281e-05,3.2874647743e-05,3.05760697854e-05,2.12177119756e-05,1.223631706e-05,0.000278700683118,0.000269636123647,0.000227164161002,0.000179939082221
0.53,2.92060594598e-05,0.000282484749792,0.000244514396618,0.000286027457793,0.000247952719177,2.60533313992e-05,3.22345142339e-05,2.99601483093e-05,2.0713300149e-05,1.18298927008e-05,0.000273400730143,0.000264491541693,0.000222621721815,0.000174972050825
0.531,2.86212219043e-05,0.000277342569221,0.000239733029956,0.000280820567664,0.000243180459998,2.55085412254e-05,3.16191138445e-05,2.93677691135e-05,2.0227866307e-05,1.14435734993e-05,0.000268289060131,0.000259509736977,0.000218224376238,0.000170150169283
0.532,2.80576539168e-05,0.000272386886848,0.000235085501276,0.000275802588921,0.000238542965432,2.49844215585e-05,3.10259962256e-05,2.87967610449e-05,1.97578756715e-05,1.10760536293e-05,0.000263423891858,0.000254668462903,0.000213952511239,0.000165459019723
0.533,2.74961131598e-05,0.000267419578615,0.000230397327979,0.000270772875176,0.000233863292309,2.44599345755e-05,3.04331252553e-05,2.82261338568e-05,1.92862013058e-05,1.07132568002e-05,0.000258568476339,0.000249783151831,0.000209644100108,0.000160765638999
0.534,2.69465157013e-05,0.000262550868467,0.000225767847313,0.00026584302274,0.000229241890409,2.39441470319e-05,2.98523657209e-05,2.76687748579e-05,1.88260931631e-05,1.03639698449e-05,0.000253774562529,0.000245000905642,0.000205391180684,0.000156148190969
0.535,2.6408762914e-05,0.000257788181279,0.000221214131073,0.000261020548208,0.000224686020481,2.34365669057e-05,2.92835506275e-05,2.7123622284e-05,1.83770826197e-05,1.00303960579e-05,0.000249054724707,0.000240441903536,0.000201199690176,0.000151609094215
0.536,2.58809705127e-05,0.000253121737748,0.000216801781665,0.000256295516503,0.000220188742249,2.2937594144e-05,2.87252005464e-05,2.65903459789e-05,1.79390486378e-05,9.7091429622e-06,0.000244430722694,0.00023604299173,0.000197063211441,0.000147144506321
0.537,2.53641731685e-05,0.000248555632466,0.000212722512623,0.000251672093656,0.000215764655085,2.24485280447e-05,2.81777874063e-05,2.60694689622e-05,1.75135385917e-05,9.39802222735e-06,0.000239968772344,0.000231712126574,0.000192985896211,0.000142769307215
0.538,2.48539530432e-05,0.000245950271107,0.000210428299559,0.00024709768733,0.000211435741603,2.19639863326e-05,2.76371885172e-05,2.55532541569e-05,1.70979186194e-05,9.09538314419e-06,0.000235553450374,0.00022739512383,0.00018892655223,0.000138488733453
0.539,2.43557615528e-05,0.000245398679098,0.000209886049075,0.000242636737502,0.000207454637158,2.14931010859e-05,2.71103924115e-05,2.50508603684e-05,1.66917346782e-05,8.80712988897e-06,0.000231215860403,0.00022315262832,0.000184936724839,0.000134769768252
0.54,2.38652063239e-05,0.000244920948643,0.000209420397084,0.000238230913226,0.000203645910553,2.10280655201e-05,2.65914448434e-05,2.45555849646e-05,1.62911643371e-05,8.52854805124e-06,0.000226906592398,0.000218931479972,0.000180972521236,0.000132008621582
0.541,2.33853683431e-05,0.000244517236771,0.000209029039869,0.000233899088592,0.000199881820121,2.05725846754e-05,2.60816355298e-05,2.40693055308e-05,1.58961146962e-05,8.25804848661e-06,0.000222675924681,0.000214751335095,0.00017704938701,0.00012952023093
0.542,2.29207401129e-05,0.000244234553634,0.000208750850659,0.00022969926281,0.000196207724483,2.0128755259e-05,2.55885885468e-05,2.35977746854e-05,1.55123651582e-05,7.99925688803e-06,0.000218626394808,0.00021067721621,0.000173212641966,0.000127133551504
0.543,2.24733008161e-05,0.000244098498032,0.000208607110028,0.000225662723421,0.000192652032647,1.96998778148e-05,2.51146915045e-05,2.3144273631e-05,1.51443916516e-05,7.75512056728e-06,0.000214736306845,0.000206795582101,0.000169489373482,0.000124858152321
0.544,2.20146813673e-05,0.000243817039558,0.000208341583458,0.00022152749616,0.000188986234333,1.92631347557e-05,2.46300905052e-05,2.26808588286e-05,1.47698227655e-05,7.51162679051e-06,0.000210723515891,0.000202931606138,0.000165684399325,0.000122532204481
0.545,2.15704006078e-05,0.000243624972895,0.000208157847535,0.000217518062397,0.000185405377944,1.88404157331e-05,2.4159708063e-05,2.22292116021e-05,1.4406226046e-05,7.27743848578e-06,0.000206809246031,0.000199212960857,0.000162015257691,0.00012028365511
0.546,2.1144197509e-05,0.000243569867032,0.00020809722332,0.000213677922791,0.000181949091777,1.8436199114e-05,2.37084604048e-05,2.17960789177e-05,1.40574685096e-05,7.05462461877e-06,0.000203056177802,0.00019562672898,0.000158721121819,0.000118137487427
0.547,2.07105140516e-05,0.000243357791858,0.000207901540991,0.000209751908547,0.000178394420638,1.80248547051e-05,2.32493015701e-05,2.13562787113e-05,1.37030286847e-05,6.8356241693e-06,0.000199264591952,0.000191934745637,0.000155681139805,0.000115934120385
0.548,2.02922143294e-05,0.000243248753204,0.000207798050986,0.000205970637709,0.000174943418796,1.76345789738e-05,2.28066356155e-05,2.09324962131e-05,1.33651238996e-05,6.62900253477e-06,0.000195629996456,0.000188351529727,0.000152839221279,0.000113811978941
0.549,1.98702281489e-05,0.000243031115269,0.000207600818013,0.000202155753963,0.000171440831787,1.72430871538e-05,2.23609598372e-05,2.05060341529e-05,1.30261599624e-05,6.42501672182e-06,0.00019194063259,0.000184711936693,0.00014995647368,0.000111663005979
0.55,1.94635077139e-05,0.000242921052699,0.000207499001241,0.000198490257717,0.000168046729551,1.68668589445e-05,2.19319431659e-05,2.00939317617e-05,1.27006595991e-05,6.23029471562e-06,0.000188373288287,0.000181186636041,0.000147174736258,0.000109593826571
0.551,1.90700731467e-05,0.000238196455887,0.000203436941416,0.000194902339436,0.000164699548436,1.64992271656e-05,2.15104546283e-05,1.96889270849e-05,1.23815731843e-05,6.04211096283e-06,0.000184864980962,0.00017771921939,0.000144437919794,0.000107561405605
0.552,1.86854397952e-05,0.000233611815457,0.000199414015824,0.000191362684785,0.000161374628235,1.61370382275e-05,2.10943464605e-05,1.92906116636e-05,1.20685318046e-05,5.86080789328e-06,0.000181431005002,0.000174310723703,0.000141723288681,0.000105547020806
0.553,1.83003623135e-05,0.000229074830318,0.000195358835764,0.000187810553547,0.000158023405362,1.57764934425e-05,2.06787755705e-05,1.88937982601e-05,1.17581035056e-05,5.68253290584e-06,0.00017801951949,0.000170971698122,0.000138981656123,0.000103512555492
0.554,1.79274513699e-05,0.000224737374921,0.000191413007505,0.000184381978879,0.000154778882818,1.54324364227e-05,2.02774100624e-05,1.85124899574e-05,1.14573237134e-05,5.51224091396e-06,0.000174719441725,0.000167805771788,0.000136319157208,0.000101539420303
0.555,1.75642853579e-05,0.000220558402607,0.000187549075068,0.000183275703,0.000153716271514,1.50974352876e-05,1.98877731723e-05,1.81423948636e-05,1.11649361532e-05,5.34899368803e-06,0.000173642742869,0.000166763806876,0.000135422517827,0.000100863286035
0.556,1.72046424899e-05,0.000216445513431,0.000183691707004,0.000182850076631,0.000153299171404,1.47645823141e-05,1.95033049839e-05,1.77765478639e-05,1.0877411737e-05,5.19101188399e-06,0.000173224101834,0.0001663494101,0.000135054502977,0.000100576162517
0.557,1.68484118626e-05,0.000212363288179,0.000179816171451,0.000182439662414,0.000152905105608,1.44320684603e-05,1.91201930398e-05,1.74113235028e-05,1.05942320445e-05,5.03587653621e-06,0.000172822440376,0.000165953360243,0.000134706543386,0.000100306000791
0.558,1.65041959825e-05,0.000208431321389,0.000176030608671,0.000182137577046,0.000152612234086,1.41101421448e-05,1.87496672032e-05,1.70585352226e-05,1.03224653456e-05,4.88706251935e-06,0.000172525980421,0.000165660575607,0.00013444841306,0.000100105511248
0.559,1.61622667568e-05,0.00020453934026,0.000172242774325,0.000181841910196,0.000152331868056,1.37938279894e-05,1.83823955216e-05,1.67096354173e-05,1.00588910938e-05,4.74194645881e-06,0.000172237407073,0.000165376599801,0.000134200273325,9.99123553214e-05
0.56,1.58351620673e-05,0.000200833978428,0.000168583241187,0.000181678046662,0.000152170184423,1.3495534161e-05,1.80316592799e-05,1.63773705764e-05,9.80914486167e-06,4.60426846873e-06,0.000172075842053,0.000165216475863,0.000134058016591,9.98013542354e-05
0.561,1.55146282408e-05,0.000197220020879,0.00016497315361,0.000181559539131,0.000152051737131,1.32065916542e-05,1.76884486137e-05,1.60522397157e-05,9.565482246e-06,4.4723920495e-06,0.000171958786686,0.000165100065245,0.000133953812296,9.9720624242e-05
0.562,1.51988676605e-05,0.000193648977555,0.000161372802857,0.000181438831169,0.000151934009779,1.2922190554e-05,1.73489321064e-05,1.57311261692e-05,9.32507341994e-06,4.34373468502e-06,0.000171840120417,0.000164982752212,0.000133849778908,9.96396882195e-05
0.563,1.48982557612e-05,0.000190241697822,0.000157894894108,0.000181427545809,0.000151913135979,1.26529650656e-05,1.70257602664e-05,1.54253238421e-05,9.09605595446e-06,4.22139252098e-06,0.000171826716688,0.000164967705355,0.000133832553609,9.9625990163e-05
0.564,1.45941983951e-05,0.000186791435869,0.000154497512619,0.000181328387272,0.000151819338052,1.23837864753e-05,1.66983031763e-05,1.51154934853e-05,8.86679455579e-06,4.09982247707e-06,0.00017173004732,0.000164872605631,0.000133749697981,9.95615786072e-05
0.565,1.42968490529e-05,0.000183422258529,0.000151629994679,0.000181257230396,0.000151751047718,1.21212091707e-05,1.63786983084e-05,1.48127019328e-05,8.64443723171e-06,3.98387698684e-06,0.000171660488012,0.000164804009731,0.000133689660746,9.95152217047e-05
0.566,1.40009822608e-05,0.000180065176429,0.000148825308342,0.000181144957408,0.000151648869232,1.1859960885e-05,1.60602343113e-05,1.45121617606e-05,8.42437807469e-06,3.87119518787e-06,0.000171552004705,0.000164698301767,0.00013359877084,9.94447108406e-05
0.567,1.37151288801e-05,0.000176843148339,0.000146111293524,0.000181114394364,0.000151618074951,1.16107064631e-05,1.57531713634e-05,1.42224534409e-05,8.21279286012e-06,3.76414706582e-06,0.00017152167015,0.000164668203893,0.000133571393585,9.94231483089e-05
0.568,1.34307964738e-05,0.000173637454344,0.000143388549182,0.000181045828685,0.000151555252922,1.13623397747e-05,1.54466961731e-05,1.39354786293e-05,8.00429004257e-06,3.65986422477e-06,0.000171455264386,0.00016460321579,0.000133515452469,9.93798222446e-05
0.569,1.31499777697e-05,0.000170454888546,0.000140663609169,0.000180944221636,0.000151465114023,1.11156040315e-05,1.51431549072e-05,1.36507141084e-05,7.79889143416e-06,3.55850670454e-06,0.000171357560993,0.000164508318038,0.000133434878065,9.93174717581e-05
0.57,1.28789509647e-05,0.000167377272805,0.000138006452197,0.00018089633983,0.00015142173519,1.08772090496e-05,1.48509936819e-05,1.33749155572e-05,7.60010717081e-06,3.46204955599e-06,0.000171311244918,0.000164462983448,0.000133396228142,9.92873933154e-05
0.571,1.26112238304e-05,0.000164330959668,0.000135355986402,0.000180824410444,0.000151358113801,1.06408138024e-05,1.45616834577e-05,1.31043239413e-05,7.40402795196e-06,3.36909178678e-06,0.000171242127642,0.000164395791356,0.000133339844247,9.92434720313e-05
0.572,1.23459721143e-05,0.000161305965657,0.000132704252148,0.000179709699956,0.000150422344488,1.0405658652e-05,1.42735821131e-05,1.28353411576e-05,7.21012959553e-06,3.27786452861e-06,0.000170183495884,0.000163379291511,0.000132514653674,9.86270828158e-05
0.573,1.20924067386e-05,0.000158408114148,0.000130140850892,0.000176182284668,0.000147426451807,1.0181316006e-05,1.39982288968e-05,1.25757375006e-05,7.02336901346e-06,3.19224004869e-06,0.000166787078899,0.00016012041741,0.000129875089268,9.66636964544e-05
0.574,1.18427535096e-05,0.000155545857334,0.000127589915495,0.000172766997779,0.000144462901704,9.96025679495e-06,1.37272791426e-05,1.23194858765e-05,6.84057162125e-06,3.10938992747e-06,0.000163428614979,0.000156897617065,0.000127263972532,9.47208608202e-05
0.575,1.15986187578e-05,0.000152739364705,0.000125069168204,0.000169469937739,0.000141545758917,9.74463594755e-06,1.34613929478e-05,1.20679021767e-05,6.66312750834e-06,3.02966184222e-06,0.000160122945494,0.000153725302088,0.000124693901855,9.28085973841e-05
0.576,1.13609819388e-05,0.000150017293039,0.000122602930808,0.000166310144143,0.000138697807837,9.53437254747e-06,1.32038469892e-05,1.182359438e-05,6.49173584422e-06,2.9538018646e-06,0.000156961919125,0.000150628284943,0.000122184765326,9.09424841429e-05
0.577,1.11209454889e-05,0.000147267090401,0.000120097702678,0.000163153021779,0.000135809084173,9.32347679796e-06,1.29446006258e-05,1.15783876972e-05,6.322303834e-06,2.87793963655e-06,0.00015395276406,0.000147488608357,0.000119638665782,8.90468511222e-05
0.578,1.08848017452e-05,0.000144560962511,0.000117614710688,0.000160071033974,0.00013294669533,9.11688454683e-06,1.26898341403e-05,1.13372805105e-05,6.15710426045e-06,2.8053718876e-06,0.000150966507588,0.000144377655257,0.000117115776236,8.71672006394e-05
0.579,1.06555605226e-05,0.000141924909265,0.000115176262961,0.000157087049011,0.000130134130393,8.91529724432e-06,1.24405381141e-05,1.11028942015e-05,5.99625309207e-06,2.73576405298e-06,0.000148030071172,0.000141327489156,0.00011463741583,8.53218473797e-05
0.58,1.04353238038e-05,0.000139395794654,0.000112813776352,0.000154237224236,0.000127405746785,8.72070010521e-06,1.22019046621e-05,1.0877097989e-05,5.84121190226e-06,2.67025750955e-06,0.000145182643655,0.000138636787441,0.000112233952376,8.35335496201e-05
0.581,1.02157177915e-05,0.000136864912343,0.000110437720319,0.000151397661682,0.000124659547116,8.52681053845e-06,1.19630950966e-05,1.065074242e-05,5.6877673937e-06,2.60546070828e-06,0.000142340304055,0.000136056584405,0.000109813913711,8.17318924384e-05
0.582,1.00018910983e-05,0.000134414714545,0.000108122415091,0.000148656879304,0.000121972908802,8.33883750668e-06,1.17325580664e-05,1.0431201558e-05,5.54006694501e-06,2.54329303115e-06,0.000139737173807,0.000133532947679,0.000107447292775,7.99714083929e-05
0.583,9.79626063342e-06,0.000132052267281,0.000105893270086,0.000146020512782,0.000119352850328,8.15697352727e-06,1.15104027429e-05,1.02184865308e-05,5.39744220131e-06,2.48301413081e-06,0.000137215860707,0.000131073841987,0.000105139704024,7.82552434171e-05
0.584,9.58491632414e-06,0.000129613894226,0.000103710080082,0.000143305866896,0.000116648022154,7.97062844012e-06,1.12809683677e-05,1.00019071852e-05,5.25245285644e-06,2.42141738573e-06,0.000134590693727,0.000128515818997,0.000102755917419,7.64800157999e-05
0.585,9.38225475726e-06,0.000127290845617,0.000101782691217,0.000140723182,0.000114036674521,7.79313577528e-06,1.10633652016e-05,9.79645459751e-06,5.11399067526e-06,2.36339633066e-06,0.000132062657497,0.000126051876814,0.000100455340486,7.47680197764e-05
0.586,9.18014921205e-06,0.000124978991035,9.99110337806e-05,0.000138156308321,0.000111423022691,7.6163710316e-06,1.08462229022e-05,9.59295090131e-06,4.97774577375e-06,2.30705676845e-06,0.000129524255848,0.000123578232985,9.81523047281e-05,7.30535195518e-05
0.587,8.98216022474e-06,0.000122687607617,9.80448608576e-05,0.000135614739166,0.000108829965869,7.44106018964e-06,1.06304436037e-05,9.39210944408e-06,4.84389532349e-06,2.25238957728e-06,0.000127006811437,0.000121105376679,9.58556673039e-05,7.13429883661e-05
0.588,8.79250848077e-06,0.000121408120797,9.69773190788e-05,0.000133150227612,0.000106508934089,7.2698282202e-06,1.04207625416e-05,9.19750706763e-06,4.71492952431e-06,2.20000042197e-06,0.000124656911475,0.000118681901953,9.36052074765e-05,6.96679602744e-05
0.589,8.60693895411e-06,0.000121117366072,9.67036093362e-05,0.000130721140056,0.000104539765792,7.10021487183e-06,1.02147974127e-05,9.00594643885e-06,4.58880204749e-06,2.14798633806e-06,0.000122354224576,0.000116273459131,9.1371196705e-05,6.80050173009e-05
0.59,8.42197258373e-06,0.000120837367603,9.64454693918e-05,0.000128296345835,0.000102576265767,6.93066996051e-06,1.00105652124e-05,8.81497902509e-06,4.46475802538e-06,2.09608825282e-06,0.000120033995026,0.000113906376257,8.91319161131e-05,6.63378233762e-05
0.591,8.24435627174e-06,0.000120643040373,9.62635112708e-05,0.00012596527626,0.000100675539495,6.7677116454e-06,9.81406037821e-06,8.63087200361e-06,4.3468364165e-06,2.0473971329e-06,0.000117781886929,0.000111782259658,8.6953952957e-05,6.4716387723e-05
0.592,8.0665098701e-06,0.000120435635804,9.60749817288e-05,0.00012363112765,9.87575831608e-05,6.60493404501e-06,9.61641326806e-06,8.44675765201e-06,4.23094964923e-06,1.99897488496e-06,0.000115507331494,0.000109686172343,8.47675334342e-05,6.30883194854e-05
0.593,7.89229357675e-06,0.000120261698009,9.59171962871e-05,0.000121348664347,9.68680629377e-05,6.44509453332e-06,9.42254756049e-06,8.26768952074e-06,4.11835538542e-06,1.95189976989e-06,0.000113266524217,0.000107619629809,8.26140550243e-05,6.14841938069e-05
0.594,7.72344496573e-06,0.000120139559701,9.58050355965e-05,0.00011913972993,9.50253279676e-05,6.28989828821e-06,9.23501965827e-06,8.09528773108e-06,4.00923928998e-06,1.90678129512e-06,0.000111119443226,0.000105602923968,8.05091958601e-05,5.99172476993e-05
0.595,7.55923000924e-06,0.000120048106782,9.57208438782e-05,0.00011698523219,9.32148158645e-05,6.13945393684e-06,9.05259301015e-06,7.92684989531e-06,3.90364307178e-06,1.86335265278e-06,0.000109080088856,0.000103619727667,7.84411781588e-05,5.83783076415e-05
0.596,7.39796040049e-06,0.000119961196676,9.56417157198e-05,0.000114861674166,9.14161116955e-05,5.9915541864e-06,8.87366004423e-06,7.76097859029e-06,3.80102597342e-06,1.82063198473e-06,0.000107072146987,0.000101648717482,7.63918652193e-05,5.68534156575e-05
0.597,7.24411482285e-06,0.000119937541904,9.56162606564e-05,0.000112826420576,8.96782406114e-05,5.85033198371e-06,8.70268597275e-06,7.6032031802e-06,3.70317007607e-06,1.78033765763e-06,0.000105132049813,9.97430174837e-05,7.44042857285e-05,5.53750963113e-05
0.598,7.08858428473e-06,0.000119850112128,9.55398759179e-05,0.000110760620933,8.79039062671e-05,5.70817034211e-06,8.52955451577e-06,7.44360169954e-06,3.60504785528e-06,1.73860354772e-06,0.000103147818743,9.77960633062e-05,7.23958617691e-05,5.38799859851e-05
0.599,6.93703692014e-06,0.000119795030699,9.54911223708e-05,0.000108755929371,8.6168253421e-05,5.56953070375e-06,8.36152422755e-06,7.2882503138e-06,3.50968454351e-06,1.69815068704e-06,0.000101206077591,9.5890564178e-05,7.0431137078e-05,5.24180818972e-05
0.6,6.78776741409e-06,0.000119733729232,9.54378652651e-05,0.000106777199919,8.44425935077e-05,5.43275984676e-06,8.19584059048e-06,7.13446793451e-06,3.41591152049e-06,1.65889612471e-06,9.92784069571e-05,9.39951474038e-05,6.84852024345e-05,5.09699065263e-05
0.601,6.64003071444e-06,0.000117376296298,9.35475476357e-05,0.000104821194015,8.27247533085e-05,5.29728329884e-06,8.03190155221e-06,6.98235357577e-06,3.32405016571e-06,1.62052056526e-06,9.73774573147e-05,9.21098252825e-05,6.65574440366e-05,4.95348685259e-05
0.602,6.49522400135e-06,0.000115096084271,9.1681482126e-05,0.000102898507547,8.10242257604e-05,5.16374332822e-06,7.87052553688e-06,6.83386325699e-06,3.23409075503e-06,1.58296855679e-06,9.55510126819e-05,9.02646858452e-05,6.46786287397e-05,4.81198118936e-05
0.603,6.35655617318e-06,0.000112945531559,8.98871790097e-05,0.00010106409921,7.93854787912e-05,5.03564580701e-06,7.71689633432e-06,6.69199852767e-06,3.14906002513e-06,1.54801696898e-06,9.3826964106e-05,8.85585110472e-05,6.29987684022e-05,4.67521137753e-05
0.604,6.21513273108e-06,0.000110751023287,8.80271537766e-05,9.91689327256e-05,7.76887410609e-05,4.90411127813e-06,7.558817338e-06,6.5464952957e-06,3.06276675351e-06,1.51229868038e-06,9.20351712802e-05,8.6869823677e-05,6.16367603138e-05,4.53567679981e-05
0.605,6.08038342638e-06,0.000108671508934,8.6234312105e-05,9.73600372916e-05,7.60531518868e-05,4.77911673723e-06,7.40833267543e-06,6.40781447862e-06,2.98069025504e-06,1.47825977318e-06,9.03110938519e-05,8.52611604622e-05,6.0478016383e-05,4.40089454029e-05
0.606,5.95214322043e-06,0.000106715617639,8.45192125317e-05,9.56489884511e-05,7.44883155551e-05,4.6608874658e-06,7.26555236387e-06,6.27668897549e-06,2.9029272874e-06,1.44592804489e-06,8.86664210798e-05,8.37295449123e-05,5.93935595001e-05,4.27138234765e-05
0.607,5.8246909178e-06,0.000104771521486,8.2793249772e-05,9.39385369226e-05,7.29167382731e-05,4.54389212528e-06,7.12294527362e-06,6.14585459767e-06,2.82625210975e-06,1.41332453502e-06,8.701124727e-05,8.21880344864e-05,5.83125744442e-05,4.14242632552e-05
0.608,5.6976307499e-06,0.000102836803533,8.10561984648e-05,9.22287386444e-05,7.13382130202e-05,4.4288195161e-06,6.98064677371e-06,6.01506586203e-06,2.7496933772e-06,1.3803501109e-06,8.53520928633e-05,8.06360738644e-05,5.72317089377e-05,4.01395823864e-05
0.609,5.57414246828e-06,0.000100962271372,7.93507246812e-05,9.05668821846e-05,6.97913430564e-05,4.31849678941e-06,6.84279621026e-06,5.88886633497e-06,2.67525975323e-06,1.34846640303e-06,8.37479411366e-05,7.91160492538e-05,5.61813175308e-05,3.8883542069e-05
0.61,5.45209065975e-06,9.91107727361e-05,7.76488890501e-05,8.89210112681e-05,6.82590866486e-05,4.20993407636e-06,6.70571648338e-06,5.76443325527e-06,2.60207943349e-06,1.31735566313e-06,8.21923682017e-05,7.76003164044e-05,5.51402110484e-05,3.76421649604e-05
0.611,5.33314497615e-06,9.73206476866e-05,7.5982702616e-05,8.73265652364e-05,6.68018150599e-05,4.10494036575e-06,6.57243198682e-06,5.64380971644e-06,2.53181479547e-06,1.28740662043e-06,8.06982822467e-05,7.61198417387e-05,5.41289500985e-05,3.64309475484e-05
0.612,5.21415594392e-06,9.55286684116e-05,7.4302792704e-05,8.63992793041e-05,6.59723717109e-05,4.00115274169e-06,6.43940647033e-06,5.5225140822e-06,2.46275511448e-06,1.25786895055e-06,7.98219015197e-05,7.52517090465e-05,5.35139000413e-05,3.56874582934e-05
0.613,5.09762971378e-06,9.3769814941e-05,7.26385470598e-05,8.61809787926e-05,6.57552419154e-05,3.89963137373e-06,6.30881123287e-06,5.40300511912e-06,2.39483817758e-06,1.22912562974e-06,7.96088454633e-05,7.50429782674e-05,5.33316107773e-05,3.54492678858e-05
0.614,4.98394107835e-06,9.20515029932e-05,7.09959415815e-05,8.60041078319e-05,6.55790613131e-05,3.8002897751e-06,6.18124185099e-06,5.28588329902e-06,2.32839569666e-06,1.20143307988e-06,7.94361149822e-05,7.48738102359e-05,5.31844943843e-05,3.52572740177e-05
0.615,4.87316739794e-06,9.03698764542e-05,6.93740551086e-05,8.58592812984e-05,6.54356951104e-05,3.70378698688e-06,6.05712403724e-06,5.17125316828e-06,2.26364180778e-06,1.17353788866e-06,7.92948718856e-05,7.47355742215e-05,5.30645644929e-05,3.51020491261e-05
0.616,4.7678815693e-06,8.87735851944e-05,6.78119556472e-05,8.5788977453e-05,6.53568156065e-05,3.6120176238e-06,5.93884875476e-06,5.06159326573e-06,2.20187786584e-06,1.14680118419e-06,7.92244098606e-05,7.46654292305e-05,5.2998250915e-05,3.49981483062e-05
0.617,4.66376991365e-06,8.71882727439e-05,6.62513229976e-05,8.57191269945e-05,6.52831388548e-05,3.52090077373e-06,5.82138248924e-06,4.95343708618e-06,2.1406748961e-06,1.12057069579e-06,7.91553386802e-05,7.45971696338e-05,5.29361999142e-05,3.49086427445e-05
0.618,4.56127817352e-06,8.5624333961e-05,6.47014281899e-05,8.56563157311e-05,6.52183622987e-05,3.43169529879e-06,5.7047650411e-06,4.84748141431e-06,2.08062979264e-06,1.09521092846e-06,7.90935686249e-05,7.45363120035e-05,5.28818625257e-05,3.48336637603e-05
0.619,4.46075603998e-06,8.40787786812e-05,6.31603203925e-05,8.55948924746e-05,6.51576539083e-05,3.34460426738e-06,5.58937020949e-06,4.74277798063e-06,2.02158722992e-06,1.07060878697e-06,7.90337795856e-05,7.44778852693e-05,5.28314122909e-05,3.47690093596e-05
0.62,4.36251079543e-06,8.25608231775e-05,6.16361640066e-05,8.55421981219e-05,6.51062761652e-05,3.26054121263e-06,5.47661704607e-06,4.64034059414e-06,1.96374530659e-06,1.04643507094e-06,7.89825203926e-05,7.4427752028e-05,5.27881418116e-05,3.47151498673e-05
0.621,4.26499624783e-06,8.10363117794e-05,6.01412529391e-05,8.5460936181e-05,6.50345475727e-05,3.17706803359e-06,5.36426772004e-06,4.5379102527e-06,1.90626446074e-06,1.02099388784e-06,7.89050375224e-05,7.43530622798e-05,5.27281086995e-05,3.46544854166e-05
0.622,4.17325617221e-06,7.9600026152e-05,5.89075395236e-05,8.54500305736e-05,6.50197279301e-05,3.09804809884e-06,5.2581722755e-06,4.44066507339e-06,1.85190734945e-06,9.97358822704e-07,7.88934919437e-05,7.43412247136e-05,5.27155545734e-05,3.46301289955e-05
0.623,4.08174873985e-06,7.81716090895e-05,5.78299094557e-05,8.54245583927e-05,6.49946388403e-05,3.01996823578e-06,5.15335789682e-06,4.34397100265e-06,1.79808502385e-06,9.74184320673e-07,7.88686640355e-05,7.43169129317e-05,5.26947389369e-05,3.46031778952e-05
0.624,3.98980376089e-06,7.67390577011e-05,5.67555605592e-05,8.53697259248e-05,6.49476629635e-05,2.94223701077e-06,5.04846281371e-06,4.24690670732e-06,1.74468628376e-06,9.51334430462e-07,7.88166754342e-05,7.42671941202e-05,5.26558679927e-05,3.45666629337e-05
0.625,3.90066248793e-06,7.53538759895e-05,5.57126627719e-05,8.49433021071e-05,6.46222491511e-05,2.86686635824e-06,4.94723307819e-06,4.15293363409e-06,1.69296456028e-06,9.29289487795e-07,7.84221461338e-05,7.38953960578e-05,5.23917298806e-05,3.43905413717e-05
0.626,3.81114769985e-06,7.39573862532e-05,5.46557762518e-05,8.32532989211e-05,6.33250695487e-05,2.79118004107e-06,4.84549885036e-06,4.05845216334e-06,1.64111956978e-06,9.06587504535e-07,7.68401633675e-05,7.24059769698e-05,5.13400388899e-05,3.37133819352e-05
0.627,3.72476350646e-06,7.26040242997e-05,5.36264086471e-05,8.16400359123e-05,6.20613175133e-05,2.71749645322e-06,4.74690532464e-06,3.96739626208e-06,1.59110816723e-06,8.84332823484e-07,7.52992238565e-05,7.09550934852e-05,5.03153544023e-05,3.30527356808e-05
0.628,3.64095069138e-06,7.12840780433e-05,5.26170044403e-05,8.00861723787e-05,6.08210067055e-05,2.64542000815e-06,4.65074230164e-06,3.87914195832e-06,1.54274988658e-06,8.6315541462e-07,7.37872430434e-05,6.95314355445e-05,4.93098941558e-05,3.24034255416e-05
0.629,3.55943045188e-06,7.00083623298e-05,5.16353420521e-05,7.85989054537e-05,5.9612213744e-05,2.57575894979e-06,4.55736662798e-06,3.79409720158e-06,1.49625988004e-06,8.42787575738e-07,7.23142437299e-05,6.81444381097e-05,4.8330461912e-05,3.17709663742e-05
0.63,3.48010785328e-06,6.87695951035e-05,5.06766733947e-05,7.71662084042e-05,5.84284189569e-05,2.50972729551e-06,4.46664767783e-06,3.7116281769e-06,1.45117228314e-06,8.23190805418e-07,7.08716358406e-05,6.67860709104e-05,4.7371379593e-05,3.11512360957e-05
0.631,3.40021996426e-06,6.75077542386e-05,4.96943275555e-05,7.57177633797e-05,5.72166386828e-05,2.44434488553e-06,4.37453699255e-06,3.62832219909e-06,1.40632266412e-06,8.03833100643e-07,6.94001042045e-05,6.53965531183e-05,4.63889635131e-05,3.05143754287e-05
0.632,3.32315195208e-06,6.62949247908e-05,4.87435432437e-05,7.43322026397e-05,5.60396975861e-05,2.38259134795e-06,4.28617627927e-06,3.54873797854e-06,1.36319114186e-06,7.85495181774e-07,6.80844960327e-05,6.40467637465e-05,4.54352162346e-05,2.98967984386e-05
0.633,3.24428348078e-06,6.50488355882e-05,4.77614079658e-05,7.29154581722e-05,5.48254564544e-05,2.32014166307e-06,4.1962321848e-06,3.46770435608e-06,1.31990374629e-06,7.66940526173e-07,6.67699647234e-05,6.26555241279e-05,4.44501230389e-05,2.92572010285e-05
0.634,3.16795013214e-06,6.38460562739e-05,4.68064531297e-05,7.15520346878e-05,5.36409847166e-05,2.26044078297e-06,4.10960871703e-06,3.38968230479e-06,1.27827942057e-06,7.49291322427e-07,6.54879635126e-05,6.12980170632e-05,4.34895811581e-05,2.86338442167e-05
0.635,3.09342969844e-06,6.26697623953e-05,4.58660821619e-05,7.02219827784e-05,5.24716221179e-05,2.20273651866e-06,4.02477044407e-06,3.31360159717e-06,1.23771723087e-06,7.32333583227e-07,6.42216349176e-05,5.99582654489e-05,4.25415628211e-05,2.80182431715e-05
0.636,3.02084662887e-06,6.15120826721e-05,4.49345226652e-05,6.89156468845e-05,5.13114796048e-05,2.14684864453e-06,3.94108533531e-06,3.23867206657e-06,1.19816059941e-06,7.16086239764e-07,6.29633757434e-05,5.86292127814e-05,4.16010352758e-05,2.74073297818e-05
0.637,2.94910803592e-06,6.0373348324e-05,4.401179111e-05,6.76327543773e-05,5.01608213339e-05,2.09190337327e-06,3.8587583511e-06,3.16516772518e-06,1.1594652569e-06,7.00458575455e-07,6.17139276758e-05,5.73351521679e-05,4.06682678093e-05,2.68014498279e-05
0.638,2.88161733969e-06,5.97752158943e-05,4.35169433274e-05,6.64364529467e-05,4.90694744795e-05,2.04059319794e-06,3.78179114677e-06,3.09580142496e-06,1.12318667975e-06,6.86003941301e-07,6.05327594813e-05,5.62614987212e-05,3.97842294891e-05,2.62288939769e-05
0.639,2.81354727629e-06,5.96342958079e-05,4.33936840768e-05,6.52250985382e-05,4.79600581393e-05,1.98923067126e-06,3.70403206101e-06,3.02574355057e-06,1.08717209991e-06,6.71862799937e-07,5.93290226068e-05,5.52268548871e-05,3.88846804681e-05,2.56455235137e-05
0.64,2.74620870114e-06,5.95088185595e-05,4.3285416038e-05,6.40271413955e-05,4.68546897747e-05,1.939033058e-06,3.62723373734e-06,2.95642365104e-06,1.05154350443e-06,6.57819910533e-07,5.8152894202e-05,5.41939061071e-05,3.79887006609e-05,2.5063963854e-05
0.641,2.68163866869e-06,5.94250372038e-05,4.32112100104e-05,6.28753108613e-05,4.57790660177e-05,1.89109351862e-06,3.55315290788e-06,2.89020865723e-06,1.01766512389e-06,6.45028632744e-07,5.70883647684e-05,5.31915231342e-05,3.71167723509e-05,2.4498409264e-05
0.642,2.61846988308e-06,5.93448312333e-05,4.31420246894e-05,6.17321925589e-05,4.4705470803e-05,1.84416056325e-06,3.47937611341e-06,2.82519126065e-06,9.84190563241e-07,6.32649193945e-07,5.60367318047e-05,5.2188096743e-05,3.62464286648e-05,2.39337453489e-05
0.643,2.5575494244e-06,5.92776274205e-05,4.30840094987e-05,6.06107178712e-05,4.3643745756e-05,1.7982961411e-06,3.40688725675e-06,2.76172716068e-06,9.51689004252e-07,6.20947299435e-07,5.49955044343e-05,5.11948186934e-05,3.53858833633e-05,2.33751665893e-05
0.644,2.49660439034e-06,5.9184960927e-05,4.30085833316e-05,5.94742143806e-05,4.25677074121e-05,1.7522701097e-06,3.33427177578e-06,2.69774229545e-06,9.19632951074e-07,6.09397018207e-07,5.3931672249e-05,5.01808907163e-05,3.451295399e-05,2.2808019579e-05
0.645,2.4387843354e-06,5.91383921056e-05,4.29688156684e-05,5.83967372676e-05,4.15323592461e-05,1.70851132656e-06,3.26522167891e-06,2.63698660006e-06,8.89182279621e-07,5.98738469088e-07,5.29132450192e-05,4.92099508941e-05,3.36735987612e-05,2.22637340002e-05
0.646,2.38435314296e-06,5.91440959608e-05,4.29694353061e-05,5.73834082592e-05,4.0541807564e-05,1.66787618918e-06,3.20029913665e-06,2.58020584807e-06,8.60480531199e-07,5.89098677901e-07,5.19456856904e-05,4.82871200753e-05,3.28712317115e-05,2.1744419348e-05
0.647,2.32917635495e-06,5.91131259309e-05,4.29430971969e-05,5.63479065757e-05,3.95331572581e-05,1.62668745217e-06,3.13473940148e-06,2.52248998535e-06,8.31379380928e-07,5.79662714025e-07,5.09502361266e-05,4.73386852372e-05,3.20535332374e-05,2.12138311002e-05
0.648,2.27538084287e-06,5.90884089468e-05,4.29222048196e-05,5.53505258967e-05,3.85546975294e-05,1.58643711793e-06,3.07037520495e-06,2.46631739675e-06,8.0342973926e-07,5.70705198949e-07,4.99840511606e-05,4.64175637538e-05,3.1260447169e-05,2.06993721194e-05
0.649,2.22215625471e-06,5.90537358974e-05,4.28941107489e-05,5.52146484432e-05,3.83992587507e-05,1.5464351268e-06,3.00618656024e-06,2.41066661542e-06,7.75961282471e-07,5.6227544876e-07,4.98490431869e-05,4.62854696071e-05,3.11342925293e-05,2.06173931988e-05
0.65,2.16955855818e-06,5.90135855397e-05,4.28626616558e-05,5.50941592865e-05,3.82664122907e-05,1.50695005297e-06,2.94269447731e-06,2.35575566786e-06,7.493549197e-07,5.54218485479e-07,4.97302718247e-05,4.61698321288e-05,3.10263410277e-05,2.05467748036e-05
0.651,2.11797637654e-06,5.78460040856e-05,4.20095778908e-05,5.49891260259e-05,3.81536755945e-05,1.46821947674e-06,2.88003271016e-06,2.30159532775e-06,7.23552503027e-07,5.4680134045e-07,4.9627326997e-05,4.60697706962e-05,3.09343737044e-05,2.04864228523e-05
0.652,2.06788540474e-06,5.6728414509e-05,4.11761952608e-05,5.49089007803e-05,3.80662765053e-05,1.4308253103e-06,2.81918162804e-06,2.24901582873e-06,6.98729831113e-07,5.40153865284e-07,4.95484811277e-05,4.59930215301e-05,3.08632583175e-05,2.04398511631e-05
0.653,2.0187246119e-06,5.56464714828e-05,4.03542107312e-05,5.48417114344e-05,3.79941019893e-05,1.39443759595e-06,2.75950274768e-06,2.19725445743e-06,6.74607789986e-07,5.34025232957e-07,4.94825763503e-05,4.5929110112e-05,3.08045090848e-05,2.04011539927e-05
0.654,1.97022461215e-06,5.45869941942e-05,3.95354459666e-05,5.47758578703e-05,3.79274690173e-05,1.35852606229e-06,2.70065455139e-06,2.14623060968e-06,6.51239260033e-07,5.28424991558e-07,4.94187709255e-05,4.5867560337e-05,3.07502927229e-05,2.03652266118e-05
0.655,1.92335466658e-06,5.35707317776e-05,3.87372859964e-05,5.4733274164e-05,3.78815073734e-05,1.32359316338e-06,2.64397942927e-06,2.09723263824e-06,6.28726424377e-07,5.23530534802e-07,4.9376950436e-05,4.58270052246e-05,3.0713016113e-05,2.03407901971e-05
0.656,1.87757888272e-06,5.25835204009e-05,3.79501922549e-05,5.44173923872e-05,3.76567026091e-05,1.28949956456e-06,2.58885265327e-06,2.04952310243e-06,6.07013350873e-07,5.1939352657e-07,4.90903767108e-05,4.55604543384e-05,3.05305128846e-05,2.02198749213e-05
0.657,1.83135265733e-06,5.15857056662e-05,3.7145558681e-05,5.33590280368e-05,3.69264006685e-05,1.25547037445e-06,2.53327531383e-06,2.00144599198e-06,5.8532991934e-07,5.15515594292e-07,4.81252633177e-05,4.4666093677e-05,2.99379322787e-05,1.98263354172e-05
0.658,1.78718605345e-06,5.06252429276e-05,3.63599142762e-05,5.23455819078e-05,3.62140800589e-05,1.22274890158e-06,2.47958711105e-06,1.95496734693e-06,5.64538648124e-07,5.12237239132e-07,4.71847426431e-05,4.37945225075e-05,2.9359879933e-05,1.94428245016e-05
0.659,1.74286225129e-06,4.96545964841e-05,3.55590223226e-05,5.13264708374e-05,3.54854994119e-05,1.18992722963e-06,2.42550147324e-06,1.90812798776e-06,5.4383579185e-07,5.0915250235e-07,4.62245951772e-05,4.29043742787e-05,2.87683666662e-05,1.90497798418e-05
0.66,1.70003335808e-06,4.87185686925e-05,3.47765501524e-05,5.03469308454e-05,3.47741653178e-05,1.15809769017e-06,2.37355224631e-06,1.86267803048e-06,5.23966870467e-07,5.0711287367e-07,4.52874638626e-05,4.20356304374e-05,2.81909921059e-05,1.866665073e-05
0.661,1.65896875973e-06,4.78205994467e-05,3.40162038363e-05,4.94096327147e-05,3.40834817748e-05,1.1274878828e-06,2.32354263023e-06,1.81907709708e-06,5.05001409416e-07,5.0566225159e-07,4.43771300937e-05,4.11917247567e-05,2.76307407374e-05,1.82950435796e-05
0.662,1.6185358424e-06,4.69392530557e-05,3.32624060708e-05,4.84917788777e-05,3.33980116208e-05,1.09749947773e-06,2.27451977474e-06,1.7766330379e-06,4.86879487823e-07,5.04848213741e-07,4.34741837244e-05,4.03546110314e-05,2.70747592463e-05,1.79263660477e-05
0.663,1.57832408293e-06,4.60605939793e-05,3.25056112991e-05,4.75784557368e-05,3.2707799437e-05,1.06765367663e-06,2.22560993315e-06,1.73447155075e-06,4.69396892128e-07,5.04509898138e-07,4.25658615597e-05,3.95123620165e-05,2.65145508895e-05,1.75543688552e-05
0.664,1.54076045885e-06,4.52428736737e-05,3.17889796217e-05,4.67294453437e-05,3.20569231958e-05,1.03982606106e-06,2.17978070733e-06,1.69487823221e-06,4.53081425351e-07,5.02309670108e-07,4.17080829834e-05,3.87168362289e-05,2.59870548549e-05,1.72049735153e-05
0.665,1.50315322874e-06,4.44200970487e-05,3.10647127008e-05,4.58762621898e-05,3.13965449638e-05,1.01202342099e-06,2.13370745013e-06,1.65525182678e-06,4.37251467156e-07,5.00746114801e-07,4.08627700383e-05,3.7910416775e-05,2.54514543396e-05,1.68497626234e-05
0.666,1.46595074956e-06,4.36074874708e-05,3.03441966709e-05,4.50343954522e-05,3.07384951054e-05,9.8502499904e-07,2.08806794526e-06,1.61656161763e-06,4.22001731302e-07,4.99642411247e-07,4.00973405837e-05,3.71070235855e-05,2.49178636495e-05,1.64955771805e-05
0.667,1.42992759263e-06,4.28255539821e-05,2.96426039018e-05,4.42248458169e-05,3.00982266036e-05,9.59074561958e-07,2.04406762852e-06,1.57927887946e-06,4.07472342744e-07,4.99477594873e-07,3.93665773953e-05,3.63248418145e-05,2.43988236916e-05,1.61514429493e-05
0.668,1.39343233543e-06,4.20238863646e-05,2.89239501297e-05,4.33954101512e-05,2.94393207125e-05,9.32764271796e-07,1.99932251813e-06,1.54137774123e-06,3.92988185658e-07,4.99603005424e-07,3.86104714875e-05,3.55204692704e-05,2.38642776948e-05,1.5796732834e-05
0.669,1.35834203124e-06,4.12527565847e-05,2.82247149936e-05,4.25978923129e-05,2.87983982543e-05,9.07402011193e-07,1.95601747824e-06,1.50506695392e-06,3.79269930785e-07,5.00534224795e-07,3.78759732729e-05,3.4737680978e-05,2.3344408585e-05,1.54518765332e-05
0.67,1.32449035738e-06,4.05073128656e-05,2.75417345455e-05,4.18271929248e-05,2.81721688071e-05,8.82888140047e-07,1.91435314666e-06,1.47002948224e-06,3.66047668366e-07,5.02068418539e-07,3.71590236115e-05,3.39727174866e-05,2.28366903186e-05,1.51153637815e-05
0.671,1.29031210949e-06,3.97428299747e-05,2.68434903812e-05,4.10370621574e-05,2.75286957314e-05,8.58133602981e-07,1.87228816022e-06,1.43416256126e-06,3.5317968136e-07,5.03789678903e-07,3.64184078735e-05,3.31875611336e-05,2.23145921077e-05,1.47685841187e-05
0.672,1.25836207778e-06,3.90327650749e-05,2.61824185107e-05,4.03032989336e-05,2.69214471443e-05,8.35019332009e-07,1.83296058199e-06,1.40078798168e-06,3.41237189483e-07,5.06593579481e-07,3.57225333421e-05,3.24493566642e-05,2.18223831104e-05,1.44424316081e-05
0.673,1.22777408987e-06,3.83444948964e-05,2.55353221657e-05,3.95921798494e-05,2.63269497241e-05,8.12568753622e-07,1.79476998509e-06,1.36825565981e-06,3.29962351728e-07,5.10123985281e-07,3.50415415511e-05,3.1754583935e-05,2.13405703415e-05,1.41233340506e-05
0.674,1.19742252262e-06,3.7658404594e-05,2.48890404574e-05,3.88834211225e-05,2.57314537112e-05,7.90342473726e-07,1.7568867433e-06,1.33601738223e-06,3.18980084623e-07,5.1403298343e-07,3.43575847907e-05,3.1143999069e-05,2.08580016035e-05,1.3803730881e-05
0.675,1.16680860823e-06,3.69584488195e-05,2.42329571363e-05,3.81604266598e-05,2.5124146739e-05,7.67784318357e-07,1.71842922742e-06,1.30325664574e-06,3.08530898801e-07,5.18347752946e-07,3.36570240158e-05,3.0558559424e-05,2.03653443246e-05,1.3476856182e-05
0.676,1.13732836024e-06,3.62887508664e-05,2.35971221762e-05,3.74687428222e-05,2.45359708505e-05,7.46167950871e-07,1.68150927105e-06,1.27162962189e-06,2.98626136854e-07,5.2338630366e-07,3.29837201646e-05,2.99956575797e-05,1.98884502119e-05,1.31607412123e-05
0.677,1.10877536568e-06,3.56358966509e-05,2.29730278954e-05,3.67944946746e-05,2.39577116126e-05,7.25135941607e-07,1.64545109646e-06,1.24091197298e-06,2.89032520721e-07,5.29039390412e-07,3.23460417228e-05,2.94433892996e-05,1.94195369888e-05,1.28498833079e-05
0.678,1.08073345324e-06,3.49842819944e-05,2.23500419018e-05,3.61215596823e-05,2.33790019123e-05,7.04398876703e-07,1.60951681652e-06,1.21025416055e-06,2.79471060295e-07,5.35170209908e-07,3.173938649e-05,2.88887525697e-05,1.89501412518e-05,1.25386211411e-05
0.679,1.05331487932e-06,3.43452936732e-05,2.17360274849e-05,3.54616994398e-05,2.2807763482e-05,6.84111700862e-07,1.57449591136e-06,1.18009180301e-06,2.70601133066e-07,5.41827565922e-07,3.1151782458e-05,2.83411275976e-05,1.84868600357e-05,1.22314929477e-05
0.68,1.02596953914e-06,3.37054664287e-05,2.11226455152e-05,3.48009976179e-05,2.22348657037e-05,6.63966182533e-07,1.53963241801e-06,1.15003827977e-06,2.62245429033e-07,5.48911116045e-07,3.05591720045e-05,2.77891940538e-05,1.80220944238e-05,1.19231263236e-05
0.681,9.9994438546e-07,3.30977139599e-05,2.05350802754e-05,3.41734332777e-05,2.16834306932e-05,6.44897658119e-07,1.50647536532e-06,1.12161505449e-06,2.54572154327e-07,5.56830302038e-07,2.99919530054e-05,2.7260847529e-05,1.75749565513e-05,1.16266991219e-05
0.682,9.7466062335e-07,3.25083464916e-05,1.9981833149e-05,3.35648596056e-05,2.11436646352e-05,6.26382083376e-07,1.4742018648e-06,1.09417422452e-06,2.47539621052e-07,5.65500229298e-07,2.94375310632e-05,2.67445660312e-05,1.71375246586e-05,1.13368883837e-05
0.683,9.49096078753e-07,3.19075035587e-05,1.94933771502e-05,3.29444535671e-05,2.05958731025e-05,6.07844586962e-07,1.44136183898e-06,1.0665435089e-06,2.40728722846e-07,5.74532653002e-07,2.88686680129e-05,2.62154101035e-05,1.6693353549e-05,1.10423606278e-05
0.684,9.24200016509e-07,3.13257579297e-05,1.90966902579e-05,3.23437691197e-05,2.00607516937e-05,5.8986799071e-07,1.40957313004e-06,1.04001719461e-06,2.34222657053e-07,5.84030724612e-07,2.8313413404e-05,2.56989834782e-05,1.62594490093e-05,1.07547195388e-05
0.685,8.99936406038e-07,3.07555948032e-05,1.87384103988e-05,3.17550516157e-05,1.95334324891e-05,5.72369040299e-07,1.37836812875e-06,1.01398741525e-06,2.27793621272e-07,5.94038040955e-07,2.77649796917e-05,2.51891301657e-05,1.58318029102e-05,1.0471226099e-05
0.686,8.75881675806e-07,3.01910841978e-05,1.83871559938e-05,3.11721768455e-05,1.90102244992e-05,5.55251243969e-07,1.34741868768e-06,9.8870442187e-07,2.21871865025e-07,6.04544136656e-07,2.72181726321e-05,2.4681134115e-05,1.54074627215e-05,1.0189982983e-05
0.687,8.52386900014e-07,2.96379153562e-05,1.80438986461e-05,3.08413869106e-05,1.8703389607e-05,5.38531584896e-07,1.3174195651e-06,9.63975044878e-07,2.16443337605e-07,6.15611485861e-07,2.69050027498e-05,2.4389049572e-05,1.5158543554e-05,1.00248232713e-05
0.688,8.29156103609e-07,2.9309017161e-05,1.78258812591e-05,3.07501629977e-05,1.86106125314e-05,5.21966393785e-07,1.28762061753e-06,9.39187874205e-07,2.11499472878e-07,6.26954063288e-07,2.68180729635e-05,2.43065737111e-05,1.50829003095e-05,9.97420681666e-06
0.689,8.07415067024e-07,2.92440156248e-05,1.77623281943e-05,3.06950281021e-05,1.85475780973e-05,5.06300442047e-07,1.25942478746e-06,9.15610578978e-07,2.07169273852e-07,6.39644443438e-07,2.67642269625e-05,2.42549336452e-05,1.50317767664e-05,9.94026038457e-06
0.69,7.85918298015e-07,2.91831264409e-05,1.77057409777e-05,3.06416161821e-05,1.84912345592e-05,4.90801235789e-07,1.23145221187e-06,8.92226671239e-07,2.02843387401e-07,6.52429596597e-07,2.67129335957e-05,2.42061608431e-05,1.49859240391e-05,9.90972580867e-06
0.691,7.64561969276e-07,2.91252114981e-05,1.76545577027e-05,3.05892383004e-05,1.84400627394e-05,4.75505834027e-07,1.20384805766e-06,8.69151621239e-07,1.99015690341e-07,6.65744792212e-07,2.6663350683e-05,2.4159330409e-05,1.49442087257e-05,9.88169223918e-06
0.692,7.44019881227e-07,2.90848541258e-05,1.76173593126e-05,3.05536261651e-05,1.84029656633e-05,4.6071290132e-07,1.17720822456e-06,8.46774276066e-07,1.95021544023e-07,6.79870578371e-07,2.66292396561e-05,2.41268328572e-05,1.49140444903e-05,9.86150812545e-06
0.693,7.23810703399e-07,2.90474827912e-05,1.75844510789e-05,3.05198066967e-05,1.8370214618e-05,4.4625878018e-07,1.15093989695e-06,8.24677583753e-07,1.91196494705e-07,6.94571399971e-07,2.65973133454e-05,2.40966897087e-05,1.48872447328e-05,9.84360610165e-06
0.694,7.0424192469e-07,2.90164394501e-05,1.75572542442e-05,3.0491555526e-05,1.83429728936e-05,4.32147185426e-07,1.12531522166e-06,8.02990097871e-07,1.878321513e-07,7.09290571545e-07,2.65706259777e-05,2.40713950969e-05,1.48650559054e-05,9.82868781434e-06
0.695,6.85095783396e-07,2.89887617442e-05,1.75337201841e-05,3.04659749051e-05,1.83194423932e-05,4.18348163024e-07,1.10019287072e-06,7.8185703329e-07,1.85075310373e-07,7.24026526678e-07,2.65466813317e-05,2.40489283523e-05,1.48458130634e-05,9.81578343956e-06
0.696,6.66350148909e-07,2.89654239896e-05,1.75142107524e-05,3.04442599413e-05,1.82996376868e-05,4.04937208601e-07,1.07557201151e-06,7.61107011039e-07,1.82825464426e-07,7.40005511076e-07,2.65263785347e-05,2.40298565073e-05,1.48296960003e-05,9.80497141454e-06
0.697,6.48343550946e-07,2.89522618715e-05,1.75020806828e-05,3.0293956815e-05,1.82071639678e-05,3.9197074529e-07,1.05165811666e-06,7.41038391434e-07,1.80758131364e-07,7.56039317643e-07,2.63948729741e-05,2.39105651556e-05,1.47547114521e-05,9.75543426907e-06
0.698,6.30751247043e-07,2.89352117446e-05,1.74880473765e-05,2.9710995096e-05,1.78588572623e-05,3.79136058865e-07,1.02785083237e-06,7.21198302753e-07,1.78834490325e-07,7.7260191234e-07,2.58813745298e-05,2.34461838878e-05,1.44723299525e-05,9.56866028849e-06
0.699,6.13784538662e-07,2.8918121886e-05,1.74748358639e-05,2.91442249142e-05,1.75130557878e-05,3.66557209987e-07,1.00436253886e-06,7.01684160143e-07,1.77423732231e-07,7.87355294115e-07,2.53725605283e-05,2.29859388782e-05,1.41920432006e-05,9.38326920417e-06
0.7,5.97540510962e-07,2.89113567184e-05,1.74688361801e-05,2.86023540978e-05,1.7176376504e-05,3.54524292202e-07,9.81602345379e-07,6.82881138654e-07,1.76539961018e-07,7.99674488836e-07,2.48773860402e-05,2.25380402364e-05,1.39193165605e-05,9.20295965534e-06
0.701,5.81370632219e-07,2.83428336066e-05,1.71262020928e-05,2.80639937166e-05,1.68360774037e-05,3.42570713324e-07,9.58970806391e-07,6.64372685156e-07,1.75711187156e-07,8.11451663596e-07,2.43778813151e-05,2.20860740938e-05,1.36433848023e-05,9.02035304883e-06
0.702,5.65924881373e-07,2.78086003665e-05,1.67973609555e-05,2.75537288105e-05,1.65081294749e-05,3.31178457576e-07,9.37544805811e-07,6.46771189565e-07,1.75100422097e-07,8.24569392168e-07,2.38964415168e-05,2.16505061293e-05,1.33777485592e-05,8.84470516689e-06
0.703,5.50592428294e-07,2.72788591695e-05,1.64648167849e-05,2.70433736231e-05,1.61757657407e-05,3.19865581245e-07,9.1612096021e-07,6.29189504078e-07,1.74562918287e-07,8.37850655733e-07,2.34090357592e-05,2.12094643058e-05,1.31082664158e-05,8.66642539457e-06
0.704,5.35924044294e-07,2.67777714613e-05,1.61443000593e-05,2.65578943208e-05,1.58546967335e-05,3.09058774901e-07,8.95657206744e-07,6.12214412193e-07,1.74277996343e-07,8.49927853134e-07,2.29382248914e-05,2.07834155687e-05,1.28481014699e-05,8.49442703436e-06
0.705,5.21135166988e-07,2.62664211864e-05,1.58122729225e-05,2.6059494181e-05,1.55221191955e-05,2.98256375798e-07,8.74917216991e-07,5.95206640784e-07,1.73707153742e-07,8.61055134079e-07,2.24512761951e-05,2.03426272845e-05,1.2578352134e-05,8.31590025656e-06
0.706,5.06780625094e-07,2.57715401383e-05,1.54859583444e-05,2.5575300538e-05,1.51950927874e-05,2.87813551766e-07,8.54778339023e-07,5.79001948208e-07,1.73612873428e-07,8.71727273601e-07,2.19724557161e-05,1.99092527226e-05,1.23131787524e-05,8.14046251533e-06
0.707,4.92866388004e-07,2.52924994046e-05,1.51657031086e-05,2.5105176969e-05,1.48739143602e-05,2.77769243928e-07,8.35299435967e-07,5.63340548385e-07,1.73867779811e-07,8.80824447579e-07,2.15019305297e-05,1.94833750015e-05,1.20527427552e-05,7.96815182779e-06
0.708,4.79015803463e-07,2.48142580281e-05,1.48422513e-05,2.46345618552e-05,1.45496838357e-05,2.6789558748e-07,8.15848383858e-07,5.47726989486e-07,1.73937783105e-07,8.90295164172e-07,2.10280351063e-05,1.90537881234e-05,1.17897624282e-05,7.79400192622e-06
0.709,4.66018266157e-07,2.43695303922e-05,1.45364412161e-05,2.41962261308e-05,1.42428816789e-05,2.58563262075e-07,7.97623308468e-07,5.33021727711e-07,1.74727538789e-07,9.01224708172e-07,2.05890266506e-05,1.86467897036e-05,1.15411791542e-05,7.62972029768e-06
0.71,4.53281338632e-07,2.39334701759e-05,1.42331153376e-05,2.3765725366e-05,1.39388769653e-05,2.49476078823e-07,7.79727746495e-07,5.18890242613e-07,1.75907772224e-07,9.12942374769e-07,2.01947265985e-05,1.82433630984e-05,1.12948937361e-05,7.46697404006e-06
0.711,4.40664497899e-07,2.34976374257e-05,1.39273069937e-05,2.33348574686e-05,1.36325239346e-05,2.40521673938e-07,7.61832977402e-07,5.04841593196e-07,1.77399205889e-07,9.25145441377e-07,1.98250148753e-05,1.78372270519e-05,1.10466120961e-05,7.30279840495e-06
0.712,4.28283118228e-07,2.30695499026e-05,1.36239161433e-05,2.2911218494e-05,1.33288173417e-05,2.31829032674e-07,7.44464055687e-07,4.91283247152e-07,1.7929241278e-07,9.38332831024e-07,1.94588294946e-05,1.74345321052e-05,1.08004380451e-05,7.14003866639e-06
0.713,4.16073023468e-07,2.26407415596e-05,1.33178413811e-05,2.24865062986e-05,1.30227647958e-05,2.23306125173e-07,7.27147210865e-07,4.77719982707e-07,1.81637485067e-07,9.48665928513e-07,1.90885401743e-05,1.70290958366e-05,1.05522710446e-05,6.97590603475e-06
0.714,4.04003600207e-07,2.22139680437e-05,1.3011158792e-05,2.20635341016e-05,1.27163800091e-05,2.15015076628e-07,7.10194205707e-07,4.64334988559e-07,1.84292589576e-07,9.58394743823e-07,1.87166703634e-05,1.66232923065e-05,1.03038546848e-05,6.81143852805e-06
0.715,3.92516904793e-07,2.18075031226e-05,1.27152566486e-05,2.16605119527e-05,1.24207481315e-05,2.0708821946e-07,6.94109468465e-07,4.51688509832e-07,1.86776227106e-07,9.69230743892e-07,1.83590276821e-05,1.62314630873e-05,1.00641374728e-05,6.65286033545e-06
0.716,3.81257709404e-07,2.14072410512e-05,1.24215706598e-05,2.12634830346e-05,1.21276820038e-05,1.99451426023e-07,6.78277971654e-07,4.39383601281e-07,1.89579151626e-07,9.8049407321e-07,1.80038268003e-05,1.58429479391e-05,9.82661009579e-06,6.49578561504e-06
0.717,3.69940523063e-07,2.09949976082e-05,1.21191184586e-05,2.08544248086e-05,1.18263802588e-05,1.91703723564e-07,6.62063478201e-07,4.26954503064e-07,1.92625426024e-07,9.91824092649e-07,1.76355694054e-05,1.54441530508e-05,9.5822444e-06,6.33385613985e-06
0.718,3.58986862348e-07,2.05971048994e-05,1.1824135857e-05,2.04595197734e-05,1.15325443975e-05,1.8437787333e-07,6.46383894002e-07,4.14981668324e-07,1.96166272584e-07,1.00162472814e-06,1.72768467988e-05,1.50552522795e-05,9.34398634376e-06,6.17599296924e-06
0.719,3.48413947248e-07,2.02148893183e-05,1.15376011505e-05,2.00801073063e-05,1.12471999278e-05,1.77360713094e-07,6.31313720161e-07,4.03451442677e-07,1.98881075797e-07,1.01016910368e-06,1.69289696665e-05,1.46800294499e-05,9.11261517807e-06,6.02286947189e-06
0.72,3.38246922416e-07,1.98470852325e-05,1.12589442437e-05,1.97149506919e-05,1.09698468843e-05,1.70740214552e-07,6.16715876893e-07,3.92287160734e-07,2.0065954969e-07,1.02042239519e-06,1.6591131919e-05,1.43244174114e-05,8.88784331475e-06,5.87425680219e-06
0.721,3.28199478825e-07,1.94827053738e-05,1.09814397638e-05,1.93531476261e-05,1.06937635312e-05,1.64220668483e-07,6.02215403451e-07,3.81308493965e-07,2.02529998411e-07,1.03072376401e-06,1.62539219218e-05,1.40022260073e-05,8.66407889652e-06,5.7262369693e-06
0.722,3.18419999115e-07,1.91242513455e-05,1.07069009338e-05,1.89971946629e-05,1.04208371228e-05,1.57950399663e-07,5.88011596043e-07,3.70486987292e-07,2.04681585032e-07,1.04206509946e-06,1.59196940396e-05,1.3727352558e-05,8.44280828733e-06,5.57987717327e-06
0.723,3.08813746174e-07,1.87695068647e-05,1.04340366034e-05,1.86448977003e-05,1.01497659963e-05,1.51964191846e-07,5.73952483249e-07,3.59776966459e-07,2.07041744766e-07,1.05375421439e-06,1.55868247755e-05,1.34690379692e-05,8.22300515984e-06,5.43440546256e-06
0.724,2.99449927133e-07,1.84242524637e-05,1.0166211223e-05,1.83020063821e-05,9.88388446328e-06,1.46200958221e-07,5.60175599187e-07,3.4936244775e-07,2.09405790779e-07,1.06692396047e-06,1.52614044365e-05,1.32168908056e-05,8.00748333575e-06,5.29187376041e-06
0.725,2.90491789387e-07,1.80904829777e-05,9.90496108063e-06,1.7970506906e-05,9.62455551913e-06,1.407619116e-07,5.46893560634e-07,3.3929819813e-07,2.11534273697e-07,1.08026010801e-06,1.49457726645e-05,1.29724778927e-05,7.7973230101e-06,5.15298328186e-06
0.726,2.81742002953e-07,1.77671106842e-05,9.64953466721e-06,1.76493224373e-05,9.3711437006e-06,1.35625631675e-07,5.34143572885e-07,3.29569979169e-07,2.13988474212e-07,1.09401479607e-06,1.46465324131e-05,1.2734622487e-05,7.59197184934e-06,5.01725863211e-06
0.727,2.73008954234e-07,1.74384721763e-05,9.3911870782e-06,1.73228947506e-05,9.11502172074e-06,1.30583582305e-07,5.21351174755e-07,3.19910205233e-07,2.1625549226e-07,1.10835373239e-06,1.43576407983e-05,1.24918176233e-05,7.38434100901e-06,4.87990194675e-06
0.728,2.64743902453e-07,1.7129766109e-05,9.14405582949e-06,1.70162611422e-05,8.87006673651e-06,1.25942311661e-07,5.09221531797e-07,3.10777189187e-07,2.1868690286e-07,1.1240185144e-06,1.40978839936e-05,1.22624761075e-05,7.18586362826e-06,4.7487383992e-06
0.729,2.56404998807e-07,1.68094086357e-05,8.89045866072e-06,1.66980483656e-05,8.61903351889e-06,1.21387131587e-07,4.96787346853e-07,3.01485980447e-07,2.20524143764e-07,1.1383818812e-06,1.38298537166e-05,1.20232765653e-05,6.98234629356e-06,4.61404189387e-06
0.73,2.48447973971e-07,1.65035249087e-05,8.64530263084e-06,1.63942069182e-05,8.37634522857e-06,1.17051099394e-07,4.84870729581e-07,2.92717600423e-07,2.22577870502e-07,1.15362131509e-06,1.35722705952e-05,1.17934191104e-05,6.78566287296e-06,4.48397752142e-06
0.731,2.4062190102e-07,1.61997402962e-05,8.40170814095e-06,1.60924464726e-05,8.13541967056e-06,1.12817839376e-07,4.73157845664e-07,2.84109458993e-07,2.24096198211e-07,1.16882100088e-06,1.331479541e-05,1.15638600875e-05,6.59034414596e-06,4.35479914663e-06
0.732,2.32866617221e-07,1.58951462034e-05,8.15830755817e-06,1.57898791037e-05,7.89474093379e-06,1.08769106948e-07,4.61658462047e-07,2.75651260665e-07,2.25567848643e-07,1.18509750424e-06,1.30550345665e-05,1.13324824522e-05,6.39523681371e-06,4.22567604277e-06
0.733,2.25545381813e-07,1.56114631965e-05,7.92683934652e-06,1.55080833364e-05,7.66583552788e-06,1.050382004e-07,4.50809918474e-07,2.67766164596e-07,2.26755072697e-07,1.2025705638e-06,1.28111258415e-05,1.11151189102e-05,6.20977954065e-06,4.10314392835e-06
0.734,2.18344319769e-07,1.53278242379e-05,7.69593825254e-06,1.52263279011e-05,7.4377439014e-06,1.01514970506e-07,4.39991083851e-07,2.59949488642e-07,2.2824243476e-07,1.21987932762e-06,1.25657131301e-05,1.08965730271e-05,6.02496153396e-06,3.98099299797e-06
0.735,2.11432252676e-07,1.50513885578e-05,7.46973081522e-06,1.4951727541e-05,7.21438980545e-06,9.82387388193e-08,4.29458110436e-07,2.52369102783e-07,2.29573628133e-07,1.2379378719e-06,1.2324801008e-05,1.06821443587e-05,5.84397676343e-06,3.86133535756e-06
0.736,2.04759866493e-07,1.4785605369e-05,7.24979070368e-06,1.46877079858e-05,6.99724808871e-06,9.52013955321e-08,4.19271021645e-07,2.45077089967e-07,2.31047059148e-07,1.25426232058e-06,1.20911723437e-05,1.04741854006e-05,5.66806895259e-06,3.7451442295e-06
0.737,1.9822407787e-07,1.45218612595e-05,7.03178967216e-06,1.44257133316e-05,6.78214206533e-06,9.22852978324e-08,4.09216538286e-07,2.37952467687e-07,2.3288130412e-07,1.26823107652e-06,1.18578159187e-05,1.02665551139e-05,5.49382677249e-06,3.62997470906e-06
0.738,1.91811734477e-07,1.43692274004e-05,6.89968796879e-06,1.41630686699e-05,6.56786224163e-06,8.94890527573e-08,3.99223694732e-07,2.30920624272e-07,2.34945617745e-07,1.27945826734e-06,1.16225173964e-05,1.00573539546e-05,5.32017537761e-06,3.51514394174e-06
0.739,1.85534898925e-07,1.4331392743e-05,6.8585149627e-06,1.39018648983e-05,6.35555478826e-06,8.68041907039e-08,3.89355768075e-07,2.23981696903e-07,2.37372385029e-07,1.2928977484e-06,1.13870596742e-05,9.84811901231e-06,5.14814225901e-06,3.40139564874e-06
0.74,1.7946995671e-07,1.43005340623e-05,6.82522751234e-06,1.36465367242e-05,6.14738830302e-06,8.42830887042e-08,3.7971694855e-07,2.17246222322e-07,2.40135037003e-07,1.30616066171e-06,1.11551337209e-05,9.64218366107e-06,4.97947255809e-06,3.28985645596e-06
0.741,1.7363924902e-07,1.42788871999e-05,6.8000632109e-06,1.34001335304e-05,5.94493477286e-06,8.19817978503e-08,3.7038246828e-07,2.10743415567e-07,2.43016905926e-07,1.31926543341e-06,1.09295207723e-05,9.44171717329e-06,4.81540553098e-06,3.18140085807e-06
0.742,1.67910431617e-07,1.4256486767e-05,6.77738513892e-06,1.31540150409e-05,5.74397537444e-06,7.97074806495e-08,3.61098524972e-07,2.04343171098e-07,2.45240185345e-07,1.33353703546e-06,1.0703356074e-05,9.24044524773e-06,4.65255945694e-06,3.07372833742e-06
0.743,1.62463481925e-07,1.42466774789e-05,6.76337523254e-06,1.29210921223e-05,5.55085626418e-06,7.75209312169e-08,3.52318827459e-07,1.98291283407e-07,2.47306582438e-07,1.34553159559e-06,1.04872338526e-05,9.04794653756e-06,4.49612457265e-06,2.97037181077e-06
0.744,1.57145568113e-07,1.42377444683e-05,6.75145168351e-06,1.26909245944e-05,5.36055376743e-06,7.52344044752e-08,3.436794242e-07,1.92417016282e-07,2.49566032301e-07,1.35691880405e-06,1.0273795348e-05,8.8565105352e-06,4.34180859587e-06,2.86840177323e-06
0.745,1.5187872396e-07,1.42233419354e-05,6.73833458047e-06,1.24583686238e-05,5.17204087404e-06,7.30147571516e-08,3.35006485932e-07,1.86567459509e-07,2.52231559437e-07,1.37028015753e-06,1.00595244999e-05,8.66257388294e-06,4.18789339826e-06,2.76663447495e-06
0.746,1.46755644366e-07,1.4210460632e-05,6.72707217764e-06,1.22300370934e-05,4.98792939737e-06,7.10436345942e-08,3.26516056535e-07,1.80949711209e-07,2.55023861967e-07,1.38341207289e-06,9.85102735429e-06,8.47090694383e-06,4.03685484443e-06,2.66676444143e-06
0.747,1.41687055948e-07,1.41886795346e-05,6.71232760921e-06,1.20968487207e-05,4.87564397602e-06,6.92599023915e-08,3.17974359759e-07,1.75353690857e-07,2.57943110911e-07,1.39638878056e-06,9.73068527167e-06,8.35855845386e-06,3.94361837197e-06,2.60502241968e-06
0.748,1.36998731804e-07,1.41827534762e-05,6.7062469922e-06,1.20702106066e-05,4.83747258941e-06,6.77732556567e-08,3.10016554315e-07,1.70136626777e-07,2.61382606353e-07,1.40942222301e-06,9.70415838738e-06,8.33376051231e-06,3.91242030206e-06,2.58435462457e-06
0.749,1.32360965192e-07,1.4171516165e-05,6.69819756883e-06,1.20433319395e-05,4.80450765803e-06,6.6263952112e-08,3.02138187726e-07,1.64967770787e-07,2.65114623098e-07,1.41984516062e-06,9.67842379023e-06,8.30997356988e-06,3.88543696103e-06,2.56646827227e-06
0.75,1.27849479664e-07,1.41579540176e-05,6.68934110785e-06,1.20179208108e-05,4.77634043005e-06,6.46117040015e-08,2.94375995376e-07,1.59888796064e-07,2.67923713883e-07,1.42985104012e-06,9.65453212773e-06,8.28807923244e-06,3.86239184497e-06,2.55114261162e-06
0.751,1.23611585813e-07,1.38892737093e-05,6.56489376347e-06,1.200830146e-05,4.75848401745e-06,6.3167062214e-08,2.87071843047e-07,1.55144034995e-07,2.70310511467e-07,1.44261279566e-06,9.64426250965e-06,8.27827879918e-06,3.8477864941e-06,2.54152899027e-06
0.752,1.19338529725e-07,1.3615810795e-05,6.43468184845e-06,1.1989025677e-05,4.73913821058e-06,6.17004261565e-08,2.79570981889e-07,1.50325134781e-07,2.72942852081e-07,1.45467853449e-06,9.62657242862e-06,8.26217089865e-06,3.83195102038e-06,2.53096768464e-06
0.753,1.15253432054e-07,1.33583652693e-05,6.30951159668e-06,1.19785786626e-05,4.72570346304e-06,6.03627196384e-08,2.72387006674e-07,1.45743919746e-07,2.75873176814e-07,1.468743263e-06,9.61643204928e-06,8.25280420603e-06,3.82098886535e-06,2.52371669328e-06
0.754,1.11349526126e-07,1.31126616749e-05,6.18804362629e-06,1.19738582952e-05,4.71661733085e-06,5.91618339929e-08,2.65480366468e-07,1.41305838896e-07,2.78098195194e-07,1.48269744009e-06,9.61130802218e-06,8.24791042435e-06,3.81360232989e-06,2.5188373538e-06
0.755,1.0747238261e-07,1.28672774643e-05,6.06442085079e-06,1.19648182505e-05,4.70686652996e-06,5.7990750788e-08,2.58575563245e-07,1.36954002674e-07,2.80865518075e-07,1.4978948682e-06,9.60289181773e-06,8.24016155985e-06,3.80564249851e-06,2.51355092835e-06
0.756,1.03673158586e-07,1.26193953926e-05,5.93785460346e-06,1.19487594413e-05,4.69552959807e-06,5.70269405361e-08,2.51638919627e-07,1.32573566196e-07,2.8266766925e-07,1.51174175262e-06,9.58896187766e-06,8.22779579035e-06,3.79637327187e-06,2.50735212674e-06
0.757,1.00078409612e-07,1.23844095571e-05,5.81596165475e-06,1.19403146334e-05,4.68815859542e-06,5.6090947822e-08,2.45064453447e-07,1.28418866799e-07,2.84865339702e-07,1.52710104503e-06,9.58134587254e-06,8.22095293824e-06,3.79036285933e-06,2.50331815997e-06
0.758,9.66520177287e-08,1.21558258962e-05,5.69583844938e-06,1.19336895677e-05,4.68237342691e-06,5.53193441449e-08,2.38647015419e-07,1.2439351761e-07,2.87432157942e-07,1.54061758017e-06,9.57542402647e-06,8.21560368295e-06,3.78563382136e-06,2.50016137801e-06
0.759,9.3328407316e-08,1.193088539e-05,5.57627113588e-06,1.19263637268e-05,4.67701553027e-06,5.46637084094e-08,2.32298587523e-07,1.20477691845e-07,2.90130533413e-07,1.55261429696e-06,9.56902302153e-06,8.2099026603e-06,3.78125707932e-06,2.49725038368e-06
0.76,9.01550056462e-08,1.17105735809e-05,5.45776048804e-06,1.19194201425e-05,4.67215285828e-06,5.40267627884e-08,2.26097959546e-07,1.1669602323e-07,2.92575120187e-07,1.56441020226e-06,9.56293695016e-06,8.20449408859e-06,3.7772716386e-06,2.49455486121e-06
0.761,8.70297198803e-08,1.14887047324e-05,5.33732474747e-06,1.19065814467e-05,4.66505992049e-06,5.34637702766e-08,2.19989204914e-07,1.12954702113e-07,2.94602249494e-07,1.57660829558e-06,9.55211415006e-06,8.19502272684e-06,3.77148869902e-06,2.49062400366e-06
0.762,8.40328699451e-08,1.12726112625e-05,5.21877469412e-06,1.18953635516e-05,4.65901212793e-06,5.29311519312e-08,2.1409882051e-07,1.09347863624e-07,2.97283125889e-07,1.58989128513e-06,9.54270152857e-06,8.18675631593e-06,3.7665273255e-06,2.48723837781e-06
0.763,8.12116623626e-08,1.10682366378e-05,5.10507927075e-06,1.18923421515e-05,4.65656279863e-06,5.25193053772e-08,2.08465081338e-07,1.05914890058e-07,3.00332077939e-07,1.60514610579e-06,9.54004087788e-06,8.18434384627e-06,3.76450434068e-06,2.48590186937e-06
0.764,7.84294290055e-08,1.08612432506e-05,4.98939940586e-06,1.16593697278e-05,4.56675593579e-06,5.21472081332e-08,2.02891518987e-07,1.02514494962e-07,3.03650100095e-07,1.61924039663e-06,9.35187865425e-06,8.02308697022e-06,3.69184709084e-06,2.43786868318e-06
0.765,7.57835616481e-08,1.06638455088e-05,4.87780039907e-06,1.14320464434e-05,4.4772591231e-06,5.18136915488e-08,1.97604175906e-07,9.92756929243e-08,3.06898677565e-07,1.63541685973e-06,9.16435149046e-06,7.86241480603e-06,3.61948721032e-06,2.39005043066e-06
0.766,7.32840509956e-08,1.04741763272e-05,4.76918416345e-06,1.12167508733e-05,4.39054113049e-06,5.15589008114e-08,1.92507131818e-07,9.61884887232e-08,3.10908640642e-07,1.65253047405e-06,8.98300748778e-06,7.70709293479e-06,3.54939112284e-06,2.34377572154e-06
0.767,7.08713858493e-08,1.0284765201e-05,4.66021834527e-06,1.10046299053e-05,4.30326244647e-06,5.14393873041e-08,1.87438454078e-07,9.3140566754e-08,3.15054518166e-07,1.66963667078e-06,8.80113719202e-06,7.55116601404e-06,3.47882666694e-06,2.29714875117e-06
0.768,6.84531784156e-08,1.00897469338e-05,4.54807027815e-06,1.07887680553e-05,4.21278903516e-06,5.12556180011e-08,1.82274870242e-07,9.00993236518e-08,3.19250004559e-07,1.68485142627e-06,8.61344930767e-06,7.39016025459e-06,3.40562944081e-06,2.24872911637e-06
0.769,6.60581547378e-08,9.89675804289e-06,4.43644231367e-06,1.05768330436e-05,4.12263838707e-06,5.12065133198e-08,1.77269175914e-07,8.71424737538e-08,3.2342292531e-07,1.70106447954e-06,8.42647175145e-06,7.22981742806e-06,3.33266700689e-06,2.20044725913e-06
0.77,6.37723077722e-08,9.71180756857e-06,4.32818887393e-06,1.03748506979e-05,4.03520653259e-06,5.13026824536e-08,1.72428417058e-07,8.43015502389e-08,3.27978620182e-07,1.71833857413e-06,8.24530888737e-06,7.07446227406e-06,3.26194546974e-06,2.15366191074e-06
0.771,6.16011473684e-08,9.5315132312e-06,4.22173524123e-06,1.01788949083e-05,3.94907396868e-06,5.15570486297e-08,1.67713230378e-07,8.15557719079e-08,3.3229597895e-07,1.73739884333e-06,8.06712568983e-06,6.92166980232e-06,3.19229821241e-06,2.10759062437e-06
0.772,5.9525854487e-08,9.35435373203e-06,4.11663378768e-06,9.98710322554e-06,3.86398601465e-06,5.19643854882e-08,1.63111740345e-07,7.88932347886e-08,3.35090551888e-07,1.75657130922e-06,7.89067117493e-06,6.77033189373e-06,3.12346362589e-06,2.06211253633e-06
0.773,5.7562779466e-08,9.18261235745e-06,4.01383080676e-06,9.80172765661e-06,3.78058954588e-06,5.25051224978e-08,1.5864595039e-07,7.63123266063e-08,3.3834525156e-07,1.77629929622e-06,7.7178060441e-06,6.62211369324e-06,3.05601918056e-06,2.01755927296e-06
0.774,5.56712857544e-08,9.01444325507e-06,3.91248864213e-06,9.62065604386e-06,3.69819166502e-06,5.31884121811e-08,1.54299460607e-07,7.38025728873e-08,3.40730446365e-07,1.7967775229e-06,7.546996778e-06,6.47566211998e-06,2.98942015085e-06,1.97354801506e-06
0.775,5.38325914751e-08,8.8437908235e-06,3.80980892438e-06,9.43731328738e-06,3.61406055078e-06,5.39674452684e-08,1.4993386271e-07,7.13535911128e-08,3.42467777442e-07,1.81472137311e-06,7.37314702565e-06,6.32650744831e-06,2.92134144894e-06,1.92850849517e-06
0.776,5.211851698e-08,8.6873010069e-06,3.71360097448e-06,9.26937884837e-06,3.53574000175e-06,5.49307805524e-08,1.45896780048e-07,6.91149941387e-08,3.44771599419e-07,1.8365178405e-06,7.21053029464e-06,6.18718231029e-06,2.85808081338e-06,1.88676015134e-06
0.777,5.04141382489e-08,8.52783394117e-06,3.61590201934e-06,9.09849529603e-06,3.45553937842e-06,5.57122698807e-08,1.41843018557e-07,6.69093768911e-08,3.47211895901e-07,1.85850568193e-06,7.0445047378e-06,6.0447907707e-06,2.79322681544e-06,1.84387811037e-06
0.778,4.88144740186e-08,8.37229594743e-06,3.52005118205e-06,8.93198134697e-06,3.37667436381e-06,5.64003408328e-08,1.37886012502e-07,6.47731457468e-08,3.49960339676e-07,1.8807277764e-06,6.88113907523e-06,5.90472290582e-06,2.72946669359e-06,1.80176942531e-06
0.779,4.72965802642e-08,8.22199856031e-06,3.42654299184e-06,8.77119686856e-06,3.29973483856e-06,5.71418508705e-08,1.34049718997e-07,6.27277040445e-08,3.53229734126e-07,1.9055912311e-06,6.72154793538e-06,5.76786764968e-06,2.66729984901e-06,1.76069965811e-06
0.78,4.5785077554e-08,8.06962458001e-06,3.33213028246e-06,8.60830239394e-06,3.22147020718e-06,5.75408840895e-08,1.30224342583e-07,6.06929737565e-08,3.56406281872e-07,1.9282425803e-06,6.55962346261e-06,5.62898403543e-06,2.60400323191e-06,1.71886081969e-06
0.781,4.43493404214e-08,7.92213108408e-06,3.23995294747e-06,8.45069678954e-06,3.14498686934e-06,5.79188449294e-08,1.26536722754e-07,5.87435845969e-08,3.60146255472e-07,1.95067132049e-06,6.40123999979e-06,5.49319226574e-06,2.54217589467e-06,1.67802517379e-06
0.782,4.30108638695e-08,7.78166428943e-06,3.15094295877e-06,8.30065308913e-06,3.07121837495e-06,5.84656143975e-08,1.23008192139e-07,5.68840266407e-08,3.64017075005e-07,1.97561889828e-06,6.24896378239e-06,5.36201423577e-06,2.48256088695e-06,1.63867748137e-06
0.783,4.17102687346e-08,7.63845515712e-06,3.06102974536e-06,8.14773166165e-06,2.99609293945e-06,5.9149373641e-08,1.19463358017e-07,5.50858506034e-08,3.68073264637e-07,1.99626838178e-06,6.09830788707e-06,5.22864021221e-06,2.42180161363e-06,1.59854853791e-06
0.784,4.04474038124e-08,7.49803635935e-06,2.97247097931e-06,7.9978263082e-06,2.92188422124e-06,5.99179280496e-08,1.15972283836e-07,5.32818406396e-08,3.72261803916e-07,2.01763961136e-06,5.96399485561e-06,5.09694787508e-06,2.36180364082e-06,1.55889466377e-06
0.785,3.91963081978e-08,7.35685174978e-06,2.88389195358e-06,7.84713226414e-06,2.84731614941e-06,6.08522951316e-08,1.12534187003e-07,5.15229531004e-08,3.76486495783e-07,2.03713995822e-06,5.84473919333e-06,4.96459568798e-06,2.3014919115e-06,1.51902551797e-06
0.786,3.8013937276e-08,7.22488409518e-06,2.79941436923e-06,7.70629430581e-06,2.77641676161e-06,6.19320561071e-08,1.09296680295e-07,4.98794720183e-08,3.81358565291e-07,2.06134632905e-06,5.73821363015e-06,4.83851541734e-06,2.24419785117e-06,1.481197392e-06
0.787,3.68685485051e-08,7.09154228734e-06,2.71469568462e-06,7.56400759845e-06,2.70479308789e-06,6.30815510858e-08,1.06082043267e-07,4.82794693805e-08,3.86418393053e-07,2.08447480705e-06,5.63035749401e-06,4.71138102059e-06,2.18629130787e-06,1.44293228133e-06
0.788,3.57958471487e-08,7.01909327585e-06,2.66549652309e-06,7.42844968607e-06,2.63577697454e-06,6.43451454134e-08,1.02997587753e-07,4.67529151642e-08,3.9167440488e-07,2.10511416188e-06,5.52713203152e-06,4.58860665023e-06,2.13049247433e-06,1.40609325075e-06
0.789,3.47663517342e-08,7.00591872615e-06,2.65212025854e-06,7.29693194657e-06,2.56819873778e-06,6.55319648873e-08,1.0002456964e-07,4.52946664801e-08,3.97151397937e-07,2.12685985945e-06,5.42643573617e-06,4.46838346723e-06,2.07588058906e-06,1.37005363272e-06
0.79,3.38055717504e-08,6.98958270186e-06,2.63901393703e-06,7.16159201647e-06,2.49903975596e-06,6.67906204952e-08,9.70342761381e-08,4.38594422056e-08,4.02432770196e-07,2.14626803957e-06,5.322265646e-06,4.34578568864e-06,2.01994709373e-06,1.33307872228e-06
0.791,3.29101139246e-08,6.97852992719e-06,2.62939373802e-06,7.03177306509e-06,2.43201632855e-06,6.81797515856e-08,9.41606639355e-08,4.24630456487e-08,4.0824661829e-07,2.16821677605e-06,5.22173946005e-06,4.22680949344e-06,1.96577342872e-06,1.29730432962e-06
0.792,3.20876031959e-08,6.97085663733e-06,2.62213358894e-06,6.90583792378e-06,2.36648253303e-06,6.95365473321e-08,9.13945986073e-08,4.11552055971e-08,4.14667149999e-07,2.19167188557e-06,5.12356546777e-06,4.11043772138e-06,1.9128021274e-06,1.26231822163e-06
0.793,3.12800494182e-08,6.96057129188e-06,2.61473139808e-06,6.77818350479e-06,2.3004089261e-06,7.0784434925e-08,8.86323185589e-08,3.98623718881e-08,4.20789663458e-07,2.20893735676e-06,5.02353774443e-06,3.99321491001e-06,1.85937868335e-06,1.22702677744e-06
0.794,3.04885236119e-08,6.95194638882e-06,2.60864551637e-06,6.65334332862e-06,2.23543526745e-06,7.19319291974e-08,8.59660739625e-08,3.86126701981e-08,4.2738655212e-07,2.22331450128e-06,4.92504579326e-06,3.87800130645e-06,1.80684675738e-06,1.19233432034e-06
0.795,2.97787529158e-08,6.94328251777e-06,2.60298680879e-06,6.52987070697e-06,2.17102276509e-06,7.32566446776e-08,8.33528731449e-08,3.74035904815e-08,4.32834429565e-07,2.23828303359e-06,4.82700045364e-06,3.76390367181e-06,1.75476621259e-06,1.15792865035e-06
0.796,2.90920105596e-08,6.92925389164e-06,2.59557462781e-06,6.40302432061e-06,2.10550623949e-06,7.45978115301e-08,8.07398016691e-08,3.6239782073e-08,4.3836917691e-07,2.2505024229e-06,4.72579774752e-06,3.6481808277e-06,1.70176597333e-06,1.12287041275e-06
0.797,2.85215461198e-08,6.92627508228e-06,2.5929653654e-06,6.28810022058e-06,2.0444324981e-06,7.61594295016e-08,7.83321000802e-08,3.51712718336e-08,4.44493407213e-07,2.26701926999e-06,4.63307278293e-06,3.53994767432e-06,1.65241447307e-06,1.09027207666e-06
0.798,2.79775476049e-08,6.92069835923e-06,2.58956758325e-06,6.17248717035e-06,1.98334219591e-06,7.78092622451e-08,7.59530579296e-08,3.41021989023e-08,4.5047024771e-07,2.28413538914e-06,4.53929404862e-06,3.43176963616e-06,1.60302896797e-06,1.05765067925e-06
0.799,2.75280692698e-08,6.91940866074e-06,2.58823425176e-06,6.06241087355e-06,1.9244904891e-06,7.95853747541e-08,7.3702988801e-08,3.30950627693e-08,4.5618014674e-07,2.30315326181e-06,4.44925526331e-06,3.32772532875e-06,1.5554711205e-06,1.02628490689e-06
0.8,2.70487636994e-08,6.91432631482e-06,2.5854994891e-06,5.95076344984e-06,1.86525341121e-06,8.11595311846e-08,7.14631153752e-08,3.20845273465e-08,4.62137983177e-07,2.32229284637e-06,4.35752222277e-06,3.22380644183e-06,1.50758196462e-06,9.94656524246e-07
0.801,2.66034544476e-08,6.77754872466e-06,2.53506022215e-06,5.84121453379e-06,1.80700055893e-06,8.23009034322e-08,6.92744846886e-08,3.1139625109e-08,4.68205587802e-07,2.34086828964e-06,4.26685523782e-06,3.12177728816e-06,1.46049140924e-06,9.63562669519e-07
0.802,2.61101298091e-08,6.64301038146e-06,2.48421121988e-06,5.73160398758e-06,1.74893902507e-06,8.33491907605e-08,6.71063646061e-08,3.02213893255e-08,4.74120351135e-07,2.35991008905e-06,4.1756567397e-06,3.02179394916e-06,1.41354441133e-06,9.32541573785e-07
0.803,2.56656033235e-08,6.52027493549e-06,2.43703188573e-06,5.63063296435e-06,1.694062234e-06,8.44552349661e-08,6.5104215126e-08,2.93552731294e-08,4.80469579098e-07,2.37981505323e-06,4.09048942942e-06,2.93405572842e-06,1.36919967621e-06,9.03275435563e-07
0.804,2.52686463006e-08,6.39442654818e-06,2.38767946473e-06,5.52577840032e-06,1.6383153167e-06,8.5588989931e-08,6.30752758525e-08,2.84704820819e-08,4.85858977941e-07,2.40061195713e-06,4.00208815746e-06,2.85694698374e-06,1.32412378178e-06,8.73508110136e-07
0.805,2.4922516562e-08,6.27386943183e-06,2.33955161945e-06,5.42456497721e-06,1.58399018356e-06,8.68522774321e-08,6.11241791901e-08,2.76425928846e-08,4.9182181856e-07,2.42206948198e-06,3.91591583573e-06,2.79329098157e-06,1.28021433709e-06,8.44520772009e-07
0.806,2.46021831003e-08,6.1600260049e-06,2.29345247127e-06,5.32843638994e-06,1.53177192521e-06,8.82474043322e-08,5.92772755107e-08,2.68537263734e-08,4.9809105955e-07,2.44451603183e-06,3.83320876281e-06,2.73793768704e-06,1.23802169641e-06,8.16684380051e-07
0.807,2.41932646809e-08,6.04861540962e-06,2.24768285427e-06,5.2338539747e-06,1.48035697332e-06,8.98197133559e-08,5.74609872646e-08,2.61044404341e-08,5.04581592664e-07,2.46887892053e-06,3.75127128469e-06,2.68725227445e-06,1.19647378522e-06,7.89268492861e-07
0.808,2.37834235891e-08,5.93397411395e-06,2.20001499771e-06,5.13604364884e-06,1.42828617221e-06,9.10641725486e-08,5.56478768457e-08,2.53633682715e-08,5.1026721132e-07,2.48942901598e-06,3.66673970296e-06,2.63572616853e-06,1.15439159518e-06,7.61474296569e-07
0.809,2.33509677895e-08,5.82098538206e-06,2.15247654727e-06,5.03932611119e-06,1.37707072131e-06,9.24349812473e-08,5.38845623963e-08,2.46300924136e-08,5.15492484471e-07,2.5113227808e-06,3.58292328552e-06,2.58520694711e-06,1.11298302356e-06,7.34118527803e-07
0.81,2.29852083339e-08,5.71139800282e-06,2.10578266328e-06,4.9452893293e-06,1.32702555355e-06,9.39810150512e-08,5.21675296776e-08,2.39384410042e-08,5.19844138186e-07,2.53444692204e-06,3.50092730572e-06,2.53630381516e-06,1.07253080475e-06,7.07401183718e-07
0.811,2.26804156944e-08,5.60702468235e-06,2.06079883404e-06,4.85556481704e-06,1.27877892619e-06,9.56167335798e-08,5.05268371241e-08,2.33077223096e-08,5.24955892206e-07,2.55922750168e-06,3.4218175606e-06,2.48988851908e-06,1.03354471886e-06,6.81667857926e-07
0.812,2.24480213056e-08,5.5062074531e-06,2.01683226202e-06,4.83889349917e-06,1.26502739162e-06,9.73859265871e-08,4.89507793775e-08,2.27347741174e-08,5.29057605315e-07,2.5867430102e-06,3.40580341674e-06,2.47758384618e-06,1.02242850259e-06,6.7433728798e-07
0.813,2.22434851419e-08,5.40247168606e-06,1.97134054132e-06,4.82539139426e-06,1.25466819934e-06,9.91439012706e-08,4.73692042338e-08,2.21728530356e-08,5.3215093981e-07,2.61074777372e-06,3.39343542652e-06,2.46725322536e-06,1.01404583106e-06,6.68779521795e-07
0.814,2.20887776116e-08,5.30165388575e-06,1.92669572096e-06,4.81450781351e-06,1.24639054342e-06,1.00954115456e-07,4.58552865949e-08,2.16537864174e-08,5.3564069141e-07,2.63662306598e-06,3.3834754561e-06,2.45901402426e-06,1.00735033084e-06,6.64352623879e-07
0.815,2.19394687665e-08,5.19992326593e-06,1.88140606257e-06,4.8024417363e-06,1.23873221841e-06,1.02834558074e-07,4.43671559591e-08,2.11432868508e-08,5.39031102128e-07,2.66016099308e-06,3.37307117045e-06,2.45051506539e-06,1.00114095767e-06,6.60221481667e-07
0.816,2.18024204145e-08,5.10588201652e-06,1.83881730081e-06,4.79689543766e-06,1.23380930432e-06,1.04927605832e-07,4.29920993515e-08,2.0666755922e-08,5.42451731256e-07,2.68966320836e-06,3.36772659649e-06,2.44597012578e-06,9.97159549742e-07,6.57576948211e-07
0.817,2.17184316423e-08,5.01243961283e-06,1.79626720231e-06,4.79118968577e-06,1.22950225889e-06,1.07094308768e-07,4.16519859552e-08,2.02209557022e-08,5.46715083886e-07,2.71765256798e-06,3.36252376816e-06,2.44165613143e-06,9.9367589921e-07,6.55272792715e-07
0.818,2.16763830161e-08,4.92214141563e-06,1.75474251223e-06,4.78759744206e-06,1.2263149346e-06,1.09455005768e-07,4.03544782141e-08,1.9827105423e-08,5.50594463765e-07,2.74649041506e-06,3.35909093254e-06,2.43869022639e-06,9.91106077489e-07,6.53574647109e-07
0.819,2.16713334917e-08,4.83145505555e-06,1.71290339562e-06,4.782587182e-06,1.22318760128e-06,1.11810964303e-07,3.90848547353e-08,1.94612208403e-08,5.54334807616e-07,2.7735648394e-06,3.35482326453e-06,2.43523439197e-06,9.88566212097e-07,6.51891008622e-07
0.82,2.1639313777e-08,4.74162486519e-06,1.67121672001e-06,4.77722068551e-06,1.22024575974e-06,1.14257716914e-07,3.78448272147e-08,1.91339592619e-08,5.58469766865e-07,2.80243574687e-06,3.35036476817e-06,2.43167148949e-06,9.86179628138e-07,6.5029643306e-07
0.821,2.1638223273e-08,4.65178952351e-06,1.62938209006e-06,4.77051132191e-06,1.21721698885e-06,1.16765185752e-07,3.66396157746e-08,1.88281373427e-08,5.62472331517e-07,2.8309739008e-06,3.34506664533e-06,2.42750235475e-06,9.83707220631e-07,6.48633784002e-07
0.822,2.16788592427e-08,4.56736304971e-06,1.58951668508e-06,4.76797704959e-06,1.21563239774e-06,1.19138871026e-07,3.55079597799e-08,1.85815295697e-08,5.66409238347e-07,2.86330827803e-06,3.34292037013e-06,2.42576191962e-06,9.82426963364e-07,6.47779235694e-07
0.823,2.17669108075e-08,4.48354596915e-06,1.54976077846e-06,4.76470116086e-06,1.21400608184e-06,1.2148079576e-07,3.43897718076e-08,1.83638407941e-08,5.70288902096e-07,2.89338463444e-06,3.34030641416e-06,2.42366139859e-06,9.81113339978e-07,6.46898292501e-07
0.824,2.19010322456e-08,4.40050757124e-06,1.51022301236e-06,4.76079674684e-06,1.21232853482e-06,1.23939543464e-07,3.33026057319e-08,1.81788909574e-08,5.73776818007e-07,2.92573415396e-06,3.33727051393e-06,2.42129886525e-06,9.7974050826e-07,6.45974649709e-07
0.825,2.20235879462e-08,4.3221151909e-06,1.47233402895e-06,4.76047226613e-06,1.21177312349e-06,1.26573581812e-07,3.22763119345e-08,1.80412916023e-08,5.78113332422e-07,2.96079274149e-06,3.33685284077e-06,2.42090850611e-06,9.79299517449e-07,6.45689631799e-07
0.826,2.21244366633e-08,4.24021232759e-06,1.43315119792e-06,4.75476850741e-06,1.20978550786e-06,1.29184973589e-07,3.122894114e-08,1.79024666021e-08,5.81798384476e-07,2.99335215473e-06,3.33260190989e-06,2.4176731458e-06,9.77681731157e-07,6.44587658562e-07
0.827,2.2263864109e-08,4.16122816693e-06,1.39495135226e-06,4.75073064762e-06,1.20831936043e-06,1.32054174529e-07,3.02437079086e-08,1.76983024087e-08,5.86413754125e-07,3.02429491714e-06,3.32951883352e-06,2.4153075594e-06,9.76481643999e-07,6.43775298836e-07
0.828,2.24606519347e-08,4.0824490402e-06,1.35685336209e-06,4.66009399017e-06,1.18558463747e-06,1.34713368502e-07,2.92695518426e-08,1.75318102283e-08,5.90724362402e-07,3.05276752644e-06,3.26570316649e-06,2.36913169267e-06,9.5809154752e-07,6.31626384836e-07
0.829,2.27155031793e-08,4.00770338809e-06,1.32022507904e-06,4.56847441278e-06,1.16220221835e-06,1.37615941142e-07,2.83419647569e-08,1.73738424402e-08,5.95934879309e-07,3.08218603631e-06,3.19986907492e-06,2.32150163684e-06,9.39186021278e-07,6.1914686318e-07
0.83,2.30188565008e-08,3.93561763681e-06,1.28456403845e-06,4.48141651142e-06,1.139502257e-06,1.40725639032e-07,2.74577696514e-08,1.72291775253e-08,6.01684766686e-07,3.11247908313e-06,3.13601610622e-06,2.27532422986e-06,9.2082924878e-07,6.07037774577e-07
0.831,2.33381912687e-08,3.86319829191e-06,1.24881292859e-06,4.39516475875e-06,1.1164885348e-06,1.43662156855e-07,2.6578374449e-08,1.71210912478e-08,6.06905250273e-07,3.13928066948e-06,3.07162054167e-06,2.22871159197e-06,9.02218437594e-07,5.94755783733e-07
0.832,2.37060417951e-08,3.79388868955e-06,1.21421679844e-06,4.31337269314e-06,1.09429600123e-06,1.46600161205e-07,2.5738351611e-08,1.70580974886e-08,6.12992606667e-07,3.16643798934e-06,3.00943616861e-06,2.18374820161e-06,8.84289580748e-07,5.82934638209e-07
0.833,2.41008143357e-08,3.72438641844e-06,1.17956632764e-06,4.23207342381e-06,1.07185045539e-06,1.49705286666e-07,2.49084093849e-08,1.70235760209e-08,6.1930415351e-07,3.19632987278e-06,2.94676998078e-06,2.13831581418e-06,8.661393512e-07,5.70954003249e-07
0.834,2.45285616309e-08,3.65662135228e-06,1.14559023472e-06,4.15330257302e-06,1.04974951348e-06,1.52854256511e-07,2.41188735253e-08,1.70246527904e-08,6.25717758951e-07,3.22777254264e-06,2.88510843295e-06,2.09363000935e-06,8.48275997009e-07,5.59166704139e-07
0.835,2.49900923184e-08,3.58885476402e-06,1.11171208149e-06,4.07495866173e-06,1.02745488302e-06,1.55984396971e-07,2.33393228945e-08,1.70570792367e-08,6.32358277428e-07,3.25561255997e-06,2.82303539602e-06,2.04866509603e-06,8.30251770764e-07,5.47267384238e-07
0.836,2.55003571992e-08,3.5242287036e-06,1.07897947736e-06,4.00051498038e-06,1.00598416206e-06,1.59239883268e-07,2.2587535937e-08,1.71336300447e-08,6.39301047975e-07,3.28531117738e-06,2.76315240002e-06,2.00529176734e-06,8.12907799879e-07,5.35824235114e-07
0.837,2.59586424226e-08,3.45885271954e-06,1.04614592506e-06,3.92547799826e-06,9.8413434258e-07,1.62633425026e-07,2.18514645052e-08,1.7214266398e-08,6.46456132603e-07,3.31642024795e-06,2.70230276851e-06,1.96118151464e-06,7.9524331951e-07,5.2416978942e-07
0.838,2.64459755102e-08,3.42206443304e-06,1.02663110591e-06,3.85287249665e-06,9.62737788114e-07,1.6610615632e-07,2.11496714286e-08,1.72709677321e-08,6.53215222273e-07,3.34853509541e-06,2.64265901331e-06,1.91798884535e-06,7.77950527328e-07,5.12757608417e-07
0.839,2.68875085096e-08,3.41308265697e-06,1.02063630216e-06,3.78133831792e-06,9.41445234171e-07,1.69529862032e-07,2.04678465806e-08,1.73721813736e-08,6.60747425489e-07,3.38188122036e-06,2.58335099741e-06,1.8749940948e-06,7.607315979e-07,5.01400238096e-07
0.84,2.72600237979e-08,3.40517998506e-06,1.01561865447e-06,3.71088808902e-06,9.20281748068e-07,1.72217740187e-07,1.97942341157e-08,1.74945893311e-08,6.68169735929e-07,3.4173646722e-06,2.52440326563e-06,1.8322733828e-06,7.43623590287e-07,4.90111324004e-07
0.841,2.76129590156e-08,3.40003081236e-06,1.01196893811e-06,3.64357895766e-06,8.99828423639e-07,1.7480082405e-07,1.91580087157e-08,1.76620147207e-08,6.76469460099e-07,3.45492251964e-06,2.46731531494e-06,1.79088926379e-06,7.27087761898e-07,4.79200407942e-07
0.842,2.78965265677e-08,3.39335557363e-06,1.00821858296e-06,3.5750005934e-06,8.78869247912e-07,1.76114951396e-07,1.85206761906e-08,1.78171537854e-08,6.83783642483e-07,3.48732700926e-06,2.40903802489e-06,1.74864247314e-06,7.10144023573e-07,4.68014729733e-07
0.843,2.82401386745e-08,3.38624784256e-06,1.00463742283e-06,3.50656198653e-06,8.5783082362e-07,1.77208596895e-07,1.79160225997e-08,1.79584217551e-08,6.91800618004e-07,3.52106992084e-06,2.35057063516e-06,1.70624782334e-06,6.93131019699e-07,4.56784260992e-07
0.844,2.86423422947e-08,3.38133057785e-06,1.00202666504e-06,3.44110396241e-06,8.37488903734e-07,1.78191085372e-07,1.7338140993e-08,1.80866270611e-08,6.98542738033e-07,3.54900309521e-06,2.29392220762e-06,1.66520848928e-06,6.76682984091e-07,4.45928774218e-07
0.845,2.90878322302e-08,3.37727094778e-06,9.99905969012e-07,3.3772889973e-06,8.17498917507e-07,1.79261141785e-07,1.67898330889e-08,1.81753738444e-08,7.06105896341e-07,3.5757031347e-06,2.23821022031e-06,1.62483491042e-06,6.60526441016e-07,4.35275668094e-07
0.846,2.95584821568e-08,3.37315084201e-06,9.97910495039e-07,3.3142536206e-06,7.97597718579e-07,1.8007860472e-07,1.62519824573e-08,1.82093684873e-08,7.13830676975e-07,3.60378936624e-06,2.18284136998e-06,1.58471520967e-06,6.44431209709e-07,4.24656302494e-07
0.847,2.99528965988e-08,3.37075619813e-06,9.96637785673e-07,3.25378837685e-06,7.7832073215e-07,1.8092981136e-07,1.57362799779e-08,1.8289789954e-08,7.22352153866e-07,3.63390341187e-06,2.12909543356e-06,1.54577731755e-06,6.28852833115e-07,4.14379899435e-07
0.848,3.03927758906e-08,3.36640697228e-06,9.94792019393e-07,3.19235928457e-06,7.58680868129e-07,1.81969920366e-07,1.52138642239e-08,1.83167576642e-08,7.2855318705e-07,3.66181118232e-06,2.0745428378e-06,1.50621452008e-06,6.12971004306e-07,4.03894689942e-07
0.849,3.08779959983e-08,3.3625765235e-06,9.93193678036e-07,3.13240171019e-06,7.39398439225e-07,1.82854186505e-07,1.47151398926e-08,1.83800009754e-08,7.341778159e-07,3.6888318536e-06,2.02091467383e-06,1.46734328166e-06,5.9738055816e-07,3.93608339325e-07
0.85,3.13947955824e-08,3.35956671043e-06,9.91978076715e-07,3.07418582055e-06,7.20522501123e-07,1.83354846604e-07,1.42389160313e-08,1.84915694222e-08,7.40482180302e-07,3.71735817036e-06,1.96838054589e-06,1.42929629706e-06,5.82121722318e-07,3.83544688823e-07
0.851,3.19897767748e-08,3.29381854868e-06,9.72850487996e-07,3.01821952155e-06,7.0218748519e-07,1.84122528388e-07,1.37899109975e-08,1.86285344758e-08,7.47464931104e-07,3.74965289702e-06,1.9173081057e-06,1.39226311717e-06,5.67307722951e-07,3.73773992963e-07
0.852,3.25406076822e-08,3.2303804513e-06,9.53985785398e-07,2.96334900516e-06,6.84108745162e-07,1.84860565065e-07,1.33709097225e-08,1.88093363507e-08,7.54499146522e-07,3.78126716839e-06,1.86692431189e-06,1.35577052834e-06,5.52693558946e-07,3.64139703113e-07
0.853,3.30595126754e-08,3.16761871705e-06,9.34912303359e-07,2.90830586002e-06,6.65949299489e-07,1.85500813519e-07,1.29594996494e-08,1.90152668402e-08,7.60899195029e-07,3.81465734976e-06,1.81643678865e-06,1.31917763208e-06,5.38014541056e-07,3.54454844812e-07
0.854,3.35982251373e-08,3.10578026233e-06,9.1572235208e-07,2.85349289758e-06,6.47817968094e-07,1.85932482615e-07,1.25532938353e-08,1.92388329848e-08,7.68216694103e-07,3.84412979239e-06,1.76611531752e-06,1.28270273078e-06,5.23361765985e-07,3.44784463463e-07
0.855,3.40704579519e-08,3.04621567899e-06,8.96961948796e-07,2.80029037348e-06,6.30112042264e-07,1.86759296846e-07,1.21636434827e-08,1.94543390513e-08,7.75730247129e-07,3.87499515428e-06,1.71689244971e-06,1.24703178381e-06,5.09048602638e-07,3.35342668658e-07
0.856,3.44762548327e-08,2.98919240355e-06,8.78727576024e-07,2.76330770072e-06,6.17512508974e-07,1.87262732732e-07,1.17950013253e-08,1.9640383482e-08,7.8401865709e-07,3.91019710227e-06,1.68175940768e-06,1.22158644996e-06,4.98869917146e-07,3.28627680524e-07
0.857,3.48942315403e-08,2.93356671671e-06,8.60654838108e-07,2.75652966349e-06,6.14688654287e-07,1.87777833629e-07,1.14319291416e-08,1.97265614844e-08,7.92682126353e-07,3.94536075464e-06,1.67386507395e-06,1.21586810749e-06,4.96586581837e-07,3.27117035538e-07
0.858,3.52812859612e-08,2.88241408874e-06,8.43821253524e-07,2.7539615574e-06,6.13161802667e-07,1.88448577521e-07,1.11098646312e-08,1.98437467714e-08,8.02281777516e-07,3.9828842313e-06,1.66936415835e-06,1.21265923735e-06,4.95357557768e-07,3.26314929334e-07
0.859,3.56731443705e-08,2.82755578007e-06,8.25577741752e-07,2.74766550545e-06,6.1084797003e-07,1.89127255588e-07,1.07814040964e-08,1.99663454813e-08,8.10932130863e-07,4.01794471949e-06,1.66306301872e-06,1.20806657764e-06,4.93480667529e-07,3.25069420245e-07
0.86,3.60616683569e-08,2.77721256448e-06,8.08589217121e-07,2.7454066386e-06,6.09702698113e-07,1.89855191993e-07,1.04833893037e-08,2.00628020651e-08,8.20329808621e-07,4.0583177899e-06,1.65977787636e-06,1.20570809828e-06,4.92554690966e-07,3.24461682766e-07
0.861,3.63753506303e-08,2.72586426898e-06,7.91120409013e-07,2.74171574192e-06,6.08297702591e-07,1.90309638824e-07,1.01841300251e-08,2.01847456211e-08,8.29680988446e-07,4.09643957443e-06,1.65594750908e-06,1.20289850141e-06,4.91417581612e-07,3.23705370033e-07
0.862,3.67844575483e-08,2.67824982057e-06,7.74633770745e-07,2.74126410451e-06,6.07771326094e-07,1.91100581849e-07,9.90726484364e-09,2.02941754611e-08,8.40131752521e-07,4.13832010499e-06,1.65444340723e-06,1.20180297215e-06,4.90993659172e-07,3.23428900719e-07
0.863,3.71885856451e-08,2.62888846596e-06,7.57518925549e-07,2.73843789214e-06,6.06781704807e-07,1.91784139295e-07,9.63608887082e-09,2.03284635077e-08,8.4955322593e-07,4.17803528073e-06,1.65170492955e-06,1.19981859059e-06,4.90186719957e-07,3.22890848119e-07
0.864,3.76227306905e-08,2.58075833312e-06,7.40638822586e-07,2.73620500237e-06,6.05959135237e-07,1.92644363002e-07,9.3800084884e-09,2.03680511868e-08,8.59792643548e-07,4.21682065607e-06,1.64950874181e-06,1.19820394715e-06,4.89518685572e-07,3.22447863775e-07
0.865,3.80991706872e-08,2.5349050002e-06,7.24381296664e-07,2.73568149071e-06,6.05660493015e-07,1.93562428705e-07,9.14068125647e-09,2.04276542899e-08,8.69947357357e-07,4.26034835583e-06,1.64855163532e-06,1.19754494599e-06,4.89276496425e-07,3.22293853093e-07
0.866,3.84530497494e-08,2.48796138597e-06,7.07707241192e-07,2.69227974926e-06,5.96107885992e-07,1.94587422792e-07,8.89661360408e-09,2.05196926189e-08,8.81326488085e-07,4.2989192559e-06,1.62264949405e-06,1.17873039999e-06,4.81556171987e-07,3.17198229045e-07
0.867,3.88565210924e-08,2.44154253198e-06,6.91049712521e-07,2.63976343204e-06,5.84352041818e-07,1.95248608819e-07,8.6741829304e-09,2.06388847034e-08,8.92486963649e-07,4.34132782126e-06,1.59088153914e-06,1.15561561967e-06,4.72055005932e-07,3.10929313913e-07
0.868,3.92865862566e-08,2.39665219848e-06,6.74816729029e-07,2.5894564561e-06,5.72925377308e-07,1.95612091316e-07,8.45259591869e-09,2.07894398526e-08,9.02965671727e-07,4.38235094178e-06,1.55987899673e-06,1.13308828805e-06,4.6281825127e-07,3.04843062942e-07
0.869,3.96285006009e-08,2.35169450571e-06,6.58461879418e-07,2.53950810152e-06,5.61339645945e-07,1.95942056327e-07,8.23012565961e-09,2.09677093408e-08,9.14404230551e-07,4.42290941026e-06,1.52853058693e-06,1.11028678565e-06,4.53452385308e-07,2.98664483323e-07
0.87,4.00111133274e-08,2.30735250224e-06,6.42244978766e-07,2.49055965413e-06,5.49831699671e-07,1.96543920153e-07,8.00286596185e-09,2.11477756667e-08,9.25747256231e-07,4.46853156731e-06,1.49735256909e-06,1.08759141871e-06,4.44150791411e-07,2.92527378104e-07
0.871,4.03170990985e-08,2.26527002542e-06,6.26665453544e-07,2.44430965413e-06,5.3883965584e-07,1.97202265633e-07,7.78956716555e-09,2.13607015679e-08,9.38089113061e-07,4.51547412842e-06,1.46744751591e-06,1.06584018657e-06,4.3526867235e-07,2.86670988416e-07
0.872,4.06488237511e-08,2.22495629042e-06,6.11576075158e-07,2.4001686224e-06,5.28184840499e-07,1.97917498059e-07,7.59278064845e-09,2.16027052204e-08,9.50393405303e-07,4.56389581159e-06,1.43843453863e-06,1.04478206323e-06,4.26659257798e-07,2.80999341085e-07
0.873,4.10567231896e-08,2.18474492748e-06,5.96483715604e-07,2.35629326027e-06,5.17472027492e-07,1.98015339103e-07,7.40115085347e-09,2.18632448689e-08,9.62510780534e-07,4.61333903519e-06,1.40928195827e-06,1.02360307928e-06,4.18004627828e-07,2.75295455261e-07
0.874,4.14419913402e-08,2.14510585872e-06,5.81523558123e-07,2.31315561121e-06,5.06810962845e-07,1.98160855042e-07,7.22781946763e-09,2.21457652245e-08,9.75483399326e-07,4.66407711618e-06,1.38027976642e-06,1.00254178901e-06,4.09390954199e-07,2.69618486145e-07
0.875,4.18862106893e-08,2.10573004535e-06,5.66625295636e-07,2.27039539184e-06,4.96104586302e-07,1.98574930067e-07,7.06272104306e-09,2.24526774632e-08,9.88278309734e-07,4.71310266045e-06,1.3512428657e-06,9.81418061876e-07,4.0074251808e-07,2.63912842342e-07
0.876,4.23296492567e-08,2.0668374481e-06,5.51843780381e-07,2.22822892466e-06,4.85446887282e-07,1.98923775334e-07,6.91608302051e-09,2.27191323237e-08,9.99667057544e-07,4.76293695332e-06,1.3223290598e-06,9.60396383787e-07,3.92125486548e-07,2.58233416555e-07
0.877,4.28281725926e-08,2.02906379757e-06,5.37386645158e-07,2.18732511247e-06,4.74996416374e-07,1.99504760984e-07,6.78611220839e-09,2.2965544031e-08,1.01049997469e-06,4.81360377971e-06,1.29395355923e-06,9.3975917729e-07,3.83678302875e-07,2.52664848223e-07
0.878,4.33016000134e-08,1.9919669975e-06,5.23104400135e-07,2.14719481953e-06,4.6465517865e-07,2.00176064928e-07,6.66868253777e-09,2.32414122378e-08,1.0212641501e-06,4.8679194576e-06,1.26585506244e-06,9.19319140487e-07,3.75325157713e-07,2.47163597157e-07
0.879,4.35532122738e-08,1.95513734871e-06,5.08902684749e-07,2.10738633393e-06,4.54309582471e-07,2.00845352894e-07,6.55810247105e-09,2.35626108228e-08,1.032015873e-06,4.91895461805e-06,1.23778280064e-06,8.98917885949e-07,3.66965165963e-07,2.4165024789e-07
0.88,4.38592870289e-08,1.91866887214e-06,4.94810447626e-07,2.06799345802e-06,4.44008715444e-07,2.01585570487e-07,6.46393114454e-09,2.38973776064e-08,1.04307172936e-06,4.96891799967e-06,1.20979530316e-06,8.7857462958e-07,3.58638113847e-07,2.36159454926e-07
0.881,4.42291865878e-08,1.8834444023e-06,4.81085291792e-07,2.02996192559e-06,4.33955294357e-07,2.0231278048e-07,6.36516614204e-09,2.42160072153e-08,1.05512239172e-06,5.01904656857e-06,1.18247596015e-06,8.58734338256e-07,3.50514810403e-07,2.30804206028e-07
0.882,4.46162647492e-08,1.84929720823e-06,4.6767972687e-07,1.99310732284e-06,4.24120470849e-07,2.03237043437e-07,6.27569133004e-09,2.4595548127e-08,1.06729066999e-06,5.0647293548e-06,1.15573497476e-06,8.39309802023e-07,3.42568233917e-07,2.25568956014e-07
0.883,4.50190131291e-08,1.81549153475e-06,4.5438470585e-07,1.95663310282e-06,4.14304042727e-07,2.04219254441e-07,6.20033367503e-09,2.50091439579e-08,1.07927362183e-06,5.11003742579e-06,1.12909640004e-06,8.19955878235e-07,3.34637207917e-07,2.20341753746e-07
0.884,4.54595727934e-08,1.78253624186e-06,4.41366041779e-07,1.92108499396e-06,4.04684869415e-07,2.05502888569e-07,6.13348854353e-09,2.54127048079e-08,1.09243782377e-06,5.16313576006e-06,1.10293258009e-06,8.00961755296e-07,3.26868030599e-07,2.15227672832e-07
0.885,4.5907987864e-08,1.74965716811e-06,4.2838612808e-07,1.88562627424e-06,3.9501241025e-07,2.06654229093e-07,6.06112842844e-09,2.58631800406e-08,1.10406319356e-06,5.2090821339e-06,1.07668970995e-06,7.81879762261e-07,3.19047799597e-07,2.10071996504e-07
0.886,4.62603960516e-08,1.71550167685e-06,4.15089291608e-07,1.84879751287e-06,3.84991552708e-07,2.07682683252e-07,5.97731210909e-09,2.62827028033e-08,1.11465184585e-06,5.251664725e-06,1.04956199874e-06,7.62140266799e-07,3.10945568937e-07,2.04726067557e-07
0.887,4.66384758765e-08,1.68425078844e-06,4.02609350265e-07,1.81510389623e-06,3.75681395665e-07,2.09133326769e-07,5.91105495652e-09,2.67244907213e-08,1.12646413855e-06,5.30057323561e-06,1.0242288276e-06,7.43741751319e-07,3.03421349644e-07,1.99771009046e-07
0.888,4.70720091863e-08,1.66539868186e-06,3.94868316461e-07,1.78081186316e-06,3.66193429579e-07,2.10170065952e-07,5.85509604147e-09,2.70961549146e-08,1.13789404059e-06,5.35084978144e-06,9.98488752606e-07,7.25014509481e-07,2.95751720925e-07,1.94713357458e-07
0.889,4.75317707791e-08,1.66063466472e-06,3.92464811677e-07,1.74755357767e-06,3.569202907e-07,2.11165085953e-07,5.81371232918e-09,2.75077081954e-08,1.15097545357e-06,5.40028568883e-06,9.73317848194e-07,7.067185538e-07,2.88256472794e-07,1.89771051835e-07
0.89,4.80577983182e-08,1.65773099067e-06,3.907779784e-07,1.73302486173e-06,3.52671593847e-07,2.12499826317e-07,5.78886578096e-09,2.78938482492e-08,1.1644220529e-06,5.45573154175e-06,9.61782105245e-07,6.98325117718e-07,2.84825338265e-07,1.87507902624e-07
0.891,4.83947841462e-08,1.65486986492e-06,3.89278772972e-07,1.72906584034e-06,3.51387746583e-07,2.13798591101e-07,5.76786984311e-09,2.82581622021e-08,1.17748444359e-06,5.50473850742e-06,9.5831563889e-07,6.95797871562e-07,2.83785477246e-07,1.86819223276e-07
0.892,4.87779819122e-08,1.65233163452e-06,3.88027788177e-07,1.72563643515e-06,3.50294863381e-07,2.15187130017e-07,5.74059557867e-09,2.86656577978e-08,1.19063699935e-06,5.55144909128e-06,9.55396820504e-07,6.9366587087e-07,2.82899014925e-07,1.8623293877e-07
0.893,4.91634425392e-08,1.6495789063e-06,3.86832474119e-07,1.72213751233e-06,3.49265772338e-07,2.16641934751e-07,5.72522753682e-09,2.90835064395e-08,1.20318557333e-06,5.59737717117e-06,9.52635154977e-07,6.91639058379e-07,2.82066679797e-07,1.85679171765e-07
0.894,4.95983660088e-08,1.64706665491e-06,3.85805819292e-07,1.719013943e-06,3.48374366877e-07,2.17981666457e-07,5.71988074003e-09,2.9513961413e-08,1.21532868856e-06,5.64097811311e-06,9.50242388398e-07,6.89890152449e-07,2.81341514342e-07,1.85196757401e-07
0.895,5.01173992079e-08,1.64650053451e-06,3.85343583846e-07,1.71802100679e-06,3.47991707794e-07,2.20028755083e-07,5.73018154278e-09,3.00072400783e-08,1.22819368264e-06,5.69040013668e-06,9.49185706474e-07,6.89136870355e-07,2.81032459311e-07,1.84996531079e-07
0.896,5.06431318348e-08,1.64546412012e-06,3.84833106077e-07,1.71661662144e-06,3.4754571754e-07,2.21461275667e-07,5.75026181871e-09,3.04756832133e-08,1.24179425169e-06,5.73942550226e-06,9.47988065084e-07,6.88258662885e-07,2.80674268005e-07,1.84758514274e-07
0.897,5.11399338705e-08,1.6434233904e-06,3.84107431097e-07,1.71422855631e-06,3.46902735316e-07,2.22816801077e-07,5.77672794901e-09,3.09777423963e-08,1.25428867356e-06,5.78372692666e-06,9.4630231097e-07,6.87017629529e-07,2.80153471792e-07,1.84409544635e-07
0.898,5.15521777787e-08,1.64156226276e-06,3.83460080805e-07,1.69433235408e-06,3.42840211963e-07,2.23702273418e-07,5.81547641589e-09,3.15406775893e-08,1.26756412656e-06,5.81962832354e-06,9.35285210308e-07,6.79004214601e-07,2.76866861273e-07,1.82241758864e-07
0.899,5.19372086776e-08,1.63925375289e-06,3.82738969646e-07,1.66075890164e-06,3.35988972162e-07,2.24824411512e-07,5.86117341742e-09,3.2086127225e-08,1.28021297366e-06,5.85478288439e-06,9.1666899129e-07,6.65480406545e-07,2.71327570832e-07,1.7858579446e-07
0.9,5.24166560114e-08,1.63791524083e-06,3.82284854236e-07,1.62901004284e-06,3.29390463487e-07,2.26096306806e-07,5.89976726235e-09,3.26549220779e-08,1.294303729e-06,5.89508563963e-06,8.9874228311e-07,6.52458993532e-07,2.65996865619e-07,1.75071013977e-07
0.901,5.29367870337e-08,1.60529205199e-06,3.7476231718e-07,1.59800522958e-06,3.22861924515e-07,2.27547294192e-07,5.93471903138e-09,3.32305771589e-08,1.30878298368e-06,5.93214209986e-06,8.80958572235e-07,6.39542099443e-07,2.60720196166e-07,1.71596780097e-07
0.902,5.35112426096e-08,1.57567099434e-06,3.67819721054e-07,1.56963861994e-06,3.1680870883e-07,2.29292182429e-07,5.97287867395e-09,3.38963270515e-08,1.3246396994e-06,5.98010476825e-06,8.64414123736e-07,6.27533994034e-07,2.55834858458e-07,1.68386195249e-07
0.903,5.4075380612e-08,1.54497749912e-06,3.6043324082e-07,1.53993185743e-06,3.10352130224e-07,2.30970923016e-07,6.01816799043e-09,3.44996579977e-08,1.33956764098e-06,6.0183221775e-06,8.46865121256e-07,6.14791230938e-07,2.50619670057e-07,1.64950340149e-07
0.904,5.4679253413e-08,1.51550950543e-06,3.5320767332e-07,1.51123460661e-06,3.04046800843e-07,2.32779789363e-07,6.07642796107e-09,3.5146063349e-08,1.35558009025e-06,6.06097257239e-06,8.29687516163e-07,6.02302683489e-07,2.45524512516e-07,1.61596325605e-07
0.905,5.52292933323e-08,1.48711712792e-06,3.4613345974e-07,1.48344608447e-06,2.97862630551e-07,2.34256351926e-07,6.14737253664e-09,3.58202464844e-08,1.36988164504e-06,6.10269473489e-06,8.12833047317e-07,5.90068766993e-07,2.40528528355e-07,1.58307995664e-07
0.906,5.57102395316e-08,1.45876093589e-06,3.38947735878e-07,1.45556599999e-06,2.91577089017e-07,2.35722769189e-07,6.22653503982e-09,3.64088418064e-08,1.38395865277e-06,6.13912645187e-06,7.95740617672e-07,5.77642182704e-07,2.35447253305e-07,1.54960408637e-07
0.907,5.61822659968e-08,1.43132663488e-06,3.31910564274e-07,1.42850703793e-06,2.85412125969e-07,2.36886608281e-07,6.28119327932e-09,3.70292667591e-08,1.39807071155e-06,6.18360182476e-06,7.78972854888e-07,5.65462221572e-07,2.30467525317e-07,1.51680242386e-07
0.908,5.6726708126e-08,1.40402819969e-06,3.24827074077e-07,1.40150692017e-06,2.79208652489e-07,2.38167509255e-07,6.32829534674e-09,3.76180553483e-08,1.4111981567e-06,6.2195583244e-06,7.62105163306e-07,5.53199336974e-07,2.25455539991e-07,1.48375954675e-07
0.909,5.72608213786e-08,1.37790053169e-06,3.17954520718e-07,1.37561558977e-06,2.7319184146e-07,2.3975734291e-07,6.38772451673e-09,3.80431002645e-08,1.42532968242e-06,6.26430783592e-06,7.45728125162e-07,5.41307302781e-07,2.20593800613e-07,1.45173798539e-07
0.91,5.78934564639e-08,1.35249774723e-06,3.11201988623e-07,1.3504019717e-06,2.67299386046e-07,2.40993762472e-07,6.46156607734e-09,3.8503238212e-08,1.4391477358e-06,6.30723050062e-06,7.296237698e-07,5.29610112799e-07,2.15832682421e-07,1.42038178185e-07
0.911,5.85286439236e-08,1.32728615012e-06,3.04414391744e-07,1.32534361774e-06,2.61378015111e-07,2.42034541376e-07,6.54314964237e-09,3.90000979302e-08,1.45405170392e-06,6.34244241565e-06,7.13501976735e-07,5.17900444329e-07,2.11049654718e-07,1.3888813123e-07
0.912,5.91211475662e-08,1.30081070006e-06,2.97254103116e-07,1.29899527899e-06,2.5512159912e-07,2.42655314179e-07,6.63022289018e-09,3.94865126539e-08,1.46671220625e-06,6.36422155331e-06,6.96548516168e-07,5.0557709249e-07,2.05991411114e-07,1.35549258893e-07
0.913,5.9830824564e-08,1.27714101073e-06,2.90746403587e-07,1.27542720141e-06,2.49455933879e-07,2.43565032754e-07,6.73584802195e-09,4.00491454586e-08,1.48169040379e-06,6.39685668838e-06,6.81071644012e-07,4.94345705474e-07,2.01413724387e-07,1.32536446825e-07
0.914,6.05267311082e-08,1.25350627626e-06,2.84194781539e-07,1.25187730928e-06,2.43743625634e-07,2.44599368625e-07,6.83539046685e-09,4.06447510029e-08,1.49624876015e-06,6.42422621823e-06,6.65512945354e-07,4.83040096028e-07,1.9679783701e-07,1.29494580171e-07
0.915,6.12206246505e-08,1.22977929798e-06,2.77571540734e-07,1.22822243387e-06,2.37981230224e-07,2.45674144973e-07,6.92820228964e-09,4.12151418896e-08,1.51186094182e-06,6.45109782261e-06,6.49840277327e-07,4.71644957874e-07,1.92141253853e-07,1.26425068102e-07
0.916,6.20320216466e-08,1.20720312506e-06,2.71206133832e-07,1.20570688209e-06,2.3244332473e-07,2.46879229614e-07,7.03355884834e-09,4.18668679356e-08,1.52775958026e-06,6.48385520854e-06,6.34731613698e-07,4.60671198468e-07,1.87667209141e-07,1.23479252885e-07
0.917,6.27123490211e-08,1.18508750305e-06,2.64922020992e-07,1.18364348841e-06,2.26973616104e-07,2.48219334746e-07,7.14806006195e-09,4.24849724827e-08,1.5440046589e-06,6.51354414494e-06,6.19809209835e-07,4.49840674173e-07,1.83249972705e-07,1.2057170013e-07
0.918,6.3330834942e-08,1.16204270252e-06,2.58374102236e-07,1.16064619093e-06,2.21279357668e-07,2.49384666551e-07,7.27083200807e-09,4.30860173409e-08,1.55986143389e-06,6.54167760515e-06,6.04328123413e-07,4.38597379322e-07,1.78648898737e-07,1.17538547889e-07
0.919,6.41388551029e-08,1.141235754e-06,2.52343862776e-07,1.13987914213e-06,2.16034136487e-07,2.51062354938e-07,7.40902361662e-09,4.37281926887e-08,1.57649356989e-06,6.57535453418e-06,5.9002304866e-07,4.28209549274e-07,1.74412445942e-07,1.14750446111e-07
0.92,6.48029256497e-08,1.12020264107e-06,2.46245396291e-07,1.11888266389e-06,2.10742739147e-07,2.52621797569e-07,7.55296057134e-09,4.4392269492e-08,1.59103517418e-06,6.60763678745e-06,5.75564508473e-07,4.17721300269e-07,1.70138316484e-07,1.11935467298e-07
0.921,6.56183234145e-08,1.09904335199e-06,2.4009097413e-07,1.09775748527e-06,2.05400254563e-07,2.5439732332e-07,7.68324514191e-09,4.50870959222e-08,1.60474088101e-06,6.63830645759e-06,5.61009548926e-07,4.07142806336e-07,1.65820212176e-07,1.09091593652e-07
0.922,6.64750924604e-08,1.07974421323e-06,2.34361604343e-07,1.07848799549e-06,2.00421948454e-07,2.56378670417e-07,7.79880046631e-09,4.58558389819e-08,1.61932161391e-06,6.6781505401e-06,5.47409538662e-07,3.9727299925e-07,1.61801457181e-07,1.06448301378e-07
0.923,6.72176262472e-08,1.05995088198e-06,2.28494657877e-07,1.05872319574e-06,1.95327701101e-07,2.58391695952e-07,7.91466022008e-09,4.65663265624e-08,1.63466422582e-06,6.70712117232e-06,5.33525864301e-07,3.87191478514e-07,1.57687981188e-07,1.03741092363e-07
0.924,6.78421697145e-08,1.03974098707e-06,2.2252052095e-07,1.03854094057e-06,1.90148747021e-07,2.60127631766e-07,8.03473849094e-09,4.73306271969e-08,1.64769641488e-06,6.73677651836e-06,5.1942662495e-07,3.769434069e-07,1.53503291585e-07,1.00983515457e-07
0.925,6.86392336981e-08,1.02072779145e-06,2.16817057809e-07,1.01955286127e-06,1.85200735411e-07,2.62312751352e-07,8.16097791401e-09,4.81069891811e-08,1.66245713589e-06,6.76981925178e-06,5.05937205674e-07,3.67149871314e-07,1.49507488683e-07,9.83520667813e-08
0.926,6.93670431561e-08,1.00171824179e-06,2.11109014822e-07,1.00056776641e-06,1.80248951099e-07,2.64030815644e-07,8.25892008862e-09,4.88909750619e-08,1.67689259734e-06,6.79843591988e-06,4.92450930568e-07,3.57358285884e-07,1.45508220777e-07,9.57183483972e-08
0.927,7.01638015144e-08,9.83266033033e-07,2.05524109922e-07,9.82138616264e-07,1.75412008376e-07,2.6592328222e-07,8.35126215994e-09,4.96285974795e-08,1.69324343104e-06,6.83215746394e-06,4.79258534491e-07,3.47779483311e-07,1.41601435116e-07,9.3145216501e-08
0.928,7.1044546747e-08,9.6608316707e-07,2.00227253494e-07,9.64977234612e-07,1.70831329642e-07,2.68230758321e-07,8.45298926451e-09,5.0445042224e-08,1.70965380325e-06,6.87303966352e-06,4.66725522009e-07,3.38683172719e-07,1.37903197415e-07,9.07135033691e-08
0.929,7.1972608582e-08,9.49108864983e-07,1.94974871562e-07,9.48023501935e-07,1.6628996835e-07,2.70447876341e-07,8.54552420533e-09,5.12170877829e-08,1.72666813259e-06,6.91196536538e-06,4.54308796082e-07,3.29680285581e-07,1.34235574911e-07,8.83014954019e-08
0.93,7.284087314e-08,9.31934379177e-07,1.89683727467e-07,9.30869644778e-07,1.61711675646e-07,2.72620955598e-07,8.6089257035e-09,5.19683680975e-08,1.74272812837e-06,6.9511688381e-06,4.41815039874e-07,3.20614017399e-07,1.30538645823e-07,8.58681827441e-08
0.931,7.38299022032e-08,9.15506871055e-07,1.84561741128e-07,9.14461585364e-07,1.57285553023e-07,2.75284356639e-07,8.68383876708e-09,5.26718204585e-08,1.76005137287e-06,6.98991147461e-06,4.29712897187e-07,3.11833774875e-07,1.26965104793e-07,8.35180499039e-08
0.932,7.47800529024e-08,8.98514120443e-07,1.79317651383e-07,8.97488782421e-07,1.52750466403e-07,2.77580452588e-07,8.7357004105e-09,5.33790172623e-08,1.77599733826e-06,7.02949530273e-06,4.17357524216e-07,3.0285572855e-07,1.23302135983e-07,8.11052685529e-08
0.933,7.56369313432e-08,8.81643373395e-07,1.7410894607e-07,8.80637737789e-07,1.4824420011e-07,2.7976921471e-07,8.79783854308e-09,5.41014330826e-08,1.7900646173e-06,7.06888840754e-06,4.05089255931e-07,2.93942023483e-07,1.19661253735e-07,7.87077971191e-08
0.934,7.64927378011e-08,8.64836958925e-07,1.68920001757e-07,8.6385089127e-07,1.43763405803e-07,2.82182824744e-07,8.87025921595e-09,5.48259252118e-08,1.80501168791e-06,7.1018084494e-06,3.92895763639e-07,2.85080898156e-07,1.16041173262e-07,7.6322995079e-08
0.935,7.73561609036e-08,8.48789663559e-07,1.6390992401e-07,8.47822118943e-07,1.39439072934e-07,2.85018733432e-07,8.92316496825e-09,5.55241349041e-08,1.8204370907e-06,7.14341678876e-06,3.81110584084e-07,2.76522465258e-07,1.1254846838e-07,7.40222473553e-08
0.936,7.81842120189e-08,8.32708405242e-07,1.5891864534e-07,8.31759437983e-07,1.35134664403e-07,2.8783391773e-07,8.97158895289e-09,5.62927371048e-08,1.83392360626e-06,7.18133668103e-06,3.69365202774e-07,2.67994302758e-07,1.09072640147e-07,7.17341551734e-08
0.937,7.90635600674e-08,8.17064335081e-07,1.54028469737e-07,8.16133313138e-07,1.30911386637e-07,2.90717600672e-07,9.00676948336e-09,5.7129189277e-08,1.84927421981e-06,7.2220910493e-06,3.57865973616e-07,2.59642867852e-07,1.0566131841e-07,6.94872720282e-08
0.938,7.99662896593e-08,8.0794351398e-07,1.51060612728e-07,8.0074366544e-07,1.26759202396e-07,2.93467937715e-07,9.04701162744e-09,5.80361042882e-08,1.86478253162e-06,7.26942294221e-06,3.46539204562e-07,2.51413824724e-07,1.02306324292e-07,6.72774894308e-08
0.939,8.08102533221e-08,8.05844394423e-07,1.50178175168e-07,7.85998936918e-07,1.22735650221e-07,2.9671923519e-07,9.10762761879e-09,5.88671872482e-08,1.88150134172e-06,7.31546833572e-06,3.35563980626e-07,2.43446693084e-07,9.9058173176e-08,6.51386999049e-08
0.94,8.1503917796e-08,8.04155161861e-07,1.49475551454e-07,7.75088391007e-07,1.19665840347e-07,2.99845302429e-07,9.18036219937e-09,5.95639103103e-08,1.8980298643e-06,7.35884799421e-06,3.27192546113e-07,2.37369910605e-07,9.65796474592e-08,6.35070192841e-08
0.941,8.21321475947e-08,8.02582547332e-07,1.48860379167e-07,7.72918677252e-07,1.18851722712e-07,3.03025127348e-07,9.26014633608e-09,6.02762129388e-08,1.91522060985e-06,7.39781820769e-06,3.24978795059e-07,2.35762326867e-07,9.59215011425e-08,6.30716397428e-08
0.942,8.27798072492e-08,8.00909549324e-07,1.48288424829e-07,7.70782571946e-07,1.18126756704e-07,3.05775834679e-07,9.34587287498e-09,6.0986436809e-08,1.92929411699e-06,7.4235145759e-06,3.23024370074e-07,2.34336921715e-07,9.53350745251e-08,6.26839853764e-08
0.943,8.34473742102e-08,7.99505562636e-07,1.47811621419e-07,7.6901014616e-07,1.17538076171e-07,3.08777911323e-07,9.43012815043e-09,6.16817251727e-08,1.94529234273e-06,7.43806101106e-06,3.21431796975e-07,2.33176583849e-07,9.48587239655e-08,6.23693763055e-08
0.944,8.42324527147e-08,7.98689870867e-07,1.47496267442e-07,7.67887289856e-07,1.17119068974e-07,3.1188084129e-07,9.52901101655e-09,6.24514141142e-08,1.96184193606e-06,7.44497980873e-06,3.20295753518e-07,2.32345599074e-07,9.4519666797e-08,6.21447848832e-08
0.945,8.49544309505e-08,7.97506454544e-07,1.47135696239e-07,7.66478174419e-07,1.16696029118e-07,3.1468435816e-07,9.63019762367e-09,6.29065330395e-08,1.97750037872e-06,7.44087463692e-06,3.19154870018e-07,2.31514858082e-07,9.41784005104e-08,6.19189436861e-08
0.946,8.559834711e-08,7.96308527027e-07,1.46793477758e-07,7.65109239648e-07,1.163117134e-07,3.17519943557e-07,9.74442326852e-09,6.33362018614e-08,1.99413897371e-06,7.43970392425e-06,3.18129530937e-07,2.30767488013e-07,9.38675862979e-08,6.17129199026e-08
0.947,8.62728666843e-08,7.95542309024e-07,1.46560867023e-07,7.64198431554e-07,1.16039718083e-07,3.20667580463e-07,9.87015652164e-09,6.3900985272e-08,2.01176841477e-06,7.43840722677e-06,3.17393611213e-07,2.3023788478e-07,9.36477686671e-08,6.15681205189e-08
0.948,8.70273551561e-08,7.94931963023e-07,1.46374676879e-07,7.6347200961e-07,1.15821918489e-07,3.23790978261e-07,9.99649507261e-09,6.45429780113e-08,2.03070715123e-06,7.43089415378e-06,3.16804146381e-07,2.29812350872e-07,9.34711738391e-08,6.14515087607e-08
0.949,8.7821269496e-08,7.94594875493e-07,1.46259420702e-07,7.63035790018e-07,1.15670462301e-07,3.26985059031e-07,1.01298677802e-08,6.52216288116e-08,2.0491136013e-06,7.41903561597e-06,3.16398704023e-07,2.29516645892e-07,9.33486491827e-08,6.13705794248e-08
0.95,8.85827213925e-08,7.94262879909e-07,1.4614913584e-07,7.626267096e-07,1.15533993769e-07,3.30498318124e-07,1.02774040543e-08,6.5796341202e-08,2.06767454249e-06,7.40551237838e-06,3.1603524938e-07,2.29251142209e-07,9.32384120477e-08,6.12972556968e-08
0.951,8.93656780714e-08,7.78777984768e-07,1.43345569737e-07,7.622533743e-07,1.15420454835e-07,3.33926237331e-07,1.04261992015e-08,6.64963697142e-08,2.08530089399e-06,7.39215080049e-06,3.15729595968e-07,2.2903022709e-07,9.31465988371e-08,6.12366809879e-08
0.952,9.01878900219e-08,7.63275844355e-07,1.40461244162e-07,7.6137555453e-07,1.152306874e-07,3.37457205237e-07,1.05784594368e-08,6.70433662546e-08,2.09999911553e-06,7.3743494275e-06,3.15238127149e-07,2.28672217704e-07,9.29919213234e-08,6.11340336193e-08
0.953,9.10091050906e-08,7.48251490733e-07,1.37602386508e-07,7.60523880966e-07,1.15046934204e-07,3.4119073003e-07,1.07093592497e-08,6.7559069557e-08,2.11522813376e-06,7.35564028305e-06,3.14760773112e-07,2.2831905903e-07,9.28427173812e-08,6.10333872865e-08
0.954,9.18104700925e-08,7.33246779841e-07,1.34700441853e-07,7.56297167937e-07,1.1438414683e-07,3.44570877779e-07,1.08331601178e-08,6.80726822379e-08,2.12998771317e-06,7.32420990718e-06,3.12969098177e-07,2.2700975201e-07,9.2305352904e-08,6.06775123992e-08
0.955,9.27681205405e-08,7.19588328644e-07,1.32014379614e-07,7.41518071505e-07,1.1217057816e-07,3.48544712443e-07,1.09861949157e-08,6.85727221957e-08,2.14768856659e-06,7.30881740586e-06,3.06918707119e-07,2.22622141391e-07,9.05177663072e-08,5.95031231096e-08
0.956,9.37417823796e-08,7.05534660247e-07,1.29201162583e-07,7.26500224233e-07,1.09855684104e-07,3.51973960263e-07,1.11341173406e-08,6.90525164295e-08,2.16526585529e-06,7.28104032996e-06,3.00608204726e-07,2.18039113822e-07,8.86486162955e-08,5.827251229e-08
0.957,9.46960179218e-08,6.92049621098e-07,1.26472808829e-07,7.12198927569e-07,1.07615239597e-07,3.55414168011e-07,1.12615085455e-08,6.95926353249e-08,2.18313396846e-06,7.25178283779e-06,2.94486671172e-07,2.13596161629e-07,8.68399769355e-08,5.70820073739e-08
0.958,9.56968748489e-08,6.79307126232e-07,1.23852721053e-07,6.98763067161e-07,1.05465496714e-07,3.59234832654e-07,1.14096349905e-08,7.0193745727e-08,2.20225866839e-06,7.22594754506e-06,2.88615256145e-07,2.09340531057e-07,8.51053351373e-08,5.59416090307e-08
0.959,9.68264590499e-08,6.67187694042e-07,1.21340424645e-07,6.86046344012e-07,1.03414601406e-07,3.63226945716e-07,1.15415118069e-08,7.08323082502e-08,2.22197416114e-06,7.20009145784e-06,2.82984576647e-07,2.05259275088e-07,8.34509808269e-08,5.48549612046e-08
0.96,9.7846745958e-08,6.54595817137e-07,1.18697627722e-07,6.72904526537e-07,1.01246326814e-07,3.67219092869e-07,1.16581005493e-08,7.14053117415e-08,2.23922107021e-06,7.17404584567e-06,2.77066103379e-07,2.00961665925e-07,8.17005743863e-08,5.3702770417e-08
0.961,9.89889634467e-08,6.42728943577e-07,1.16182804759e-07,6.60555213752e-07,9.9186936717e-08,3.71455556003e-07,1.1781024571e-08,7.19777949193e-08,2.25535067093e-06,7.14953278568e-06,2.71429481971e-07,1.96871847441e-07,8.00383806239e-08,5.26102967324e-08
0.962,1.00084612049e-07,6.30406600963e-07,1.13544492229e-07,6.477743878e-07,9.70156451707e-08,3.75396732811e-07,1.19109712755e-08,7.2438789971e-08,2.27225771432e-06,7.12869787201e-06,2.65518781394e-07,1.92578962982e-07,7.82848446087e-08,5.14555060947e-08
0.963,1.01288801882e-07,6.19208853128e-07,1.11112353103e-07,6.36177596929e-07,9.50240889239e-08,3.79727256591e-07,1.20454575646e-08,7.30174929699e-08,2.29248796555e-06,7.11415188717e-06,2.60062292072e-07,1.88623476718e-07,7.66780342832e-08,5.03995843782e-08
0.964,1.02652777117e-07,6.08237049478e-07,1.08702071183e-07,6.24834848954e-07,9.30478004079e-08,3.84527796635e-07,1.21812273932e-08,7.36833691223e-08,2.31267854933e-06,7.10105354616e-06,2.54652749264e-07,1.84702996791e-07,7.50830149136e-08,4.93515926444e-08
0.965,1.0386802005e-07,5.97215864127e-07,1.06270791509e-07,6.13458377788e-07,9.10532543936e-08,3.89177959517e-07,1.23004230622e-08,7.42130787725e-08,2.33273726858e-06,7.08422737511e-06,2.49195805462e-07,1.80745703583e-07,7.34738176173e-08,4.82933708617e-08
0.966,1.04974725666e-07,5.86388531344e-07,1.03861700329e-07,6.02294211955e-07,8.90674143996e-08,3.93938062113e-07,1.24370711781e-08,7.44944102973e-08,2.35244414598e-06,7.0728935225e-06,2.43776535337e-07,1.76811736912e-07,7.18709754498e-08,4.72391944797e-08
0.967,1.06063522738e-07,5.7574962624e-07,1.01475437468e-07,5.91333841332e-07,8.70999833256e-08,3.98799884997e-07,1.25675095431e-08,7.47816342466e-08,2.37223463189e-06,7.05637040128e-06,2.38405087446e-07,1.72912580633e-07,7.02832993987e-08,4.61949161892e-08
0.968,1.07190775002e-07,5.65226945275e-07,9.91010841264e-08,5.805008452e-07,8.51438953389e-08,4.03495341971e-07,1.26871666289e-08,7.50644542243e-08,2.39187953352e-06,7.03164554457e-06,2.33057457591e-07,1.69031431444e-07,6.87047239575e-08,4.51567937054e-08
0.969,1.08295902674e-07,5.54676069494e-07,9.67072686921e-08,5.69645064247e-07,8.31683883211e-08,4.08413317318e-07,1.28157504592e-08,7.53263185726e-08,2.4111950012e-06,7.00979389922e-06,2.27666121191e-07,1.65116044995e-07,6.71101487589e-08,4.41076423847e-08
0.97,1.09339580984e-07,5.44766549761e-07,9.44335854947e-08,5.59452763594e-07,8.12950060774e-08,4.13409589493e-07,1.29547519551e-08,7.57278735137e-08,2.43155662111e-06,6.99002923552e-06,2.22537222284e-07,1.61396898782e-07,6.55987459393e-08,4.31144906035e-08
0.971,1.10363414753e-07,5.34799663283e-07,9.21355304114e-08,5.49205244687e-07,7.93951419791e-08,4.18443008765e-07,1.30907054945e-08,7.62206035085e-08,2.4521979846e-06,6.96397628143e-06,2.17345653325e-07,1.57633433806e-07,6.40649879973e-08,4.21062135235e-08
0.972,1.11538247124e-07,5.25004851309e-07,8.98605846796e-08,5.39137323816e-07,7.7514020655e-08,4.23559287284e-07,1.32312693738e-08,7.66477810464e-08,2.47329435277e-06,6.93251320195e-06,2.12210138395e-07,1.5390257935e-07,6.25463927513e-08,4.11072514159e-08
0.973,1.12622962094e-07,5.15330169653e-07,8.76033944758e-08,5.29195002306e-07,7.56433177955e-08,4.28601189797e-07,1.33889821666e-08,7.70486689555e-08,2.49426158542e-06,6.89467478102e-06,2.07100723488e-07,1.50191799586e-07,6.10361966352e-08,4.0114045671e-08
0.974,1.13686047305e-07,5.05987353122e-07,8.54062889695e-08,5.19595232928e-07,7.3824168262e-08,4.34414605364e-07,1.35470207545e-08,7.74456684897e-08,2.51509360741e-06,6.8511875245e-06,2.02126727075e-07,1.46584278034e-07,5.95680222417e-08,3.91491564702e-08
0.975,1.14611206313e-07,4.96546488568e-07,8.31872666961e-08,5.09896116415e-07,7.19835844943e-08,4.39412518656e-07,1.37055119426e-08,7.78629107698e-08,2.53705876286e-06,6.80522765317e-06,1.97094738069e-07,1.42934209355e-07,5.80822241291e-08,3.81719918029e-08
0.976,1.15742645965e-07,4.87471379378e-07,8.1030783591e-08,5.00573635396e-07,7.01933140118e-08,4.44867321209e-07,1.38860307834e-08,7.83784782762e-08,2.55977974611e-06,6.76642917477e-06,1.92204141866e-07,1.39383849846e-07,5.66370931639e-08,3.72213365242e-08
0.977,1.167659139e-07,4.78033826891e-07,7.88078807556e-08,4.90879779374e-07,6.83460563192e-08,4.50137844207e-07,1.40479400605e-08,7.86219516273e-08,2.58069254271e-06,6.71816566649e-06,1.87162088174e-07,1.3572395108e-07,5.51454460258e-08,3.62391106225e-08
0.978,1.17799123318e-07,4.69048425185e-07,7.66679809852e-08,4.81650868391e-07,6.65667041341e-08,4.55809270218e-07,1.42034037066e-08,7.89082216373e-08,2.60080999348e-06,6.67480691682e-06,1.82298829629e-07,1.32193866769e-07,5.37089593081e-08,3.52942484981e-08
0.979,1.1886562823e-07,4.60157971399e-07,7.453940585e-08,4.72519954365e-07,6.47961770358e-08,4.61496612327e-07,1.43580686267e-08,7.923758059e-08,2.62219394548e-06,6.62672355573e-06,1.7746617955e-07,1.28684462208e-07,5.22794070677e-08,3.43531109742e-08
0.98,1.19987315029e-07,4.51216733944e-07,7.24065242374e-08,4.63337266537e-07,6.30161297154e-08,4.67151315931e-07,1.44806746551e-08,7.96094419346e-08,2.64219316664e-06,6.57634934e-06,1.72611054025e-07,1.25158404388e-07,5.08421658538e-08,3.34068882906e-08
0.981,1.21238908424e-07,4.43189144944e-07,7.04344901455e-08,4.55093096329e-07,6.13752429473e-08,4.73739891967e-07,1.46165548662e-08,8.00408652696e-08,2.66556921501e-06,6.54313812636e-06,1.68123360415e-07,1.21904840692e-07,4.95180466531e-08,3.25370425079e-08
0.982,1.22725543762e-07,4.35366639883e-07,6.85031769196e-08,4.47059731051e-07,5.97662826687e-08,4.80434987818e-07,1.47802711575e-08,8.04123986671e-08,2.69007758127e-06,6.50847101814e-06,1.63718252699e-07,1.18710471055e-07,4.82193777668e-08,3.16837349359e-08
0.983,1.23969214532e-07,4.27465567567e-07,6.65605109309e-08,4.38945858072e-07,5.81410885218e-08,4.86941676722e-07,1.49298458963e-08,8.08313233552e-08,2.71351794238e-06,6.47580901828e-06,1.59279236705e-07,1.15491176359e-07,4.69077262209e-08,3.08217134741e-08
0.984,1.25343340471e-07,4.19667340119e-07,6.46395715357e-08,4.30937735056e-07,5.65352016169e-08,4.93420744516e-07,1.50738526185e-08,8.13028198477e-08,2.73803770465e-06,6.43831502708e-06,1.54889313571e-07,1.1230970651e-07,4.56118424506e-08,2.99697206665e-08
0.985,1.26654404347e-07,4.12052347537e-07,6.27542108916e-08,4.23117879091e-07,5.49614569189e-08,5.00274554624e-07,1.51970533403e-08,8.17102501666e-08,2.761374601e-06,6.40523979961e-06,1.50582204294e-07,1.09184073467e-07,4.43419629712e-08,2.91349985636e-08
0.986,1.28079567068e-07,4.04689412882e-07,6.09164481882e-08,4.15556946501e-07,5.34272782835e-08,5.0689093804e-07,1.53464428237e-08,8.20348160844e-08,2.78630944855e-06,6.37744299957e-06,1.46381241917e-07,1.06136404276e-07,4.31039792042e-08,2.83213697248e-08
0.987,1.29343284922e-07,3.97008260753e-07,5.90340100024e-08,4.07669287257e-07,5.18481842324e-08,5.1303220777e-07,1.54485001666e-08,8.24021788241e-08,2.81029102407e-06,6.34393114642e-06,1.42067657176e-07,1.03004330447e-07,4.18291400045e-08,2.74831462765e-08
0.988,1.30809981485e-07,3.9307455542e-07,5.79819125479e-08,4.00488973116e-07,5.03754014729e-08,5.19663699208e-07,1.56250759518e-08,8.29169577678e-08,2.83495831608e-06,6.32048261023e-06,1.38029854985e-07,1.00079087278e-07,4.06410880389e-08,2.67032523611e-08
0.989,1.32367290369e-07,3.92055898538e-07,5.76443178943e-08,3.93116243955e-07,4.88775995608e-08,5.26056023504e-07,1.57857851316e-08,8.33249608103e-08,2.85940512277e-06,6.29671815239e-06,1.33931499288e-07,9.71054203878e-08,3.94318966626e-08,2.59081874296e-08
0.99,1.33712737415e-07,3.91202757848e-07,5.73675300564e-08,3.85884309782e-07,4.74037241808e-08,5.32439473909e-07,1.59437984119e-08,8.37751421826e-08,2.88585752349e-06,6.27399053644e-06,1.29897953689e-07,9.41796948534e-08,3.82430051793e-08,2.51264364615e-08
0.991,1.35157427213e-07,3.90660411821e-07,5.71703328295e-08,3.78962082053e-07,4.59764864726e-08,5.39118112269e-07,1.61326005862e-08,8.42280960541e-08,2.91279971097e-06,6.25480498795e-06,1.25993410113e-07,9.13491046466e-08,3.70917376875e-08,2.43696961287e-08
0.992,1.36651536812e-07,3.90249641583e-07,5.70132650426e-08,3.72191547885e-07,4.45744801366e-08,5.46223276279e-07,1.63010178322e-08,8.48078495047e-08,2.9401083795e-06,6.23369219304e-06,1.22155521785e-07,8.85632523951e-08,3.596040107e-08,2.36260010683e-08
0.993,1.37948082577e-07,3.89540798269e-07,5.68236175394e-08,3.65185326973e-07,4.31456734144e-08,5.52893194408e-07,1.64057245775e-08,8.53829149386e-08,2.96529754508e-06,6.20885789224e-06,1.1825184683e-07,8.57304150614e-08,3.48068386969e-08,2.28672388175e-08
0.994,1.39375789187e-07,3.89311310447e-07,5.67303636766e-08,3.58690973444e-07,4.17926357198e-08,5.60389592914e-07,1.65319383371e-08,8.59546823223e-08,2.99433956791e-06,6.19301525972e-06,1.1454894121e-07,8.3044331159e-08,3.37151459585e-08,2.21498375886e-08
0.995,1.40817461634e-07,3.88951155379e-07,5.66274666461e-08,3.52145815351e-07,4.04415489679e-08,5.67684659691e-07,1.66694923174e-08,8.6490924403e-08,3.02329607696e-06,6.1704405351e-06,1.10852228328e-07,8.03641582321e-08,3.2624710872e-08,2.14329172597e-08
0.996,1.42181325599e-07,3.88668739985e-07,5.65448741088e-08,3.45751244075e-07,3.91179501069e-08,5.75192737142e-07,1.67986691885e-08,8.69597877514e-08,3.05249319179e-06,6.15196317857e-06,1.07226107923e-07,7.7735347051e-08,3.15569044861e-08,2.07311591657e-08
0.997,1.43358430301e-07,3.88152254168e-07,5.64337042752e-08,3.3923826342e-07,3.7788696634e-08,5.82523607311e-07,1.69228424486e-08,8.74194337694e-08,3.07956008672e-06,6.12376344908e-06,1.03591001072e-07,7.50970947034e-08,3.04839538472e-08,2.00254840137e-08
0.998,1.44697016431e-07,3.87956724191e-07,5.63777543366e-08,3.33099513139e-07,3.65131221581e-08,5.90518118815e-07,1.70853206788e-08,8.78837068983e-08,3.10949616111e-06,6.09530299663e-06,1.00098895999e-07,7.25639834889e-08,2.94547953993e-08,1.93489032397e-08
0.999,1.45844360343e-07,3.87422024114e-07,5.6271174028e-08,3.2676725107e-07,3.5223683293e-08,5.97455447348e-07,1.71805858443e-08,8.82857007363e-08,3.13883440917e-06,6.0682637551e-06,9.65733013712e-08,7.000645789e-08,2.84142361615e-08,1.86646291323e-08
1,1.47000286781e-07,3.87091116867e-07,5.62053997818e-08,3.20709030019e-07,3.39778705951e-08,6.0483045146e-07,1.72552339206e-08,8.88159842878e-08,3.16879494133e-06,6.04232190087e-06,9.31672738018e-08,6.75354578947e-08,2.74090871373e-08,1.80038832694e-08
1.001,1.48248665365e-07,3.79308686834e-07,5.50867777067e-08,3.14701483278e-07,3.27474701652e-08,6.11749700345e-07,1.73431808383e-08,8.94328935038e-08,3.19726193962e-06,6.01397208159e-06,8.98018799641e-08,6.5094085048e-08,2.64159065023e-08,1.73509024592e-08
1.002,1.49658418424e-07,3.71890313312e-07,5.39978245532e-08,3.08888505635e-07,3.1550639712e-08,6.19473721781e-07,1.74338523556e-08,8.98949810751e-08,3.22707096918e-06,5.98899615997e-06,8.65292942185e-08,6.27196191192e-08,2.54500795856e-08,1.67158740562e-08
1.003,1.50953599602e-07,3.64330976024e-07,5.28625952167e-08,3.02874988873e-07,3.03449702469e-08,6.2656598792e-07,1.7484095196e-08,9.02815433226e-08,3.25675195686e-06,5.96173428246e-06,8.32325816995e-08,6.0326761025e-08,2.44770931673e-08,1.60758389734e-08
1.004,1.52256705669e-07,3.57319334749e-07,5.17965501092e-08,2.97251815174e-07,2.9197171343e-08,6.3426335672e-07,1.75854079415e-08,9.07765369458e-08,3.28710932052e-06,5.94491914621e-06,8.00894816104e-08,5.80478218449e-08,2.35510123439e-08,1.54669754153e-08
1.005,1.53952633104e-07,3.50668988265e-07,5.07634806258e-08,2.91879141694e-07,2.80866483356e-08,6.42607527951e-07,1.76856838574e-08,9.13951809043e-08,3.32075380873e-06,5.92592881654e-06,7.70484081406e-08,5.58427020889e-08,2.26551378666e-08,1.48781458118e-08
1.006,1.55513853449e-07,3.44256665448e-07,4.97542276702e-08,2.86665826017e-07,2.70049146899e-08,6.51096320469e-07,1.77767972237e-08,9.19407563531e-08,3.35302339588e-06,5.9162118818e-06,7.40866955162e-08,5.36951623093e-08,2.17823854793e-08,1.43048923393e-08
1.007,1.56976323049e-07,3.3740416582e-07,4.86604304316e-08,2.85098481981e-07,2.66071831831e-08,6.58597689969e-07,1.78706148043e-08,9.22454925397e-08,3.37975527321e-06,5.89150798511e-06,7.30043141738e-08,5.29096448558e-08,2.14610942708e-08,1.40930341655e-08
1.008,1.58477686127e-07,3.30951332284e-07,4.76170062353e-08,2.84271382474e-07,2.63546322242e-08,6.66370581823e-07,1.79824115896e-08,9.26688394395e-08,3.40475549151e-06,5.86807508436e-06,7.23167403992e-08,5.24104272442e-08,2.12570635931e-08,1.39585012158e-08
1.009,1.59749253063e-07,3.2449450302e-07,4.65585437281e-08,2.83425645407e-07,2.6131857447e-08,6.7428361591e-07,1.80702370776e-08,9.31809764971e-08,3.42734280605e-06,5.84105521518e-06,7.17138170743e-08,5.19724212441e-08,2.10768884806e-08,1.38395888429e-08
1.01,1.61032168124e-07,3.18143278576e-07,4.55055760787e-08,2.82636866797e-07,2.59429690205e-08,6.82081937775e-07,1.81292388334e-08,9.36125634577e-08,3.44500476451e-06,5.81521724265e-06,7.12021504576e-08,5.15995543339e-08,2.09239959247e-08,1.37386369825e-08
1.011,1.62545376318e-07,3.12208098127e-07,4.45104105067e-08,2.82172262073e-07,2.58088629901e-08,6.90014943732e-07,1.82213965815e-08,9.4281794812e-08,3.46323533259e-06,5.80056063139e-06,7.08382108591e-08,5.13340569221e-08,2.08155947705e-08,1.36669284215e-08
1.012,1.64015365382e-07,3.0650313294e-07,4.35425839426e-08,2.8186538298e-07,2.57079028733e-08,6.98347068536e-07,1.82654231802e-08,9.49886622471e-08,3.47830673879e-06,5.78357149136e-06,7.05623534161e-08,5.11342649611e-08,2.07339581539e-08,1.36132797569e-08
1.013,1.65359206377e-07,3.00729425997e-07,4.25553622798e-08,2.81434912099e-07,2.5606454341e-08,7.06297367713e-07,1.8322729403e-08,9.5650685273e-08,3.48885462468e-06,5.77029499003e-06,7.028837277e-08,5.09356554427e-08,2.06518965811e-08,1.3559104185e-08
1.014,1.6674959901e-07,2.94995313487e-07,4.15688227118e-08,2.80969692046e-07,2.5514499338e-08,7.14473149695e-07,1.83867002755e-08,9.63177278924e-08,3.49816286256e-06,5.75782269496e-06,7.00421425169e-08,5.07563014641e-08,2.05774625623e-08,1.35098071372e-08
1.015,1.68154263633e-07,2.8923018893e-07,4.05700951264e-08,2.80393757262e-07,2.54171339637e-08,7.22188972591e-07,1.84420571484e-08,9.69378652228e-08,3.50320600775e-06,5.74354815783e-06,6.97838084528e-08,5.05675676634e-08,2.04986366265e-08,1.34574944757e-08
1.016,1.69771578735e-07,2.83684244464e-07,3.95992106854e-08,2.79943792677e-07,2.53405684561e-08,7.30208706436e-07,1.85033008048e-08,9.76114261223e-08,3.50764673055e-06,5.73792064178e-06,6.95804532743e-08,5.04182233944e-08,2.0436566034e-08,1.34162965838e-08
1.017,1.71416513638e-07,2.78407915819e-07,3.86655987604e-08,2.79674321526e-07,2.5289452305e-08,7.38983789077e-07,1.85961753982e-08,9.84108903836e-08,3.51177696354e-06,5.73060990002e-06,6.94449596683e-08,5.03187519038e-08,2.0395108181e-08,1.33889626096e-08
1.018,1.72984601853e-07,2.73120256369e-07,3.77243939249e-08,2.79305923691e-07,2.52324743928e-08,7.47629730323e-07,1.87019452606e-08,9.91251729381e-08,3.5153268683e-06,5.72767969097e-06,6.92947695061e-08,5.02077725603e-08,2.03489353053e-08,1.33581986575e-08
1.019,1.74418017086e-07,2.68085215148e-07,3.68197941518e-08,2.79106666765e-07,2.51964325741e-08,7.56735210439e-07,1.87717209672e-08,9.99655220681e-08,3.51472438204e-06,5.72627809562e-06,6.91996856446e-08,5.01391138021e-08,2.03197902351e-08,1.3338907325e-08
1.02,1.75871162191e-07,2.63252870079e-07,3.59403194654e-08,2.79032279074e-07,2.51769654961e-08,7.66103940185e-07,1.8847301947e-08,1.0082526119e-07,3.51377089432e-06,5.73143459572e-06,6.91459901409e-08,5.01005281923e-08,2.03039676802e-08,1.33283653348e-08
1.021,1.77528604e-07,2.58556009099e-07,3.50801268746e-08,2.79016749022e-07,2.51672334046e-08,7.75152116248e-07,1.89438770624e-08,1.01743905469e-07,3.51373596288e-06,5.74006132423e-06,6.91170676208e-08,5.0079259797e-08,2.02959855229e-08,1.33229488964e-08
1.022,1.79049457699e-07,2.53846862526e-07,3.42163770521e-08,2.78900969656e-07,2.51477478933e-08,7.84402220814e-07,1.90346058323e-08,1.02679397829e-07,3.51337815756e-06,5.73701080757e-06,6.90644389094e-08,5.0040211925e-08,2.02801810187e-08,1.33123762495e-08
1.023,1.80404644343e-07,2.49139518679e-07,3.3348304103e-08,2.78695629892e-07,2.51193006622e-08,7.93952431038e-07,1.91411108129e-08,1.03429741048e-07,3.51306742267e-06,5.74444514566e-06,6.89906101507e-08,4.99857994601e-08,2.02570413141e-08,1.32969186268e-08
1.024,1.81703191983e-07,2.44804778258e-07,3.25329776277e-08,2.76166171421e-07,2.48959508556e-08,8.0423539771e-07,1.92404159886e-08,1.04316327766e-07,3.51352615212e-06,5.76155274595e-06,6.8375974861e-08,4.95418967003e-08,2.00769996725e-08,1.31788608309e-08
1.025,1.82856973957e-07,2.40359490471e-07,3.16999149464e-08,2.70713305979e-07,2.44071644585e-08,8.13763500008e-07,1.93104468081e-08,1.04953832155e-07,3.51165123487e-06,5.77652175015e-06,6.70342542983e-08,4.85703231371e-08,1.96828248424e-08,1.29198138149e-08
1.026,1.83684453088e-07,2.3559824245e-07,3.08203963135e-08,2.65011494146e-07,2.38795035547e-08,8.22469147475e-07,1.9352410708e-08,1.05411410661e-07,3.50780024343e-06,5.77979645373e-06,6.55919790505e-08,4.75234947852e-08,1.92567734257e-08,1.26395936966e-08
1.027,1.85045727314e-07,2.31204403439e-07,2.99940946974e-08,2.59806105132e-07,2.33885923352e-08,8.3194868844e-07,1.9422904287e-08,1.06134500642e-07,3.50568510337e-06,5.79666712605e-06,6.42469217496e-08,4.65480859419e-08,1.88604659568e-08,1.23791304113e-08
1.028,1.86334747678e-07,2.26912960261e-07,2.91811891735e-08,2.54779882428e-07,2.29059715213e-08,8.41948060081e-07,1.95155332381e-08,1.06819231033e-07,3.49793384807e-06,5.81175564139e-06,6.29234686966e-08,4.55878261651e-08,1.84710603544e-08,1.21232318238e-08
1.029,1.87763200813e-07,2.22737125437e-07,2.83867808854e-08,2.4993310058e-07,2.24335696568e-08,8.51940289566e-07,1.96136608146e-08,1.07304837731e-07,3.48856918096e-06,5.83507869581e-06,6.16286705579e-08,4.46486938912e-08,1.80899879523e-08,1.18729208161e-08
1.03,1.89026024142e-07,2.18531585365e-07,2.75872072293e-08,2.45091437459e-07,2.1952347749e-08,8.61868016866e-07,1.97221578312e-08,1.07777937323e-07,3.47907259032e-06,5.8497981773e-06,6.03118764944e-08,4.36924143779e-08,1.77018680641e-08,1.16177643362e-08
1.031,1.90025931831e-07,2.14270702309e-07,2.67806056464e-08,2.40217657567e-07,2.14619351001e-08,8.71688128644e-07,1.98133750279e-08,1.08029758673e-07,3.46852321001e-06,5.86109540772e-06,5.89691961649e-08,4.27185109784e-08,1.73061372942e-08,1.13577184467e-08
1.032,1.91441068921e-07,2.1036701333e-07,2.60252722351e-08,2.35767537187e-07,2.10082913166e-08,8.8222961391e-07,1.99493132497e-08,1.08524415581e-07,3.45630594988e-06,5.88130890569e-06,5.77244756841e-08,4.18167281451e-08,1.69403640001e-08,1.11175923808e-08
1.033,1.92686832462e-07,2.06395503047e-07,2.52621878927e-08,2.31259327733e-07,2.05433496025e-08,8.92265199904e-07,2.0102133193e-08,1.08956881399e-07,3.44120966746e-06,5.90198374414e-06,5.64496854092e-08,4.08929446067e-08,1.65652687417e-08,1.08711108129e-08
1.034,1.94164001441e-07,2.02739671463e-07,2.4543434754e-08,2.27118759578e-07,2.01105468893e-08,9.03286061816e-07,2.02377458861e-08,1.09584081164e-07,3.4303237161e-06,5.92933411517e-06,5.5261609599e-08,4.00321749002e-08,1.62161697122e-08,1.06420191058e-08
1.035,1.95362742531e-07,1.98910713477e-07,2.38031806279e-08,2.22794924714e-07,1.96552015848e-08,9.13201985602e-07,2.03657784208e-08,1.10173946908e-07,3.41424020697e-06,5.96068682786e-06,5.40131581383e-08,3.91270055666e-08,1.58488221943e-08,1.040072771e-08
1.036,1.9643790174e-07,1.95038223855e-07,2.30588289478e-08,2.18430762639e-07,1.91906715696e-08,9.23424703639e-07,2.05205769242e-08,1.10509784071e-07,3.39685390626e-06,5.98366995737e-06,5.27429086313e-08,3.82060332383e-08,1.54738728318e-08,1.01542824563e-08
1.037,1.97840877998e-07,1.91519494617e-07,2.23648033175e-08,2.14469303177e-07,1.87637627916e-08,9.34104343436e-07,2.07017687855e-08,1.11187608847e-07,3.38337549225e-06,6.0110394029e-06,5.15715639491e-08,3.73567097735e-08,1.51295807281e-08,9.92825960856e-09
1.038,1.9932077665e-07,1.89571905209e-07,2.19556941403e-08,2.10620220441e-07,1.83447620437e-08,9.44934228024e-07,2.08759009967e-08,1.11994367942e-07,3.37093464682e-06,6.04745529615e-06,5.04214750586e-08,3.65234690259e-08,1.47915909132e-08,9.70650163416e-09
1.039,2.00731777873e-07,1.89089460963e-07,2.18273295281e-08,2.06739804792e-07,1.79204940937e-08,9.55680484137e-07,2.10378054827e-08,1.12561567388e-07,3.35849747198e-06,6.07791519308e-06,4.92561361559e-08,3.5678164285e-08,1.44494010384e-08,9.48177277071e-09
1.04,2.02135851004e-07,1.8863829804e-07,2.17154810955e-08,2.02883874542e-07,1.74947482105e-08,9.66292643867e-07,2.1235302336e-08,1.13162268036e-07,3.3465217617e-06,6.10856740072e-06,4.80881387769e-08,3.48317983348e-08,1.41058543482e-08,9.25621267886e-09
1.041,2.03768275987e-07,1.88445065981e-07,2.16486732164e-08,1.99308905528e-07,1.70947063338e-08,9.77917208176e-07,2.14305263713e-08,1.13863286056e-07,3.33501282891e-06,6.14606391288e-06,4.69881478294e-08,3.40350967966e-08,1.37832568609e-08,9.04472397446e-09
1.042,2.05017462031e-07,1.88068679789e-07,2.15659669047e-08,1.95556576997e-07,1.66742909153e-08,9.88439171566e-07,2.16166946564e-08,1.14479616451e-07,3.31744943454e-06,6.17699954539e-06,4.5835411872e-08,3.31997421407e-08,1.34441409093e-08,8.82199156423e-09
1.043,2.06428003019e-07,1.87796666185e-07,2.1503743019e-08,1.91941692452e-07,1.62667575011e-08,9.9928921238e-07,2.18161152615e-08,1.15028122525e-07,3.30116201299e-06,6.21095586361e-06,4.47155173884e-08,3.23890412247e-08,1.31155079891e-08,8.60610253465e-09
1.044,2.07878999804e-07,1.87459166653e-07,2.14378075025e-08,1.88296503245e-07,1.58524803805e-08,1.01071800738e-06,2.19631443729e-08,1.15751870152e-07,3.28310127428e-06,6.24505330283e-06,4.35814700613e-08,3.15662062614e-08,1.27812881551e-08,8.38645493747e-09
1.045,2.09636320557e-07,1.87236843121e-07,2.13914463785e-08,1.84809294462e-07,1.54527147446e-08,1.02191941303e-06,2.21543323527e-08,1.164548973e-07,3.26530309094e-06,6.28060141825e-06,4.24875696693e-08,3.07736947776e-08,1.24588985542e-08,8.17466016562e-09
1.046,2.11222328931e-07,1.87054727917e-07,2.13550030706e-08,1.81406181462e-07,1.50607321593e-08,1.03298584343e-06,2.23499107212e-08,1.17172536711e-07,3.24420087536e-06,6.31951592914e-06,4.14123702282e-08,2.99943622984e-08,1.21426523629e-08,7.96697913989e-09
1.047,2.12663851557e-07,1.86894135184e-07,2.13235459004e-08,1.78070909118e-07,1.4674638135e-08,1.04340019885e-06,2.25431167052e-08,1.17867850884e-07,3.21990244756e-06,6.35115315537e-06,4.03525119716e-08,2.92267339413e-08,1.18312722855e-08,7.76251305188e-09
1.048,2.14228984708e-07,1.86663730338e-07,2.12869521821e-08,1.74719492362e-07,1.42871739968e-08,1.05403069905e-06,2.27444635061e-08,1.18648778441e-07,3.19727852043e-06,6.38539158091e-06,3.92888050533e-08,2.84556681065e-08,1.15187399668e-08,7.5573025105e-09
1.049,2.15889823283e-07,1.86477134789e-07,2.1255103914e-08,1.71461760002e-07,1.39055102008e-08,1.06574797385e-06,2.29375017171e-08,1.19528686352e-07,3.17552648237e-06,6.42003134296e-06,3.82417887208e-08,2.76964672472e-08,1.12108367706e-08,7.3550584899e-09
1.05,2.17623135827e-07,1.86464131721e-07,2.12471737823e-08,1.68413954623e-07,1.35427201079e-08,1.07734524657e-06,2.31633778592e-08,1.20462522632e-07,3.15516667087e-06,6.45002774575e-06,3.72460551223e-08,2.69753048964e-08,1.09183247548e-08,7.16301615689e-09
1.051,2.19055456944e-07,1.82795157456e-07,2.08357381503e-08,1.65330819886e-07,1.31773906172e-08,1.0883173153e-06,2.340389217e-08,1.21461521155e-07,3.13375776151e-06,6.47930690909e-06,3.62420545188e-08,2.62480230804e-08,1.06236130351e-08,6.96956732679e-09
1.052,2.20638559189e-07,1.79397747892e-07,2.04484544362e-08,1.62437256794e-07,1.28297565707e-08,1.1005904698e-06,2.36470177321e-08,1.22552617899e-07,3.10844759366e-06,6.50835590656e-06,3.52855833018e-08,2.55549519768e-08,1.03434180328e-08,6.78573621781e-09
1.053,2.22066546363e-07,1.75759203357e-07,2.00199345786e-08,1.59281784668e-07,1.24576398761e-08,1.1115872531e-06,2.38648988226e-08,1.23485534608e-07,3.08251290681e-06,6.52987967456e-06,3.42657357036e-08,2.48153669011e-08,1.00431091481e-08,6.58837631116e-09
1.054,2.238117801e-07,1.72380503944e-07,1.96153510179e-08,1.56327760051e-07,1.21036763622e-08,1.12322910391e-06,2.40924249592e-08,1.24506604004e-07,3.0585202003e-06,6.55125017352e-06,3.329432455e-08,2.41109280175e-08,9.75764211515e-09,6.40087714951e-09
1.055,2.2532854825e-07,1.69035108389e-07,1.92067037099e-08,1.53377607639e-07,1.17502975717e-08,1.13499325559e-06,2.4351714581e-08,1.25577730828e-07,3.0360106327e-06,6.57970549249e-06,3.23249710652e-08,2.34077332997e-08,9.47252561157e-09,6.21367880623e-09
1.056,2.26820351396e-07,1.6573146246e-07,1.87977600066e-08,1.50444915899e-07,1.14001707966e-08,1.14623377199e-06,2.46106803195e-08,1.26578911954e-07,3.01240667301e-06,6.60388974142e-06,3.13638605828e-08,2.27114666348e-08,9.19013232356e-09,6.02821856216e-09
1.057,2.28683807022e-07,1.6275198775e-07,1.84238665831e-08,1.47790664851e-07,1.1073725922e-08,1.15857277914e-06,2.49089800428e-08,1.2776843603e-07,2.99175614936e-06,6.63064485629e-06,3.04664766366e-08,2.20617487803e-08,8.92695539588e-09,5.85545380479e-09
1.058,2.30452219239e-07,1.59731279568e-07,1.80410045308e-08,1.45086749091e-07,1.07445741774e-08,1.16980898183e-06,2.51840853922e-08,1.28832124177e-07,2.97123032766e-06,6.6553232556e-06,2.9562067657e-08,2.14068373264e-08,8.66161041715e-09,5.68124993678e-09
1.059,2.32380587568e-07,1.5680198345e-07,1.76638893929e-08,1.42456379929e-07,1.04216982936e-08,1.18148610826e-06,2.54352392523e-08,1.30109809399e-07,2.95210524125e-06,6.67632930472e-06,2.86759682162e-08,2.07647681666e-08,8.40128296428e-09,5.51034455463e-09
1.06,2.34057568031e-07,1.53721847585e-07,1.72642491322e-08,1.39681639161e-07,1.00888329954e-08,1.19200750223e-06,2.5662449615e-08,1.31217636182e-07,2.92623286885e-06,6.69015929678e-06,2.77624856784e-08,2.01024196567e-08,8.13270235869e-09,5.33394544565e-09
1.061,2.35922075397e-07,1.50818729729e-07,1.68819916597e-08,1.37339044276e-07,9.80122354092e-09,1.20331442574e-06,2.59180132555e-08,1.32425329571e-07,2.90623264813e-06,6.71181391115e-06,2.69724314795e-08,1.9530101915e-08,7.90066695458e-09,5.1816535925e-09
1.062,2.38154817093e-07,1.48201648652e-07,1.6534175941e-08,1.37122455688e-07,9.75141413079e-09,1.21603949492e-06,2.62334345031e-08,1.3378630265e-07,2.88786959565e-06,6.73203482929e-06,2.68339389644e-08,1.94300575307e-08,7.8605704799e-09,5.15545206762e-09
1.063,2.39942765663e-07,1.45324371556e-07,1.61499908725e-08,1.36675538087e-07,9.68869394554e-09,1.22701530946e-06,2.65032241623e-08,1.35032204073e-07,2.86710868908e-06,6.75451295038e-06,2.66640760141e-08,1.93065117783e-08,7.80984502516e-09,5.12200617556e-09
1.064,2.42097289876e-07,1.42682903892e-07,1.57921205004e-08,1.364475549e-07,9.64905816548e-09,1.23968125637e-06,2.68057937188e-08,1.36395459178e-07,2.84712628667e-06,6.76818603891e-06,2.6556022072e-08,1.92283400434e-08,7.77785996463e-09,5.10102898873e-09
1.065,2.44412618166e-07,1.40184295332e-07,1.54483650784e-08,1.36348804387e-07,9.62387166325e-09,1.25190694312e-06,2.71206991253e-08,1.37766751471e-07,2.82974553864e-06,6.79261761313e-06,2.64867995083e-08,1.91785517597e-08,7.7575410994e-09,5.08772205718e-09
1.066,2.46741126947e-07,1.37686467761e-07,1.51030701263e-08,1.36237090769e-07,9.60057903475e-09,1.26230695345e-06,2.74312022217e-08,1.39186124798e-07,2.81572781983e-06,6.80426842215e-06,2.6423107522e-08,1.91328508126e-08,7.73871210824e-09,5.07538568143e-09
1.067,2.49014919875e-07,1.35171155385e-07,1.47549965286e-08,1.36086756439e-07,9.57771440538e-09,1.27231889969e-06,2.76985115727e-08,1.40436514983e-07,2.79897599685e-06,6.81842037628e-06,2.63609321089e-08,1.90873439907e-08,7.72028332967e-09,5.06323539634e-09
1.068,2.51186190861e-07,1.32685910979e-07,1.44077101108e-08,1.35939358218e-07,9.55639036587e-09,1.27869774709e-06,2.79695036394e-08,1.41831340606e-07,2.78398960428e-06,6.83016860285e-06,2.63034588034e-08,1.90456226905e-08,7.7030835372e-09,5.05188142081e-09
1.069,2.53790392906e-07,1.30424689771e-07,1.40853282585e-08,1.35993337774e-07,9.55333568225e-09,1.28330958319e-06,2.82913403807e-08,1.43264517467e-07,2.77001594715e-06,6.85104887834e-06,2.62943151735e-08,1.90389743515e-08,7.70065419709e-09,5.05041852108e-09
1.07,2.55869056475e-07,1.27979789413e-07,1.37400634881e-08,1.35823862217e-07,9.53349974816e-09,1.28464446811e-06,2.85767234528e-08,1.44518897571e-07,2.75396779734e-06,6.86223520329e-06,2.62411018217e-08,1.90004856638e-08,7.68465358478e-09,5.03981834942e-09
1.071,2.58321844946e-07,1.25745181764e-07,1.34187559596e-08,1.35842116139e-07,9.53043270427e-09,1.28720251053e-06,2.89331496996e-08,1.46032641762e-07,2.73728054407e-06,6.87252093482e-06,2.62319846084e-08,1.89940597071e-08,7.68221813775e-09,5.0383043245e-09
1.072,2.60591282711e-07,1.23375493051e-07,1.3080559151e-08,1.35676865871e-07,9.51297109857e-09,1.28815522501e-06,2.92230709995e-08,1.4737420314e-07,2.72360937114e-06,6.87749239437e-06,2.61865505835e-08,1.89606593019e-08,7.66804487347e-09,5.02883023492e-09
1.073,2.62759138963e-07,1.21014831132e-07,1.27421937134e-08,1.35478322736e-07,9.49397030986e-09,1.28854574802e-06,2.95223880254e-08,1.48737550643e-07,2.70908219798e-06,6.87997513836e-06,2.61365948307e-08,1.89245088658e-08,7.65264234239e-09,5.01861342785e-09
1.074,2.65580042699e-07,1.18946008744e-07,1.24368846406e-08,1.33795184904e-07,9.37886888207e-09,1.28983583395e-06,2.98789790919e-08,1.5032186869e-07,2.69756634327e-06,6.88887285775e-06,2.58194047224e-08,1.86953091064e-08,7.55986023031e-09,4.95790803149e-09
1.075,2.68148950947e-07,1.16814107025e-07,1.21234969463e-08,1.31241496114e-07,9.20041844554e-09,1.28964689374e-06,3.02344165914e-08,1.5191815505e-07,2.68408859842e-06,6.88301091649e-06,2.53285429652e-08,1.83396459364e-08,7.41601864939e-09,4.86351360841e-09
1.076,2.70445023747e-07,1.14533583854e-07,1.17925896857e-08,1.28558718295e-07,9.00672495881e-09,1.28728003512e-06,3.05239973641e-08,1.53345658296e-07,2.67083845669e-06,6.87599265656e-06,2.4797533888e-08,1.79541520419e-08,7.25968688211e-09,4.76081274339e-09
1.077,2.72915135344e-07,1.12434795473e-07,1.14823873229e-08,1.26109412569e-07,8.82763944466e-09,1.28565138105e-06,3.09130918245e-08,1.54961787919e-07,2.65982047956e-06,6.86499383751e-06,2.43044507394e-08,1.75972442215e-08,7.11532864095e-09,4.6661121383e-09
1.078,2.75687909653e-07,1.10500507475e-07,1.11910890669e-08,1.23867268476e-07,8.66233415053e-09,1.28503328193e-06,3.12886685918e-08,1.56656565662e-07,2.64966975893e-06,6.86106432192e-06,2.38484235531e-08,1.72670377575e-08,6.98217376737e-09,4.5788801365e-09
1.079,2.7790734375e-07,1.08275831785e-07,1.08670370736e-08,1.21317228536e-07,8.46852690652e-09,1.27989207869e-06,3.16196388324e-08,1.58255941588e-07,2.63363838281e-06,6.85741101086e-06,2.33179157193e-08,1.68823773892e-08,6.82583885774e-09,4.4760895624e-09
1.08,2.80315072149e-07,1.06191626481e-07,1.05590156179e-08,1.18938372773e-07,8.28603985158e-09,1.27492559703e-06,3.19975975888e-08,1.59873587613e-07,2.61641323074e-06,6.84732040071e-06,2.28169204259e-08,1.65189910796e-08,6.67861480529e-09,4.37943238376e-09
1.081,2.828549405e-07,1.04273669496e-07,1.02692788008e-08,1.16756393401e-07,8.11615371932e-09,1.27136308167e-06,3.23722537039e-08,1.61523544176e-07,2.60291502556e-06,6.84758208061e-06,2.23492753707e-08,1.61805044727e-08,6.5417285747e-09,4.2896335855e-09
1.082,2.85156842689e-07,1.02256022388e-07,9.96862748755e-09,1.14471004927e-07,7.93589041449e-09,1.26710380772e-06,3.2774528167e-08,1.62975355526e-07,2.58636905832e-06,6.83989507077e-06,2.18551452493e-08,1.58222893212e-08,6.39633513579e-09,4.19414406551e-09
1.083,2.87379811062e-07,1.00362770789e-07,9.6818489499e-09,1.1233127934e-07,7.76517109207e-09,1.2628975242e-06,3.31940923478e-08,1.64854750229e-07,2.56912587452e-06,6.83808968448e-06,2.13850713358e-08,1.54815834459e-08,6.25870334421e-09,4.10384689908e-09
1.084,2.90094546139e-07,9.85957269221e-08,9.40967128392e-09,1.10337751902e-07,7.60530957608e-09,1.25816007145e-06,3.35904629875e-08,1.66773595577e-07,2.55234471649e-06,6.8434690121e-06,2.09437868296e-08,1.51619548484e-08,6.12979399751e-09,4.01937271193e-09
1.085,2.93052275108e-07,9.69158346127e-08,9.14652272061e-09,1.08445533209e-07,7.45067489844e-09,1.25416680803e-06,3.40372586639e-08,1.68887608377e-07,2.54158291201e-06,6.84800800447e-06,2.05165952834e-08,1.48531925147e-08,6.00525859113e-09,3.93774758088e-09
1.086,2.95555448019e-07,9.51444272245e-08,8.87524445201e-09,1.06453855208e-07,7.28730176403e-09,1.24941632131e-06,3.44332499064e-08,1.70687187596e-07,2.52684398061e-06,6.85901174197e-06,2.00669739074e-08,1.45275286702e-08,5.87354576962e-09,3.85133597198e-09
1.087,2.97934870823e-07,9.33845020615e-08,8.60578767183e-09,1.0447734519e-07,7.1232391297e-09,1.24465763635e-06,3.48081887992e-08,1.72687538768e-07,2.5110397149e-06,6.86774357885e-06,1.9616117318e-08,1.42008385248e-08,5.74133794441e-09,3.76458662224e-09
1.088,3.00572326226e-07,9.23798281976e-08,8.44426144701e-09,1.02543179593e-07,6.96199560516e-09,1.23949068649e-06,3.52157449572e-08,1.7457512812e-07,2.4954768414e-06,6.88072366793e-06,1.91726436095e-08,1.3879806203e-08,5.61134917474e-09,3.67935311256e-09
1.089,3.02946953749e-07,9.20969436665e-08,8.39071772427e-09,1.00603161408e-07,6.79851291653e-09,1.23331609488e-06,3.56391220108e-08,1.76316385014e-07,2.48189687531e-06,6.88640912421e-06,1.8723737113e-08,1.35543573908e-08,5.47956582324e-09,3.59284962029e-09
1.09,3.05852758209e-07,9.19313556685e-08,8.35408814388e-09,9.87860981924e-08,6.64374419042e-09,1.227125149e-06,3.6075952496e-08,1.78493652223e-07,2.46814541735e-06,6.89783759546e-06,1.82977338946e-08,1.32459077453e-08,5.35478640121e-09,3.51100571737e-09
1.091,3.0864882152e-07,9.16728999739e-08,8.31174844157e-09,9.68725551265e-08,6.48000136771e-09,1.21993598104e-06,3.64052292949e-08,1.8028480162e-07,2.45678392086e-06,6.90252698751e-06,1.78493171604e-08,1.29211663034e-08,5.22270779106e-09,3.42428051028e-09
1.092,3.11170816019e-07,9.13916277868e-08,8.2705633864e-09,9.49473301547e-08,6.314843627e-09,1.21232200385e-06,3.6721739713e-08,1.82349292806e-07,2.44131953384e-06,6.89967455936e-06,1.739658511e-08,1.25924927961e-08,5.08945426377e-09,3.33670325397e-09
1.093,3.14357334959e-07,9.13368900831e-08,8.25468401259e-09,9.32717487089e-08,6.16785554526e-09,1.20629847798e-06,3.70692249663e-08,1.84694170674e-07,2.42804197002e-06,6.90283160658e-06,1.69920435016e-08,1.22996335508e-08,4.97098411005e-09,3.25898026847e-09
1.094,3.17234362476e-07,9.11904533902e-08,8.23167419114e-09,9.15184858209e-08,6.01451937906e-09,1.19873013154e-06,3.73968754272e-08,1.86732971566e-07,2.41467141614e-06,6.89216175029e-06,1.657117161e-08,1.19948691221e-08,4.84730863727e-09,3.17782429382e-09
1.095,3.20193910077e-07,9.11061681134e-08,8.21662657275e-09,8.98473070218e-08,5.86725408527e-09,1.1907859036e-06,3.77655281614e-08,1.89006896208e-07,2.40057059441e-06,6.87292283703e-06,1.61657292022e-08,1.17014882761e-08,4.72864251175e-09,3.09996615399e-09
1.096,3.22880193595e-07,9.09690532652e-08,8.19759054508e-09,8.81875202721e-08,5.72078247398e-09,1.18299244816e-06,3.80908713829e-08,1.91069640463e-07,2.38857609114e-06,6.85604355404e-06,1.57633530655e-08,1.14101680327e-08,4.61056265734e-09,3.02246729292e-09
1.097,3.25882481755e-07,9.09248862247e-08,8.18856010833e-09,8.79922000483e-08,5.69993443237e-09,1.17654354455e-06,3.84815852128e-08,1.93294114524e-07,2.37623208002e-06,6.8445170735e-06,1.57060920698e-08,1.13688396026e-08,4.59373593005e-09,3.01144985856e-09
1.098,3.28989669798e-07,9.08343400276e-08,8.17611433294e-09,8.77822346824e-08,5.67928735085e-09,1.16938879072e-06,3.88746438996e-08,1.95482792321e-07,2.36009799598e-06,6.83132650571e-06,1.56500901877e-08,1.13283393224e-08,4.5770535873e-09,3.00043564366e-09
1.099,3.32116352301e-07,9.07990808134e-08,8.17013756928e-09,8.76499693298e-08,5.66525811699e-09,1.16310399668e-06,3.93071127232e-08,1.97662018342e-07,2.34672099469e-06,6.81214462422e-06,1.56121356155e-08,1.13010258187e-08,4.56575317148e-09,2.99301631515e-09
1.1,3.35169941293e-07,9.07312420141e-08,8.16118366089e-09,8.75057197959e-08,5.65164493396e-09,1.15684602575e-06,3.97219318137e-08,2.00044544105e-07,2.33181978427e-06,6.79533977498e-06,1.55749520755e-08,1.12739063627e-08,4.55479178569e-09,2.98578014668e-09
1.101,3.38660782772e-07,8.89844322194e-08,8.00684900759e-09,8.74301419027e-08,5.64349356978e-09,1.15193852392e-06,4.01592293266e-08,2.02493564629e-07,2.32098684551e-06,6.7862592645e-06,1.55521857208e-08,1.12575708505e-08,4.54821185061e-09,2.98153174421e-09
1.102,3.424395543e-07,8.73568352952e-08,7.86039310416e-09,8.7429679225e-08,5.64131069469e-09,1.14590819811e-06,4.06197073939e-08,2.05081675261e-07,2.31103929177e-06,6.77495186941e-06,1.55453573996e-08,1.12529217762e-08,4.54649127514e-09,2.98043516545e-09
1.103,3.45517415526e-07,8.56101037276e-08,7.69781179116e-09,8.72692695685e-08,5.62789505643e-09,1.13868163998e-06,4.10356228442e-08,2.07324270067e-07,2.29675760758e-06,6.75640550939e-06,1.55099614506e-08,1.12269298361e-08,4.53560207612e-09,2.97326240361e-09
1.104,3.4860664365e-07,8.38690065737e-08,7.53285655585e-09,8.63013210136e-08,5.56365997543e-09,1.13098686825e-06,4.14463134714e-08,2.09678238924e-07,2.28400788403e-06,6.74122024497e-06,1.53340327567e-08,1.10991935677e-08,4.48377616618e-09,2.93918284256e-09
1.105,3.51866414432e-07,8.21983077918e-08,7.37123564576e-09,8.45636431909e-08,5.44988285232e-09,1.12294438629e-06,4.18821310747e-08,2.12012517871e-07,2.27315321434e-06,6.71896274208e-06,1.5021864698e-08,1.087283677e-08,4.3920117321e-09,2.87889578421e-09
1.106,3.55351830833e-07,8.06458736092e-08,7.21943008528e-09,8.29521846495e-08,5.34342029189e-09,1.1154601461e-06,4.23360123719e-08,2.14478448553e-07,2.26247264561e-06,6.70237012776e-06,1.47289743228e-08,1.06606024243e-08,4.30614559137e-09,2.8225674774e-09
1.107,3.58764041045e-07,7.91620348238e-08,7.07223048045e-09,8.141476157e-08,5.24019988327e-09,1.10851407791e-06,4.2827494834e-08,2.17003892893e-07,2.2523877546e-06,6.69717801033e-06,1.44452267953e-08,1.04550013478e-08,4.22298519118e-09,2.76803159706e-09
1.108,3.6236464658e-07,7.77054124659e-08,6.9261222141e-09,7.99080113084e-08,5.13763801433e-09,1.10249304365e-06,4.33347800794e-08,2.19650564404e-07,2.24042779613e-06,6.68918183534e-06,1.41630025589e-08,1.02508647356e-08,4.14032785711e-09,2.71381143098e-09
1.109,3.65730818419e-07,7.61558438086e-08,6.76907903184e-09,7.83078246077e-08,5.02726920774e-09,1.09466308737e-06,4.37772076047e-08,2.22049836424e-07,2.22786081409e-06,6.67349483136e-06,1.38598652667e-08,1.0031295037e-08,4.05130549435e-09,2.65537931602e-09
1.11,3.69056693234e-07,7.46783445885e-08,6.61748111956e-09,7.67833734423e-08,4.92044658359e-09,1.08727572996e-06,4.42703744764e-08,2.24667203462e-07,2.21844597962e-06,6.66610529362e-06,1.35662419546e-08,9.81867945574e-09,3.96516862379e-09,2.59883567804e-09
1.111,3.72614284751e-07,7.32505253821e-08,6.46940607934e-09,7.53112786732e-08,4.81627360522e-09,1.07995271377e-06,4.47329519518e-08,2.27209944244e-07,2.20756016592e-06,6.65758438235e-06,1.3279436001e-08,9.61063606828e-09,3.88108501876e-09,2.54369413719e-09
1.112,3.7633820879e-07,7.19085741645e-08,6.32856076566e-09,7.39284385482e-08,4.71705797887e-09,1.07255209292e-06,4.52512358246e-08,2.29950607348e-07,2.20004855309e-06,6.64375226496e-06,1.30062965814e-08,9.41313575606e-09,3.80111538959e-09,2.49125708916e-09
1.113,3.79704513354e-07,7.05039550133e-08,6.18044234083e-09,7.24819476209e-08,4.61193662748e-09,1.06474169564e-06,4.57402143037e-08,2.3246496933e-07,2.19255937199e-06,6.63852454993e-06,1.27177969672e-08,9.20417149265e-09,3.71635005284e-09,2.43561746917e-09
1.114,3.83496919199e-07,6.91781461519e-08,6.03888719641e-09,7.11170675446e-08,4.51183625055e-09,1.0571820877e-06,4.63040797458e-08,2.3532343592e-07,2.18367590969e-06,6.62931442798e-06,1.2442145069e-08,9.00466210081e-09,3.63565602721e-09,2.38266749477e-09
1.115,3.87560276715e-07,6.7930796286e-08,5.90415241932e-09,6.98332990853e-08,4.41695102579e-09,1.05020173309e-06,4.68466170613e-08,2.38174068742e-07,2.17784471366e-06,6.63370319523e-06,1.21805316035e-08,8.81534300314e-09,3.55923036931e-09,2.33257815573e-09
1.116,3.91455863349e-07,6.66523445917e-08,5.76536538193e-09,6.85179246329e-08,4.31879515179e-09,1.04270118584e-06,4.73732591547e-08,2.40829229631e-07,2.17140187643e-06,6.61738100471e-06,1.19105626656e-08,8.61978267929e-09,3.48007769456e-09,2.28067806039e-09
1.117,3.9463836417e-07,6.53952410385e-08,5.6279108636e-09,6.72247472314e-08,4.22159049921e-09,1.03519834585e-06,4.79263306942e-08,2.43625461737e-07,2.16512925648e-06,6.59664906755e-06,1.16429074428e-08,8.42599304013e-09,3.4017194649e-09,2.2292541843e-09
1.118,3.9652472863e-07,6.41984202658e-08,5.49564776044e-09,6.59937747166e-08,4.12807033249e-09,1.02822712425e-06,4.85132062694e-08,2.46641937396e-07,2.15814294918e-06,6.5856383634e-06,1.13849883834e-08,8.2391877831e-09,3.3263691494e-09,2.17979944878e-09
1.119,3.97718047613e-07,6.29891646121e-08,5.36136375403e-09,6.47501756611e-08,4.03335096477e-09,1.02112331761e-06,4.90427178479e-08,2.4945093455e-07,2.15246270931e-06,6.57072515638e-06,1.11238698733e-08,8.05001335078e-09,3.25001513741e-09,2.12971618245e-09
1.12,3.99410425418e-07,6.18562305992e-08,5.23405310029e-09,6.35851500702e-08,3.94330573266e-09,1.01416487369e-06,4.95977942191e-08,2.52498034418e-07,2.14636763404e-06,6.57390110525e-06,1.08758333836e-08,7.87033459153e-09,3.17743824644e-09,2.08214320352e-09
1.121,4.00141504181e-07,6.07138934293e-08,5.10510324513e-09,6.24105578335e-08,3.85174836731e-09,1.00721594723e-06,5.01643716197e-08,2.55428368337e-07,2.14022487617e-06,6.5602291095e-06,1.0623673457e-08,7.68778313732e-09,3.10363109134e-09,2.03375141526e-09
1.122,4.00926107882e-07,5.95408585202e-08,4.97311562968e-09,6.12044926986e-08,3.75781373921e-09,1.00065722343e-06,5.0628222854e-08,2.58202153275e-07,2.1322674028e-06,6.55469827868e-06,1.03654124081e-08,7.50078780636e-09,3.0279070283e-09,1.98405796834e-09
1.123,4.02184791961e-07,5.84985531504e-08,4.8526024601e-09,6.01328665179e-08,3.67295922701e-09,9.94488932349e-07,5.1190811441e-08,2.61544189831e-07,2.12402453245e-06,6.54310094989e-06,1.01312008891e-08,7.33118338278e-09,2.95950672929e-09,1.93924861405e-09
1.124,4.03029833118e-07,5.73845884645e-08,4.72527796006e-09,5.89876208972e-08,3.58200679411e-09,9.88655499309e-07,5.16570774011e-08,2.64522500404e-07,2.11579750771e-06,6.53565684191e-06,9.88150937389e-09,7.15023634554e-09,2.88618825701e-09,1.8911341119e-09
1.125,4.04185975458e-07,5.63588618056e-08,4.60583173092e-09,5.79331219445e-08,3.49726676909e-09,9.83229577951e-07,5.21909648335e-08,2.67785606683e-07,2.10998166391e-06,6.53061024794e-06,9.6475345611e-09,6.98092086603e-09,2.81785726322e-09,1.84636161348e-09
1.126,4.05085040747e-07,5.53151586894e-08,4.48460351804e-09,5.68601750602e-08,3.41092648643e-09,9.7655059892e-07,5.26952503158e-08,2.70908578134e-07,2.1035366389e-06,6.5275464014e-06,9.40995001437e-09,6.80887921256e-09,2.74828501989e-09,1.80074709218e-09
1.127,4.05570550768e-07,5.42702861953e-08,4.363228733e-09,5.57860577824e-08,3.32443631677e-09,9.70043283095e-07,5.32352808192e-08,2.73815140617e-07,2.09787100534e-06,6.51389951869e-06,9.17218791794e-09,6.63670317743e-09,2.67855968262e-09,1.75501372522e-09
1.128,4.05663815434e-07,5.33104694607e-08,4.24951562729e-09,5.47993727399e-08,3.24375458876e-09,9.64636018027e-07,5.38341331048e-08,2.77205103642e-07,2.09502663728e-06,6.5058849923e-06,8.94943025577e-09,6.47539231101e-09,2.61353076099e-09,1.71241093269e-09
1.129,4.04865931199e-07,5.23474474099e-08,4.13556672034e-09,5.38094111882e-08,3.1626641901e-09,9.59652173473e-07,5.44095147579e-08,2.80384797406e-07,2.09198731699e-06,6.50079115075e-06,8.72595255347e-09,6.31378683487e-09,2.54820525771e-09,1.66960415358e-09
1.13,4.03570838359e-07,5.14074942103e-08,4.02332430479e-09,5.28431674026e-08,3.082713272e-09,9.54249134941e-07,5.49954309913e-08,2.8357279616e-07,2.09022434067e-06,6.49548860031e-06,8.50550417465e-09,6.15433202734e-09,2.48376437162e-09,1.62738269257e-09
1.131,4.02332160832e-07,5.04564938204e-08,3.91046476142e-09,5.18655704371e-08,3.00180809614e-09,9.47455937103e-07,5.55700794897e-08,2.86890995922e-07,2.08764966126e-06,6.49688486201e-06,8.28268700933e-09,5.99299335444e-09,2.41854014985e-09,1.58458894644e-09
1.132,4.00534831552e-07,4.94816891238e-08,3.79555919261e-09,5.08635205827e-08,2.91933371755e-09,9.40998836226e-07,5.60824113596e-08,2.89703346989e-07,2.08516234454e-06,6.4870366088e-06,8.05584980489e-09,5.82877174428e-09,2.35205110348e-09,1.54094866383e-09
1.133,3.993507312e-07,4.85435624618e-08,3.68400096486e-09,4.98991752009e-08,2.83914208047e-09,9.34990383112e-07,5.66614982478e-08,2.92711641645e-07,2.084432886e-06,6.48390096726e-06,7.83536654907e-09,5.66917565283e-09,2.28739451912e-09,1.49853317332e-09
1.134,3.97711208729e-07,4.76075050552e-08,3.57290146798e-09,4.89369648085e-08,2.75927132723e-09,9.28852840488e-07,5.72254479334e-08,2.94837196741e-07,2.08369266607e-06,6.47813510378e-06,7.61551914466e-09,5.50988951627e-09,2.22298950411e-09,1.45629285853e-09
1.135,3.96162941542e-07,4.66937338889e-08,3.46375668377e-09,4.79976597055e-08,2.68102529909e-09,9.22828362757e-07,5.78038492596e-08,2.96835317487e-07,2.08449301387e-06,6.4665824722e-06,7.4001128732e-09,5.35382888772e-09,2.15990488318e-09,1.41490495455e-09
1.136,3.95171604359e-07,4.58208211969e-08,3.35848647256e-09,4.71003556094e-08,2.60515497197e-09,9.17509013009e-07,5.84455450963e-08,2.99162039409e-07,2.08566092236e-06,6.45402926329e-06,7.19129111894e-09,5.20271824129e-09,2.09875861451e-09,1.37481840728e-09
1.137,3.93880081532e-07,4.49835160235e-08,3.25671803899e-09,4.65660241873e-08,2.55833515624e-09,9.13180172007e-07,5.90594761897e-08,3.01478005204e-07,2.08522826502e-06,6.44911226011e-06,7.06226553096e-09,5.10930873889e-09,2.06100296374e-09,1.35006132521e-09
1.138,3.92574121252e-07,4.45192595705e-08,3.19689869031e-09,4.64633007674e-08,2.54681949516e-09,9.08912219557e-07,5.97241769211e-08,3.03619649043e-07,2.08724458491e-06,6.4334477228e-06,7.03053682427e-09,5.08640142602e-09,2.05172659453e-09,1.34398910529e-09
1.139,3.91721652178e-07,4.44645653062e-08,3.18299008563e-09,4.64245633542e-08,2.5403493875e-09,9.06329894576e-07,6.04513078662e-08,3.05901390684e-07,2.08935232285e-06,6.4374722302e-06,7.01223854651e-09,5.07325459811e-09,2.04653578946e-09,1.34061831051e-09
1.14,3.90295147153e-07,4.43671141948e-08,3.16774058531e-09,4.63375554616e-08,2.53173869068e-09,9.0195986735e-07,6.11725274024e-08,3.07671264368e-07,2.09110710606e-06,6.42186213861e-06,6.98864697259e-09,5.05615200582e-09,2.0395921898e-09,1.33604913875e-09
1.141,3.88820981156e-07,4.43096582885e-08,3.157063631e-09,4.62893964276e-08,2.52608913854e-09,8.97789241687e-07,6.19159786255e-08,3.09459091883e-07,2.09172629667e-06,6.42048817757e-06,6.97309483077e-09,5.04490557465e-09,2.0350344278e-09,1.33306741766e-09
1.142,3.86979461302e-07,4.42582105481e-08,3.14803833904e-09,4.62451715457e-08,2.52119755517e-09,8.93755996753e-07,6.25905726379e-08,3.10941528417e-07,2.09226826564e-06,6.42274019535e-06,6.95964010258e-09,5.03526653517e-09,2.03110563778e-09,1.33049278733e-09
1.143,3.84570785689e-07,4.41524566805e-08,3.13562573033e-09,4.61423050911e-08,2.51289260141e-09,8.90467633254e-07,6.323995005e-08,3.12101963814e-07,2.08982477266e-06,6.41158710805e-06,6.93720300447e-09,5.01891233099e-09,2.02440270934e-09,1.3260681038e-09
1.144,3.82568622765e-07,4.41111316838e-08,3.12900544485e-09,4.6105247433e-08,2.5090048642e-09,8.87765088777e-07,6.39178876107e-08,3.13511022742e-07,2.08642212496e-06,6.40469653677e-06,6.92696473316e-09,5.01140161299e-09,2.02124865338e-09,1.32399105037e-09
1.145,3.80701844912e-07,4.40873843255e-08,3.12450799374e-09,4.60853509922e-08,2.50658643737e-09,8.85671713109e-07,6.46211018616e-08,3.14970724252e-07,2.08275786853e-06,6.41138920768e-06,6.92026619276e-09,5.00668015854e-09,2.01930283883e-09,1.32270488714e-09
1.146,3.78950211818e-07,4.4072006861e-08,3.12121925305e-09,4.60732325566e-08,2.50491566179e-09,8.83116784664e-07,6.53226389942e-08,3.16126782622e-07,2.07574083018e-06,6.41440144703e-06,6.91545992836e-09,5.00329165191e-09,2.01796018586e-09,1.32183345988e-09
1.147,3.7730519566e-07,4.4048154409e-08,3.11782522222e-09,4.60514717717e-08,2.50301957508e-09,8.79481338428e-07,6.60441993308e-08,3.17146158705e-07,2.06679225101e-06,6.41367522416e-06,6.91027702072e-09,4.99942734173e-09,2.01641136248e-09,1.32081278731e-09
1.148,3.75576471017e-07,4.40025981282e-08,3.11275518221e-09,4.56202664712e-08,2.47926917964e-09,8.76851687954e-07,6.67281193989e-08,3.17902036078e-07,2.05955270489e-06,6.41389387546e-06,6.84498167856e-09,4.95212901918e-09,1.99724503006e-09,1.30822727096e-09
1.149,3.73262614915e-07,4.39240761976e-08,3.10523281486e-09,4.46845271013e-08,2.42797730518e-09,8.74123898283e-07,6.74687227417e-08,3.18292119223e-07,2.05063782655e-06,6.40259978913e-06,6.70372806911e-09,4.84979364061e-09,1.95588381865e-09,1.28106997825e-09
1.15,3.71212454488e-07,4.38569694261e-08,3.09912994183e-09,4.37874945299e-08,2.37789963591e-09,8.70559051566e-07,6.80782849264e-08,3.18742261309e-07,2.04212501201e-06,6.40237970074e-06,6.56583841466e-09,4.74997610681e-09,1.9155160132e-09,1.25457780482e-09
1.151,3.69242057856e-07,4.30020782601e-08,3.03975864908e-09,4.29640289616e-08,2.33149653559e-09,8.68207097662e-07,6.87525071678e-08,3.19515026756e-07,2.03526977913e-06,6.40500607713e-06,6.43777714106e-09,4.65725524729e-09,1.87813202522e-09,1.23008479788e-09
1.152,3.67033922669e-07,4.21423552577e-08,2.97821835176e-09,4.21283859035e-08,2.28319422542e-09,8.65513529229e-07,6.94104620643e-08,3.20157667685e-07,2.0274876053e-06,6.4064315147e-06,6.30480259681e-09,4.56082883335e-09,1.83919988008e-09,1.20454520468e-09
1.153,3.64646586892e-07,4.12890304138e-08,2.91597753919e-09,4.12934456347e-08,2.23416544164e-09,8.6302510623e-07,7.00474912343e-08,3.2078018705e-07,2.01973772744e-06,6.41057963297e-06,6.16996993448e-09,4.46317834218e-09,1.79968738959e-09,1.17863984336e-09
1.154,3.62716465409e-07,4.05055656099e-08,2.85785453502e-09,4.05239278489e-08,2.18846113315e-09,8.61277560605e-07,7.07544961617e-08,3.20961313388e-07,2.01218202611e-06,6.41826502271e-06,6.0440209882e-09,4.37196356498e-09,1.7628649874e-09,1.15450519245e-09
1.155,3.60832528515e-07,3.98031194905e-08,2.80502609634e-09,3.98320710572e-08,2.14688295979e-09,8.60296849403e-07,7.15590541471e-08,3.21118903942e-07,2.00561129133e-06,6.4317189114e-06,5.92889817444e-09,4.28875394183e-09,1.72939534588e-09,1.13259671532e-09
1.156,3.58616066178e-07,3.90218138456e-08,2.74514287911e-09,3.90586563527e-08,2.09977443318e-09,8.57963740954e-07,7.22152622808e-08,3.20536955718e-07,1.99759050475e-06,6.44026442905e-06,5.79913521847e-09,4.19484041813e-09,1.69144795358e-09,1.10771049044e-09
1.157,3.56607146213e-07,3.82811420142e-08,2.68752259412e-09,3.83238425203e-08,2.05455068365e-09,8.55861141193e-07,7.29491158319e-08,3.20132233176e-07,1.99115660754e-06,6.44050855793e-06,5.67439175575e-09,4.10454552632e-09,1.65500902627e-09,1.08381605754e-09
1.158,3.54841142068e-07,3.75428787436e-08,2.629382008e-09,3.75898401014e-08,2.00885082166e-09,8.54100639229e-07,7.3660671657e-08,3.19014803097e-07,1.98167639891e-06,6.44473039207e-06,5.54851739169e-09,4.01342800615e-09,1.61816983917e-09,1.05967333661e-09
1.159,3.52579603495e-07,3.67753688066e-08,2.5682281285e-09,3.68253051869e-08,1.96085602159e-09,8.51487434503e-07,7.43062226569e-08,3.17250062645e-07,1.97377941953e-06,6.43461643088e-06,5.41660741606e-09,3.91792343437e-09,1.5794634051e-09,1.03427142594e-09
1.16,3.50668785904e-07,3.60341789032e-08,2.50844230199e-09,3.60861628704e-08,1.91397267809e-09,8.49110407986e-07,7.49469763008e-08,3.15766267226e-07,1.96494924956e-06,6.42957773236e-06,5.28777805957e-09,3.82463138005e-09,1.54166637733e-09,1.00946087947e-09
1.161,3.49079337957e-07,3.53368568521e-08,2.45149146693e-09,3.53901955921e-08,1.8692347617e-09,8.47299261022e-07,7.57019089526e-08,3.14340604054e-07,1.95332373887e-06,6.43807467446e-06,5.16466038191e-09,3.73552072366e-09,1.50560195441e-09,9.85823083635e-10
1.162,3.47135358142e-07,3.46644467357e-08,2.39605788365e-09,3.47186089733e-08,1.82568286538e-09,8.46218258708e-07,7.64714345108e-08,3.13275944986e-07,1.93906386004e-06,6.44930907813e-06,5.04465638328e-09,3.64869172621e-09,1.47051033157e-09,9.6280158964e-10
1.163,3.4591892995e-07,3.40464258364e-08,2.3445793028e-09,3.41010489931e-08,1.78526528137e-09,8.4525735798e-07,7.73418334074e-08,3.12532752108e-07,1.92689241857e-06,6.46552518312e-06,4.93303592383e-09,3.56798619981e-09,1.43796259551e-09,9.41498914993e-10
1.164,3.44476710019e-07,3.34049443723e-08,2.29080315364e-09,3.34596435173e-08,1.7430877404e-09,8.44980171142e-07,7.81694921866e-08,3.11260036255e-07,1.91508781622e-06,6.47933254197e-06,4.81671428746e-09,3.48379304846e-09,1.40396011363e-09,9.19222205031e-10
1.165,3.43097757562e-07,3.28098900626e-08,2.24025388175e-09,3.28644713944e-08,1.70355641545e-09,8.43976506225e-07,7.9058376596e-08,3.10391749653e-07,1.90466056087e-06,6.49451597211e-06,4.7074080157e-09,3.40463774768e-09,1.372113065e-09,8.98365611679e-10
1.166,3.41019643369e-07,3.21971671675e-08,2.18803330622e-09,3.22513933434e-08,1.6628437821e-09,8.43832810039e-07,7.98799332279e-08,3.08981639936e-07,1.89106083322e-06,6.51067682787e-06,4.59496824537e-09,3.32322903345e-09,1.33930542392e-09,8.7686922665e-10
1.167,3.38901104821e-07,3.15860621815e-08,2.13563455127e-09,3.16397714877e-08,1.62190346686e-09,8.43871139392e-07,8.06627837524e-08,3.0756633784e-07,1.87868763436e-06,6.52368010022e-06,4.48219566986e-09,3.241585113e-09,1.30631590601e-09,8.55263303708e-10
1.168,3.36804280084e-07,3.10023752e-08,2.08499679156e-09,3.10554940749e-08,1.58239211843e-09,8.44212587619e-07,8.14649972037e-08,3.06369051378e-07,1.86696214019e-06,6.54062135938e-06,4.37321300668e-09,3.16277433218e-09,1.27448811339e-09,8.34406838991e-10
1.169,3.35440694711e-07,3.04871012346e-08,2.03927236676e-09,3.05396478796e-08,1.54670182207e-09,8.4638763247e-07,8.23345779022e-08,3.05474989144e-07,1.85840160674e-06,6.5649151394e-06,4.27439649469e-09,3.09133221735e-09,1.24576180695e-09,8.15614540702e-10
1.17,3.33736930673e-07,2.99409479737e-08,1.99119491847e-09,2.99927940521e-08,1.50911632298e-09,8.47934558655e-07,8.31385733426e-08,3.04488371489e-07,1.84900115978e-06,6.57227000316e-06,4.17066298761e-09,3.01631850234e-09,1.21548122787e-09,7.95794102804e-10
1.171,3.31710672803e-07,2.93753676849e-08,1.94119247781e-09,2.94264288828e-08,1.4701847911e-09,8.47975216672e-07,8.39160771883e-08,3.03368807273e-07,1.83893852901e-06,6.56514827339e-06,4.06328859366e-09,2.93848844802e-09,1.18410840024e-09,7.75222841769e-10
1.172,3.302076146e-07,2.88433771578e-08,1.89356079341e-09,2.88936595015e-08,1.43306301704e-09,8.49244729169e-07,8.48019171709e-08,3.02391465462e-07,1.83073297713e-06,6.57812657261e-06,3.96079845437e-09,2.86438648539e-09,1.15421022143e-09,7.55639779701e-10
1.173,3.28852277567e-07,2.83328222462e-08,1.84740251405e-09,2.83823255406e-08,1.39700360803e-09,8.51062490315e-07,8.5704567532e-08,3.01639427261e-07,1.82402900958e-06,6.58101474748e-06,3.86130435917e-09,2.79242884925e-09,1.12514914565e-09,7.36609644917e-10
1.174,3.27311287824e-07,2.78243899656e-08,1.80122946349e-09,2.78730927516e-08,1.36115748963e-09,8.52098213279e-07,8.65092928711e-08,3.00485885153e-07,1.81592716167e-06,6.59177290501e-06,3.76225341296e-09,2.72083154965e-09,1.09626830009e-09,7.1770531287e-10
1.175,3.25526402818e-07,2.73028727033e-08,1.75413543779e-09,2.73507340263e-08,1.32448943428e-09,8.5278936898e-07,8.7322818279e-08,2.9903547274e-07,1.80840645963e-06,6.60225575781e-06,3.66122571658e-09,2.64770950659e-09,1.06673358875e-09,6.98359534308e-10
1.176,3.23569868672e-07,2.67718403444e-08,1.70620689092e-09,2.68188238297e-08,1.28717183902e-09,8.53558464537e-07,8.80881845409e-08,2.97141998213e-07,1.80127202344e-06,6.61649044716e-06,3.55851712165e-09,2.573391414e-09,1.03666185938e-09,6.78644096865e-10
1.177,3.21905883726e-07,2.62859836637e-08,1.66151711176e-09,2.63321550457e-08,1.25246404416e-09,8.55183381615e-07,8.90061767464e-08,2.95777085206e-07,1.79603833672e-06,6.63130310058e-06,3.46257645261e-09,2.50396908817e-09,1.00870397832e-09,6.60333767631e-10
1.178,3.20357610687e-07,2.58082798221e-08,1.61738354473e-09,2.58536448672e-08,1.21817052498e-09,8.56435483321e-07,8.99422902009e-08,2.93891048361e-07,1.78823541239e-06,6.65750815866e-06,3.3679265999e-09,2.43545463977e-09,9.81064509037e-10,6.42231034879e-10
1.179,3.18655186263e-07,2.52904188035e-08,1.57033293071e-09,2.53349003059e-08,1.18165056851e-09,8.57099219032e-07,9.07591776449e-08,2.9161949531e-07,1.77750123746e-06,6.66877142849e-06,3.26743518719e-09,2.36270034325e-09,9.51628322213e-10,6.22914486055e-10
1.18,3.17183200728e-07,2.4816417079e-08,1.52646209159e-09,2.48600868075e-08,1.14760580358e-09,8.59580445839e-07,9.16893991449e-08,2.90066099465e-07,1.7692341609e-06,6.69265778637e-06,3.17345368932e-09,2.29473069028e-09,9.24203248432e-10,6.04951353402e-10
1.181,3.162974185e-07,2.43783131846e-08,1.48505244672e-09,2.44212260975e-08,1.11544777685e-09,8.6240579803e-07,9.26736337983e-08,2.88389487235e-07,1.76144889024e-06,6.72314273498e-06,3.08460686728e-09,2.23049752517e-09,8.98304493036e-10,5.88003899146e-10
1.182,3.15279773146e-07,2.39294220564e-08,1.44298584308e-09,2.39715542115e-08,1.08291182891e-09,8.64968311527e-07,9.35856567528e-08,2.86257475958e-07,1.75463693022e-06,6.7472656783e-06,2.99478344511e-09,2.16551498428e-09,8.72091182968e-10,5.70841113215e-10
1.183,3.14011221733e-07,2.34885634566e-08,1.4015780868e-09,2.35299304972e-08,1.05080120069e-09,8.6748431191e-07,9.44482224265e-08,2.84220536647e-07,1.75069030417e-06,6.76916143638e-06,2.90617663872e-09,2.1013773922e-09,8.46223241638e-10,5.53897061215e-10
1.184,3.12417786489e-07,2.30507686277e-08,1.3604170873e-09,2.30913715702e-08,1.01897265506e-09,8.69887462591e-07,9.53677214375e-08,2.8251948249e-07,1.74608586466e-06,6.7893900867e-06,2.81825294978e-09,2.03779505345e-09,8.20583682572e-10,5.37098567015e-10
1.185,3.1107241924e-07,2.26329624129e-08,1.32063162224e-09,2.26728361019e-08,9.88141029496e-10,8.72477202605e-07,9.6319041715e-08,2.80681785849e-07,1.74175590429e-06,6.79025147969e-06,2.73306077829e-09,1.97621177335e-09,7.95743471314e-10,5.20836457011e-10
1.186,3.09205602417e-07,2.22183763508e-08,1.28121113017e-09,2.2257520739e-08,9.57617592388e-10,8.74437257371e-07,9.7249644953e-08,2.78954355149e-07,1.73812395323e-06,6.79870594164e-06,2.64874072692e-09,1.91515693759e-09,7.7115592116e-10,5.04735036769e-10
1.187,3.0744311961e-07,2.18215622389e-08,1.24294234447e-09,2.18600140552e-08,9.28039930038e-10,8.76893855566e-07,9.82336616098e-08,2.76845358316e-07,1.73584484783e-06,6.80762824788e-06,2.56702527602e-09,1.85608102643e-09,7.47339277754e-10,4.89136106671e-10
1.188,3.0560270834e-07,2.15872250141e-08,1.21952486339e-09,2.14569235702e-08,8.98362583766e-10,8.79496702114e-07,9.92027073921e-08,2.74782478672e-07,1.73284924153e-06,6.8140031206e-06,2.48509043542e-09,1.79675719601e-09,7.23430172912e-10,4.73476572193e-10
1.189,3.03632538869e-07,2.15074860065e-08,1.21076513361e-09,2.10385120583e-08,8.68038574261e-10,8.83336837915e-07,1.0007355146e-07,2.72569957475e-07,1.72876804468e-06,6.82536022914e-06,2.40153898161e-09,1.73625921708e-09,6.98996411284e-10,4.57462169367e-10
1.19,3.02320718791e-07,2.14629927639e-08,1.20513433478e-09,2.06535743119e-08,8.3964732562e-10,8.87094948746e-07,1.01001409872e-07,2.7051989547e-07,1.72355575295e-06,6.83090990451e-06,2.32307975128e-09,1.67951885921e-09,6.76128324998e-10,4.42492177083e-10
1.191,3.01039203797e-07,2.14186541884e-08,1.2000240823e-09,2.02691529802e-08,8.11363915551e-10,8.89868025114e-07,1.01886877283e-07,2.68465358097e-07,1.7167985779e-06,6.84617121337e-06,2.24510255838e-09,1.62308736549e-09,6.53340757988e-10,4.27567560045e-10
1.192,2.99424371244e-07,2.13538719068e-08,1.19406498289e-09,1.98675763156e-08,7.82521805766e-10,8.91960014577e-07,1.0264742051e-07,2.66299602975e-07,1.71205576005e-06,6.85150037406e-06,2.1655513012e-09,1.56548786418e-09,6.30098815483e-10,4.12331347778e-10
1.193,2.98323382221e-07,2.13520520886e-08,1.19251881598e-09,1.95272708206e-08,7.56680591246e-10,8.9569432368e-07,1.03480083459e-07,2.64608456454e-07,1.70804666977e-06,6.86892523505e-06,2.09407795463e-09,1.51382028129e-09,6.09294942915e-10,3.98712207512e-10
1.194,2.9679602323e-07,2.1304331766e-08,1.18836287941e-09,1.91482855818e-08,7.29264849191e-10,8.99848690156e-07,1.04146976151e-07,2.62558209683e-07,1.70206817093e-06,6.86224374819e-06,2.01839546607e-09,1.45908633563e-09,5.87202585812e-10,3.8424439509e-10
1.195,2.95617622838e-07,2.12811139698e-08,1.18597289899e-09,1.87956585092e-08,7.03257213549e-10,9.04679054108e-07,1.04879045137e-07,2.60476187298e-07,1.6982413039e-06,6.8689196487e-06,1.94654044789e-09,1.40710901088e-09,5.6625624944e-10,3.70530443606e-10
1.196,2.94396590365e-07,2.12259627464e-08,1.18170059669e-09,1.84197765401e-08,6.76394922174e-10,9.09063077133e-07,1.05428587606e-07,2.58207757899e-07,1.69309686907e-06,6.86984717915e-06,1.87246019554e-09,1.35348106281e-09,5.44613468895e-10,3.56345907398e-10
1.197,2.93600963094e-07,2.1219261114e-08,1.18069876188e-09,1.80910159483e-08,6.51797104295e-10,9.12721681632e-07,1.05971196041e-07,2.56330515058e-07,1.69113689863e-06,6.88795536934e-06,1.80442015239e-09,1.30428858385e-09,5.24808251821e-10,3.43374098635e-10
1.198,2.92665494697e-07,2.11824974774e-08,1.17781728381e-09,1.77416897254e-08,6.26540613123e-10,9.17095860287e-07,1.06303779666e-07,2.54159837199e-07,1.68837891373e-06,6.89533934398e-06,1.73476392107e-09,1.25387193572e-09,5.04454607705e-10,3.30039357885e-10
1.199,2.91448156859e-07,2.1142124311e-08,1.17487120749e-09,1.75312740276e-08,6.10436428945e-10,9.20312611738e-07,1.06498247014e-07,2.52124409585e-07,1.68615269294e-06,6.91102551689e-06,1.69035046498e-09,1.2216897658e-09,4.9147644948e-10,3.21532624265e-10
1.2,2.90586697085e-07,2.1129872346e-08,1.17383428417e-09,1.74877821044e-08,6.04930092516e-10,9.24802214028e-07,1.0662890294e-07,2.50178641539e-07,1.68541541153e-06,6.929312061e-06,1.67523947427e-09,1.21073996795e-09,4.870366326e-10,3.18620649034e-10
1.201,2.89685615022e-07,2.07016263341e-08,1.15024405366e-09,1.74405648901e-08,6.00056735319e-10,9.27389319328e-07,1.06839936124e-07,2.4832209198e-07,1.68268184966e-06,6.93881459108e-06,1.66184702695e-09,1.20103906018e-09,4.83108159919e-10,3.160382591e-10
1.202,2.88396339706e-07,2.0298961746e-08,1.12770390065e-09,1.74086081788e-08,5.963821192e-10,9.28905548288e-07,1.06919742341e-07,2.46431973029e-07,1.68118673605e-06,6.94671961537e-06,1.65174802422e-09,1.19372381646e-09,4.80150725735e-10,3.14096679594e-10
1.203,2.8743524148e-07,1.99101346222e-08,1.10554479878e-09,1.7382537609e-08,5.93458767799e-10,9.30474027565e-07,1.07057838042e-07,2.44799896288e-07,1.67988917403e-06,6.96881231909e-06,1.64368864693e-09,1.18788356437e-09,4.7780200871e-10,3.12551122458e-10
1.204,2.86466567934e-07,1.95266724364e-08,1.08315141729e-09,1.73551798631e-08,5.90797296529e-10,9.30624227326e-07,1.06841038363e-07,2.42538330947e-07,1.67951984736e-06,6.98314179714e-06,1.63643897932e-09,1.18263366879e-09,4.75650486394e-10,3.11135474261e-10
1.205,2.85926390298e-07,1.91491476423e-08,1.06073540596e-09,1.73270134387e-08,5.88427350631e-10,9.29214981078e-07,1.064729636e-07,2.4072747779e-07,1.6774685421e-06,7.0057988072e-06,1.62993451359e-09,1.17791600245e-09,4.73736585341e-10,3.09877450364e-10
1.206,2.85418444877e-07,1.8790769557e-08,1.03916347227e-09,1.73102049231e-08,5.86819991519e-10,9.28036436825e-07,1.0600685526e-07,2.3888374251e-07,1.67473688902e-06,7.02828353264e-06,1.62548064864e-09,1.17469449911e-09,4.7244163705e-10,3.09027704496e-10
1.207,2.84768482089e-07,1.84352923797e-08,1.01740706743e-09,1.7290197074e-08,5.85215093755e-10,9.2553404398e-07,1.05481788997e-07,2.37063267406e-07,1.67208130523e-06,7.04956832364e-06,1.62108755166e-09,1.17153200583e-09,4.71144767488e-10,3.08178482153e-10
1.208,2.84122847416e-07,1.81124214225e-08,9.97379205746e-10,1.72952125917e-08,5.84700800139e-10,9.23423080726e-07,1.04979639742e-07,2.35550620708e-07,1.67309990324e-06,7.07840361323e-06,1.61961024819e-09,1.1704883434e-09,4.7072957903e-10,3.07907368829e-10
1.209,2.83379023516e-07,1.77658454401e-08,9.75685799632e-10,1.7271952966e-08,5.83282259659e-10,9.20969740804e-07,1.04390540909e-07,2.33696411347e-07,1.67440757906e-06,7.11099187326e-06,1.61579955838e-09,1.16769170037e-09,4.69576686632e-10,3.07141798059e-10
1.21,2.82662941179e-07,1.74314467006e-08,9.54541693116e-10,1.7254428291e-08,5.82186173353e-10,9.18968321918e-07,1.03757260547e-07,2.31971353577e-07,1.6760549819e-06,7.14497357581e-06,1.6128552248e-09,1.16553292318e-09,4.68692242429e-10,3.06557669374e-10
1.211,2.82453903865e-07,1.71063599613e-08,9.33714173347e-10,1.72401492312e-08,5.81299235169e-10,9.16421484464e-07,1.03243413077e-07,2.30518696645e-07,1.67743902183e-06,7.17342987782e-06,1.6104643457e-09,1.16380590625e-09,4.67977178135e-10,3.06085711665e-10
1.212,2.82062078029e-07,1.67953649357e-08,9.13574617908e-10,1.72342711576e-08,5.8078682768e-10,9.15036703324e-07,1.02771803755e-07,2.28892345173e-07,1.68066048262e-06,7.1875956446e-06,1.60909234686e-09,1.16281586326e-09,4.67563184279e-10,3.05818137498e-10
1.213,2.81356542535e-07,1.64809262323e-08,8.93092934521e-10,1.72190218834e-08,5.80018654313e-10,9.11815531063e-07,1.02213773031e-07,2.27487799848e-07,1.68201579464e-06,7.21666454037e-06,1.60701140715e-09,1.16131204017e-09,4.66942604561e-10,3.0540692188e-10
1.214,2.80630804998e-07,1.61675615591e-08,8.72416590744e-10,1.71987776852e-08,5.78952428695e-10,9.08972216078e-07,1.01620638121e-07,2.26263361271e-07,1.68389594563e-06,7.24556985289e-06,1.60415343376e-09,1.15924129135e-09,4.6608095803e-10,3.04832303329e-10
1.215,2.7990825536e-07,1.5861831011e-08,8.52164203136e-10,1.71804671583e-08,5.78146553959e-10,9.06420709949e-07,1.01011352655e-07,2.2500172935e-07,1.68591574972e-06,7.27183950833e-06,1.6020590313e-09,1.15771812526e-09,4.65433887398e-10,3.04404622751e-10
1.216,2.79213996823e-07,1.5579245217e-08,8.33144372327e-10,1.7004742333e-08,5.7230743417e-10,9.03224890305e-07,1.00514057574e-07,2.23956841602e-07,1.68982045916e-06,7.28896613768e-06,1.58592264131e-09,1.14605142555e-09,4.60734064404e-10,3.01328169307e-10
1.217,2.7856866522e-07,1.52783503414e-08,8.1282973953e-10,1.66505430615e-08,5.60301770441e-10,8.98858111367e-07,9.98934108373e-08,2.22770047583e-07,1.6901442292e-06,7.30728992156e-06,1.55278694252e-09,1.12208074599e-09,4.51062902511e-10,2.94992410296e-10
1.218,2.78036816043e-07,1.49908257552e-08,7.93275271571e-10,1.63172168513e-08,5.48840503795e-10,8.92655269677e-07,9.93053269268e-08,2.21405949526e-07,1.69257972709e-06,7.32766824222e-06,1.52107592087e-09,1.09913062224e-09,4.41832135309e-10,2.8894967218e-10
1.219,2.77990944441e-07,1.4712666365e-08,7.74169090852e-10,1.59989591521e-08,5.37582965535e-10,8.88571230288e-07,9.87467980687e-08,2.20358693548e-07,1.69495442365e-06,7.34816640699e-06,1.49000298667e-09,1.07666941488e-09,4.32766365225e-10,2.83017868662e-10
1.22,2.77601321211e-07,1.44206232417e-08,7.54144766885e-10,1.56693828395e-08,5.25705996488e-10,8.82821333493e-07,9.81004696153e-08,2.18995783477e-07,1.69755934231e-06,7.36809692687e-06,1.45725073762e-09,1.05298918037e-09,4.2319660811e-10,2.76748907341e-10
1.221,2.76998869555e-07,1.41485576323e-08,7.35232732701e-10,1.53644594788e-08,5.14548084283e-10,8.7865394086e-07,9.754657212e-08,2.17795242351e-07,1.7038967898e-06,7.3943204753e-06,1.42639869309e-09,1.03066691318e-09,4.14213752328e-10,2.70866813706e-10
1.222,2.76385120751e-07,1.38730543666e-08,7.16094719587e-10,1.50580825118e-08,5.03184223228e-10,8.73950981703e-07,9.69745778725e-08,2.16533048394e-07,1.70795706396e-06,7.4134245203e-06,1.39504873296e-09,1.00797318985e-09,4.05061299307e-10,2.64870174393e-10
1.223,2.76433795261e-07,1.36097538926e-08,6.97579452067e-10,1.47667084318e-08,4.92216399305e-10,8.68314852847e-07,9.6515528676e-08,2.15285921013e-07,1.7084073528e-06,7.4418554745e-06,1.36466254496e-09,9.86015264432e-10,3.96225334152e-10,2.59090399051e-10
1.224,2.76367144162e-07,1.33542284326e-08,6.79527018225e-10,1.44851323534e-08,4.81524009953e-10,8.63370464662e-07,9.59037396304e-08,2.13987730611e-07,1.71295904184e-06,7.48539808964e-06,1.33508170854e-09,9.64638650627e-10,3.87621687619e-10,2.53458165641e-10
1.225,2.76489208829e-07,1.30942552865e-08,6.61124282944e-10,1.41997865454e-08,4.70522756634e-10,8.58215129427e-07,9.53745954377e-08,2.12975405379e-07,1.71755195454e-06,7.50969972095e-06,1.30470299712e-09,9.42677980979e-10,3.78766700799e-10,2.47659536023e-10
1.226,2.76019568872e-07,1.28316492894e-08,6.42625390601e-10,1.3912408195e-08,4.59354109124e-10,8.531570924e-07,9.47620224624e-08,2.11693841623e-07,1.7220004928e-06,7.53126837998e-06,1.27388507928e-09,9.20346548665e-10,3.69770472129e-10,2.41767884704e-10
1.227,2.75813253188e-07,1.25968150359e-08,6.2566186761e-10,1.3655782672e-08,4.49232030781e-10,8.48889014959e-07,9.42145179059e-08,2.10802523948e-07,1.72525277964e-06,7.57296131816e-06,1.2458436534e-09,9.0010544068e-10,3.61625360681e-10,2.36438904017e-10
1.228,2.75480928212e-07,1.23653360506e-08,6.08821396559e-10,1.34032780686e-08,4.39163401174e-10,8.44055837788e-07,9.37286561415e-08,2.10169631274e-07,1.73041394029e-06,7.61121568801e-06,1.21797153195e-09,8.79964577913e-10,3.5352117771e-10,2.31138028129e-10
1.229,2.75497521711e-07,1.21358491443e-08,5.92092245587e-10,1.31533129946e-08,4.29097704177e-10,8.39311439331e-07,9.32548751337e-08,2.09679885641e-07,1.73513707846e-06,7.63817873358e-06,1.19014274393e-09,8.5984302117e-10,3.45418410531e-10,2.2583549658e-10
1.23,2.7531596974e-07,1.18938055542e-08,5.74651679017e-10,1.28900357297e-08,4.18442162535e-10,8.34255082466e-07,9.27517201284e-08,2.09009962841e-07,1.73872205036e-06,7.65297942959e-06,1.16071514541e-09,8.38549687893e-10,3.36832063467e-10,2.20213764238e-10
1.231,2.75347893767e-07,1.16832414411e-08,5.58950156837e-10,1.26611047145e-08,4.09033597907e-10,8.30761512914e-07,9.2430674376e-08,2.08115491042e-07,1.74526912625e-06,7.68924930717e-06,1.13460180925e-09,8.19689680518e-10,3.29255193948e-10,2.15260478099e-10
1.232,2.75543929044e-07,1.14764015293e-08,5.43495303072e-10,1.24363863288e-08,3.99696629284e-10,8.25821385408e-07,9.20635859296e-08,2.07546235546e-07,1.75411495023e-06,7.74232309218e-06,1.10871932607e-09,8.00986856397e-10,3.21739916516e-10,2.10347692759e-10
1.233,2.76009941992e-07,1.12598084039e-08,5.27558135728e-10,1.22012301464e-08,3.89923210692e-10,8.20393473704e-07,9.15825898178e-08,2.06839446952e-07,1.75963298438e-06,7.78095844458e-06,1.0816850175e-09,7.81448127315e-10,3.13869060896e-10,2.05195116038e-10
1.234,2.76140924777e-07,1.10535027978e-08,5.12153729511e-10,1.19773317321e-08,3.80521356531e-10,8.15864656154e-07,9.12090112125e-08,2.06302920617e-07,1.76573040926e-06,7.8136156296e-06,1.05566931387e-09,7.62629877569e-10,3.06300260513e-10,2.00243785314e-10
1.235,2.76025495505e-07,1.08532597844e-08,4.97141483375e-10,1.17600867371e-08,3.71330880866e-10,8.11601171111e-07,9.08226871583e-08,2.06142607677e-07,1.77203483183e-06,7.84662896171e-06,1.03019808035e-09,7.44225080883e-10,2.98898933035e-10,1.95403194142e-10
1.236,2.75417083063e-07,1.06545327616e-08,4.82252020601e-10,1.15445464588e-08,3.62169723143e-10,8.05927228478e-07,9.04709956927e-08,2.05985180765e-07,1.77779014926e-06,7.87742263435e-06,1.00483306389e-09,7.25893176278e-10,2.91522771419e-10,1.90579892032e-10
1.237,2.74972282889e-07,1.04645513232e-08,4.67850223522e-10,1.1338533224e-08,3.53322924672e-10,8.02390137409e-07,9.00059942005e-08,2.05545300165e-07,1.78617266654e-06,7.91430911149e-06,9.80320087487e-10,7.08174588363e-10,2.84395239285e-10,1.8592514578e-10
1.238,2.74343558929e-07,1.03528204091e-08,4.590346352e-10,1.1130012635e-08,3.44321382048e-10,7.98159523646e-07,8.95197201949e-08,2.04938024239e-07,1.79297320975e-06,7.94949764874e-06,9.5539040652e-10,6.90146064934e-10,2.77146558806e-10,1.81183294533e-10
1.239,2.74066453973e-07,1.03251999616e-08,4.5631200976e-10,1.09241007638e-08,3.35424324392e-10,7.94067794687e-07,8.90837149757e-08,2.04119598642e-07,1.80090007073e-06,7.99227434716e-06,9.30721528363e-10,6.72325119077e-10,2.69984093714e-10,1.76500263706e-10
1.24,2.73924305869e-07,1.0308255658e-08,4.54388430829e-10,1.07287299855e-08,3.26887086825e-10,7.8991200977e-07,8.86736591022e-08,2.03294752975e-07,1.80824683746e-06,8.02256810094e-06,9.07056893698e-10,6.55225897897e-10,2.63111423547e-10,1.72008237782e-10
1.241,2.74058247888e-07,1.02903225149e-08,4.52598259041e-10,1.05324018575e-08,3.18271978503e-10,7.85820799494e-07,8.81943581183e-08,2.02780383053e-07,1.81463938961e-06,8.05287086994e-06,8.83163429558e-10,6.37970068894e-10,2.56174762785e-10,1.67469841136e-10
1.242,2.7433742513e-07,1.02764529184e-08,4.51201957411e-10,1.03410331551e-08,3.09811812387e-10,7.80748902417e-07,8.75901404026e-08,2.02365794278e-07,1.82309954533e-06,8.08707930332e-06,8.5972818488e-10,6.21028744084e-10,2.49364973083e-10,1.63013386413e-10
1.243,2.74630507036e-07,1.0268908348e-08,4.50248725864e-10,1.01572564981e-08,3.01622265242e-10,7.75588544224e-07,8.70825682344e-08,2.02129526704e-07,1.8300065343e-06,8.12843463291e-06,8.37016013111e-10,6.0463296848e-10,2.42773184993e-10,1.58704366187e-10
1.244,2.74794178052e-07,1.02563482291e-08,4.4915587301e-10,9.97018303478e-09,2.93345547504e-10,7.70652372431e-07,8.64296776989e-08,2.01448999574e-07,1.83928385402e-06,8.15587962183e-06,8.14095583234e-10,5.88055760484e-10,2.3611011899e-10,1.54344645417e-10
1.245,2.74895498336e-07,1.02441408717e-08,4.48247215987e-10,9.78555321001e-09,2.85138136534e-10,7.64990560296e-07,8.58893123506e-08,2.01098052816e-07,1.8486267622e-06,8.17886711573e-06,7.91342086243e-10,5.71613729429e-10,2.29502404956e-10,1.50023829687e-10
1.246,2.74905680475e-07,1.02268507006e-08,4.47066549526e-10,9.5985111233e-09,2.76831617576e-10,7.59859937616e-07,8.53089591761e-08,2.01032333779e-07,1.85571835103e-06,8.19676067636e-06,7.68346702066e-10,5.55001169235e-10,2.22813348815e-10,1.45646719852e-10
1.247,2.74760268081e-07,1.02043444773e-08,4.45700154131e-10,9.40938833043e-09,2.68486026376e-10,7.5477127631e-07,8.47385469684e-08,2.00839699704e-07,1.86096129916e-06,8.20873138927e-06,7.45240679346e-10,5.38290589792e-10,2.16091248836e-10,1.41248369965e-10
1.248,2.74881534142e-07,1.01946157768e-08,4.45032951954e-10,9.23487390266e-09,2.60639004014e-10,7.49558816351e-07,8.41312427088e-08,2.00757501378e-07,1.86476168675e-06,8.23217200605e-06,7.23523149418e-10,5.22577589713e-10,2.09774210191e-10,1.37114690038e-10
1.249,2.75114112603e-07,1.01864740511e-08,4.44474424452e-10,9.06449056135e-09,2.52918566767e-10,7.44456734657e-07,8.37165446085e-08,2.00635741069e-07,1.86691729175e-06,8.25868840831e-06,7.02123963757e-10,5.07117973072e-10,2.03557171733e-10,1.33049199107e-10
1.25,2.7487821511e-07,1.01766090914e-08,4.43869747335e-10,8.89533613272e-09,2.45275268096e-10,7.38626755011e-07,8.32467941815e-08,2.0076687889e-07,1.86982312381e-06,8.28616042514e-06,6.80934432355e-10,4.91816957818e-10,1.97405321178e-10,1.29025167986e-10
1.251,2.74181678166e-07,9.96144398128e-09,4.34529372303e-10,8.71945945056e-09,2.37449752454e-10,7.32350241961e-07,8.27426172341e-08,2.0045649793e-07,1.8705359026e-06,8.30841872644e-06,6.59284324615e-10,4.76171150367e-10,1.91103341001e-10,1.24900661483e-10
1.252,2.73376125686e-07,9.76431846613e-09,4.25821180947e-10,8.55638281067e-09,2.30034525826e-10,7.26046339717e-07,8.23405312699e-08,2.00699475181e-07,1.87254334776e-06,8.33809445128e-06,6.38744787014e-10,4.61325200093e-10,1.85135307504e-10,1.20996938159e-10
1.253,2.72652331524e-07,9.57925954137e-09,4.1752306611e-10,8.40156992879e-09,2.22917877677e-10,7.18750046422e-07,8.19143634339e-08,2.0123084709e-07,1.87822688484e-06,8.37092069902e-06,6.1900575286e-10,4.47057442795e-10,1.79406515064e-10,1.17250462875e-10
1.254,2.71815817432e-07,9.38738957621e-09,4.08708378857e-10,8.23899338519e-09,2.15612616435e-10,7.11034071476e-07,8.14219535575e-08,2.01575628916e-07,1.88313677553e-06,8.40713773905e-06,5.98759040933e-10,4.32410966557e-10,1.7352283702e-10,1.13401678008e-10
1.255,2.70982530719e-07,9.19994077532e-09,3.99890997385e-10,8.07889911363e-09,2.08371393324e-10,7.03422724513e-07,8.09978960785e-08,2.02136970863e-07,1.88684514429e-06,8.43599045975e-06,5.78712952443e-10,4.1792829595e-10,1.67693561175e-10,1.09587556414e-10
1.256,2.69944602547e-07,9.01948907309e-09,3.91306599139e-10,7.92386152976e-09,2.01343642407e-10,6.96502894349e-07,8.05921372317e-08,2.0258626611e-07,1.89282266779e-06,8.47051937304e-06,5.59236545262e-10,4.03852447857e-10,1.62034900793e-10,1.05887233497e-10
1.257,2.68684365281e-07,8.84554346839e-09,3.82946248653e-10,7.77370542607e-09,1.94514064066e-10,6.90243797246e-07,8.02326336646e-08,2.02919729684e-07,1.89755756642e-06,8.50132685923e-06,5.40312174088e-10,3.9015863862e-10,1.56535710629e-10,1.0229011714e-10
1.258,2.67673617496e-07,8.66826423267e-09,3.74281255893e-10,7.61996987927e-09,1.87615281833e-10,6.82919162228e-07,7.98556810689e-08,2.03371538821e-07,1.90320905048e-06,8.53598734758e-06,5.21199313872e-10,3.76341845218e-10,1.50981201821e-10,9.865417011e-11
1.259,2.66716920767e-07,8.49600992167e-09,3.6580383345e-10,7.47014386341e-09,1.80898027185e-10,6.76149884819e-07,7.93735852656e-08,2.03744842984e-07,1.90830315046e-06,8.55895066099e-06,5.02595020694e-10,3.62889485258e-10,1.45571591792e-10,9.51150527873e-11
1.26,2.65730909772e-07,8.33341367779e-09,3.57724812638e-10,7.32841925552e-09,1.74443266307e-10,6.71224366849e-07,7.89937582174e-08,2.04270547352e-07,1.91194818061e-06,8.58652063871e-06,4.84718337103e-10,3.49969550209e-10,1.40375197716e-10,9.17170933747e-11
1.261,2.65140543206e-07,8.17963661643e-09,3.49968230918e-10,7.19414792861e-09,1.68251135151e-10,6.65585732326e-07,7.86203759226e-08,2.0507255714e-07,1.91571433387e-06,8.60841935695e-06,4.67537080177e-10,3.37564172175e-10,1.35391931534e-10,8.84604084221e-11
1.262,2.6427928255e-07,8.02311002405e-09,3.42033918279e-10,7.0957816716e-09,1.63605920388e-10,6.59729827605e-07,7.82108555685e-08,2.0611806234e-07,1.91893706013e-06,8.61499347127e-06,4.54663033737e-10,3.28257807039e-10,1.31651851914e-10,8.60140254282e-11
1.263,2.63084454315e-07,7.86889542216e-09,3.34119175312e-10,7.0715412505e-09,1.62103001137e-10,6.54553761196e-07,7.78336890916e-08,2.070513736e-07,1.92238523276e-06,8.61703961722e-06,4.50526035505e-10,3.25262208516e-10,1.30442049452e-10,8.52192435656e-11
1.264,2.62539901569e-07,7.73535408819e-09,3.27128777158e-10,7.06640190733e-09,1.61262471408e-10,6.51371913478e-07,7.76153002047e-08,2.08080437865e-07,1.92532550225e-06,8.63991545937e-06,4.48178873931e-10,3.23569677737e-10,1.29764560247e-10,8.47778801725e-11
1.265,2.61996547898e-07,7.59833017799e-09,3.19925372938e-10,7.05822809022e-09,1.60458146501e-10,6.4616722954e-07,7.71009124533e-08,2.09394336779e-07,1.9303027059e-06,8.65460813793e-06,4.45956214513e-10,3.21966718823e-10,1.2911744095e-10,8.43549817946e-11
1.266,2.61089700763e-07,7.45934101429e-09,3.12576777239e-10,7.04776364234e-09,1.59716742854e-10,6.41975709073e-07,7.66886398493e-08,2.10214939325e-07,1.93459213048e-06,8.67518440658e-06,4.43917032655e-10,3.20503763733e-10,1.2851981713e-10,8.39642192127e-11
1.267,2.6013089508e-07,7.31235972937e-09,3.04803916523e-10,7.02867734531e-09,1.58837414107e-10,6.37525359946e-07,7.61874018752e-08,2.10862007255e-07,1.93735673974e-06,8.69091037264e-06,4.41509899684e-10,3.18755512895e-10,1.27808901401e-10,8.34971257717e-11
1.268,2.59443644456e-07,7.18565026359e-09,2.97934102137e-10,7.02782079799e-09,1.58511267365e-10,6.33232333889e-07,7.58105995115e-08,2.11883937308e-07,1.94467116416e-06,8.73046678999e-06,4.40600671255e-10,3.18098445117e-10,1.27547986696e-10,8.33251005719e-11
1.269,2.58191241798e-07,7.04216084396e-09,2.90285324238e-10,7.00904358209e-09,1.57798661227e-10,6.28500565628e-07,7.53868689567e-08,2.12305019176e-07,1.94605179498e-06,8.75267302147e-06,4.38653336568e-10,3.16680287257e-10,1.26972041402e-10,8.29463309586e-11
1.27,2.57982394604e-07,6.91934832191e-09,2.83562220101e-10,7.00912213318e-09,1.5761383679e-10,6.24971682854e-07,7.506520949e-08,2.13090098663e-07,1.9510773238e-06,8.7821570564e-06,4.38136936125e-10,3.1631170347e-10,1.26825740747e-10,8.28511646167e-11
1.271,2.57755843481e-07,6.79377554203e-09,2.76687354789e-10,7.00476613561e-09,1.57359998985e-10,6.21970001418e-07,7.46884366885e-08,2.13693370841e-07,1.95768705626e-06,8.81182726169e-06,4.37444248429e-10,3.15810981982e-10,1.26621274584e-10,8.27172843902e-11
1.272,2.57229696073e-07,6.66349665139e-09,2.69565399525e-10,6.99357973833e-09,1.56955429758e-10,6.18585860176e-07,7.43125325259e-08,2.14085471855e-07,1.96140299146e-06,8.83891579313e-06,4.36337486743e-10,3.1500322641e-10,1.26294854394e-10,8.25025437367e-11
1.273,2.56645837057e-07,6.53153780937e-09,2.62321493645e-10,6.97834477122e-09,1.56455008029e-10,6.14550604603e-07,7.37759229998e-08,2.14755677344e-07,1.96557003717e-06,8.85426300306e-06,4.34982599002e-10,3.14010652405e-10,1.25890266091e-10,8.22353296594e-11
1.274,2.55922792661e-07,6.40325228905e-09,2.55238042351e-10,6.96461562569e-09,1.56024107562e-10,6.11254409226e-07,7.34296055688e-08,2.1506552518e-07,1.970106746e-06,8.88263532625e-06,4.33810782383e-10,3.13156039553e-10,1.25540792804e-10,8.20059010183e-11
1.275,2.55416777627e-07,6.28602311101e-09,2.48659273997e-10,6.96061985885e-09,1.55866341302e-10,6.07883869907e-07,7.31415671038e-08,2.15462338241e-07,1.9771901595e-06,8.91676165377e-06,4.33388315752e-10,3.12866263866e-10,1.25415196977e-10,8.19225868681e-11
1.276,2.54761844071e-07,6.16540708315e-09,2.41896615674e-10,6.95059492659e-09,1.55567929812e-10,6.04366444666e-07,7.2815335516e-08,2.15633175947e-07,1.98400350079e-06,8.95397226529e-06,4.32576416013e-10,3.12266873825e-10,1.25174960998e-10,8.17635904278e-11
1.277,2.540341488e-07,6.04380442848e-09,2.35083396828e-10,6.93696034671e-09,1.55161258302e-10,5.99136406925e-07,7.24202616859e-08,2.15716346154e-07,1.9886238011e-06,8.98096576035e-06,4.31478086399e-10,3.11466420762e-10,1.24846817133e-10,8.15458443066e-11
1.278,2.53318248277e-07,5.92217437341e-09,2.28273902715e-10,6.79135985321e-09,1.51895857539e-10,5.94569547355e-07,7.2058696496e-08,2.16041711782e-07,1.99144783919e-06,9.00984466704e-06,4.2243539161e-10,3.04928389756e-10,1.22216454723e-10,7.98240167897e-11
1.279,2.52916847538e-07,5.81065687178e-09,2.21911677042e-10,6.65464647842e-09,1.48801848502e-10,5.90816780786e-07,7.17504796398e-08,2.16490700701e-07,1.99612916323e-06,9.04596963373e-06,4.1384115864e-10,2.98709445187e-10,1.19725697807e-10,7.81959030211e-11
1.28,2.52704605874e-07,5.7031047017e-09,2.15699883228e-10,6.52462476525e-09,1.45798095676e-10,5.87000118753e-07,7.14434738398e-08,2.16674068069e-07,2.00231713078e-06,9.09408064286e-06,4.05496974969e-10,2.9267966166e-10,1.17307308288e-10,7.66153506519e-11
1.281,2.5245509854e-07,5.59577367288e-09,2.09535710433e-10,6.39652327615e-09,1.42783520534e-10,5.83258625311e-07,7.11076556632e-08,2.1732700316e-07,2.01042906146e-06,9.13711360155e-06,3.97132392863e-10,2.86632830048e-10,1.14880752378e-10,7.50299694812e-11
1.282,2.51681798218e-07,5.48609345851e-09,2.0329596673e-10,6.26703662701e-09,1.3967117439e-10,5.7816441187e-07,7.0794200501e-08,2.17767676671e-07,2.01799528091e-06,9.17683958888e-06,3.88501573122e-10,2.80406843919e-10,1.12374418855e-10,7.33905841343e-11
1.283,2.5122255923e-07,5.38970721778e-09,1.97617843847e-10,6.15373934357e-09,1.3692231674e-10,5.73022246807e-07,7.05687822048e-08,2.18592127157e-07,2.02638041994e-06,9.21845559511e-06,3.8084978077e-10,2.74876716545e-10,1.1016325042e-10,7.1945970715e-11
1.284,2.50221615925e-07,5.28093854076e-09,1.91425106802e-10,6.02707979792e-09,1.33783787787e-10,5.66565531929e-07,7.02222259107e-08,2.1919473802e-07,2.03339080584e-06,9.25621732746e-06,3.72155871088e-10,2.68591766616e-10,1.07636318262e-10,7.02927780085e-11
1.285,2.50060090755e-07,5.19115435781e-09,1.86024883226e-10,5.92269279944e-09,1.31170154669e-10,5.62247343285e-07,6.99876856902e-08,2.20439772481e-07,2.03891202751e-06,9.29971650542e-06,3.64878810674e-10,2.63328926337e-10,1.0553424534e-10,6.89204806188e-11
1.286,2.49489835484e-07,5.09295731516e-09,1.80293313369e-10,5.80916914752e-09,1.28291986969e-10,5.58298220568e-07,6.96290214367e-08,2.21344747036e-07,2.0428846655e-06,9.34042386354e-06,3.56884413393e-10,2.57555139366e-10,1.0321782201e-10,6.74060097326e-11
1.287,2.49227543401e-07,5.00697286095e-09,1.75080910349e-10,5.70993769131e-09,1.25763486335e-10,5.55016515318e-07,6.95463232038e-08,2.22527817703e-07,2.04812846545e-06,9.39037952394e-06,3.4983505233e-10,2.52469634824e-10,1.01185448165e-10,6.60804190249e-11
1.288,2.48224698692e-07,4.94737433509e-09,1.71496438506e-10,5.5971465627e-09,1.2282114876e-10,5.4937183565e-07,6.92412387889e-08,2.23151318743e-07,2.05118841883e-06,9.41293514763e-06,3.4167196109e-10,2.4657847212e-10,9.88155485145e-11,6.45304921616e-11
1.289,2.47632968455e-07,4.93380794365e-09,1.70441471295e-10,5.4925327447e-09,1.20070730448e-10,5.44449432544e-07,6.91346985636e-08,2.23668250803e-07,2.05587684875e-06,9.43598106367e-06,3.34034972068e-10,2.41065086798e-10,9.66031030743e-11,6.30841664096e-11
1.29,2.4706166331e-07,4.91954473849e-09,1.69457891758e-10,5.38703772821e-09,1.17282232876e-10,5.38865692113e-07,6.90045541469e-08,2.24078952171e-07,2.06028104835e-06,9.43815266752e-06,3.2628479501e-10,2.35474509617e-10,9.43580719324e-11,6.16169048213e-11
1.291,2.46334667062e-07,4.90912064225e-09,1.68719775329e-10,5.28605217553e-09,1.1459064859e-10,5.33960542539e-07,6.88419236117e-08,2.24427383808e-07,2.06569398866e-06,9.44334001095e-06,3.1880796651e-10,2.30074682883e-10,9.21930912256e-11,6.02017960356e-11
1.292,2.45477743361e-07,4.89594923113e-09,1.67939461027e-10,5.18275646467e-09,1.11812404977e-10,5.29363599519e-07,6.86532121221e-08,2.24390367149e-07,2.0685649679e-06,9.42158965234e-06,3.11104742749e-10,2.24506124764e-10,8.99558903444e-11,5.8738085231e-11
1.293,2.45034532098e-07,4.88843180727e-09,1.67430370038e-10,5.08632544401e-09,1.09190287487e-10,5.26024433551e-07,6.86079792107e-08,2.24626716748e-07,2.07165822592e-06,9.40011341672e-06,3.03817328217e-10,2.19239323111e-10,8.78461808841e-11,5.73596853913e-11
1.294,2.44453984981e-07,4.88413917807e-09,1.67101668929e-10,4.9941822551e-09,1.06653345748e-10,5.23457259414e-07,6.85320346451e-08,2.2475109448e-07,2.07542252136e-06,9.37351568285e-06,2.96764690791e-10,2.14143585572e-10,8.58053403544e-11,5.60271072196e-11
1.295,2.43870231572e-07,4.87214654313e-09,1.66485061342e-10,4.89534030382e-09,1.03936578406e-10,5.19731453386e-07,6.84636032587e-08,2.24878183487e-07,2.07693895108e-06,9.34006691153e-06,2.89228420957e-10,2.08705192582e-10,8.36181660474e-11,5.45974362154e-11
1.296,2.43022950459e-07,4.86520709615e-09,1.66090766631e-10,4.8029226254e-09,1.01373324811e-10,5.15757382099e-07,6.84783739985e-08,2.25030914813e-07,2.08209126039e-06,9.32666201767e-06,2.82102254496e-10,2.03559741563e-10,8.15547642193e-11,5.32495286823e-11
1.297,2.42540870196e-07,4.85519050947e-09,1.65607953371e-10,4.70886515043e-09,9.8742155785e-11,5.11492910013e-07,6.84388072508e-08,2.24961523811e-07,2.08641763701e-06,9.29370857447e-06,2.74795830514e-10,1.98282197208e-10,7.9436178577e-11,5.18640104254e-11
1.298,2.42268880016e-07,4.84701013403e-09,1.65221738615e-10,4.61807417035e-09,9.62051038177e-11,5.06737171841e-07,6.84457954221e-08,2.25222145058e-07,2.08849673285e-06,9.24874587203e-06,2.67744901104e-10,1.93188186787e-10,7.73935632006e-11,5.05291767968e-11
1.299,2.41924003151e-07,4.84331455725e-09,1.65022953948e-10,4.53297651109e-09,9.37805126044e-11,5.03615616247e-07,6.85316427039e-08,2.2544843977e-07,2.09464743954e-06,9.22043077851e-06,2.6100864897e-10,1.8832589249e-10,7.54420106934e-11,4.92547354544e-11
1.3,2.41952688012e-07,4.83948254971e-09,1.64819261689e-10,4.44912877065e-09,9.13770709905e-11,5.00399595887e-07,6.85171320589e-08,2.25645581288e-07,2.10004661408e-06,9.18410239305e-06,2.54329400702e-10,1.83501026914e-10,7.35073710931e-11,4.7990760992e-11
1.301,2.41756288497e-07,4.74157029572e-09,1.61514041853e-10,4.36518813578e-09,8.89764437688e-11,4.97170061186e-07,6.8575111169e-08,2.25649565005e-07,2.10365003877e-06,9.14735731506e-06,2.47657005636e-10,1.78681180002e-10,7.1575358561e-11,4.67279699735e-11
1.302,2.42119842687e-07,4.65168931322e-09,1.58442613348e-10,4.28716145057e-09,8.67154947054e-11,4.9475601573e-07,6.87478129029e-08,2.25757523214e-07,2.10913350799e-06,9.11719804568e-06,2.4135976174e-10,1.74134149336e-10,6.97567054584e-11,4.55405389816e-11
1.303,2.4212316953e-07,4.55669775059e-09,1.55095823235e-10,4.20327440253e-09,8.43114600305e-11,4.92201883498e-07,6.88149842881e-08,2.25676582779e-07,2.11336444575e-06,9.06365965835e-06,2.34688607116e-10,1.69313680453e-10,6.78215593837e-11,4.42760632476e-11
1.304,2.42199575784e-07,4.46849175649e-09,1.51936139573e-10,4.13770950089e-09,8.23868298353e-11,4.90135235345e-07,6.8992590246e-08,2.25667670795e-07,2.12173772675e-06,9.02629093499e-06,2.29336889577e-10,1.65450938676e-10,6.62730791266e-11,4.32641459022e-11
1.305,2.42577355899e-07,4.38124102539e-09,1.48754216632e-10,4.12447939274e-09,8.1943229516e-11,4.88148067346e-07,6.91251375334e-08,2.25914315674e-07,2.12915283033e-06,8.97030392272e-06,2.28111142517e-10,1.64567199523e-10,6.59158878208e-11,4.30303196105e-11
1.306,2.42552842301e-07,4.29570574928e-09,1.45600576438e-10,4.1125121504e-09,8.15656242056e-11,4.86810558467e-07,6.92782045822e-08,2.25730494837e-07,2.13814094596e-06,8.91199567102e-06,2.27062106014e-10,1.6380350971e-10,6.56108319529e-11,4.28304370144e-11
1.307,2.42771126468e-07,4.21188920448e-09,1.42455766203e-10,4.10160586291e-09,8.12235884311e-11,4.86104053467e-07,6.93115148655e-08,2.26094052284e-07,2.14591627487e-06,8.85722763544e-06,2.26131509261e-10,1.63130570875e-10,6.53343383408e-11,4.26487892515e-11
1.308,2.42737417988e-07,4.12777133077e-09,1.3924695927e-10,4.08960026808e-09,8.08779219971e-11,4.84612018241e-07,6.93718190024e-08,2.26046312589e-07,2.15270943747e-06,8.79946589074e-06,2.2517729828e-10,1.62441181759e-10,6.50547179522e-11,4.24657435269e-11
1.309,2.42844564812e-07,4.04630564933e-09,1.36108796826e-10,4.07924773282e-09,8.05856805616e-11,4.83281874064e-07,6.95778992124e-08,2.25858961013e-07,2.15955146538e-06,8.74465102589e-06,2.24378199012e-10,1.61860189004e-10,6.48197375585e-11,4.23109113757e-11
1.31,2.43018608278e-07,3.97293190009e-09,1.33234691941e-10,4.07608628912e-09,8.04603640865e-11,4.83206895772e-07,6.97713150055e-08,2.25895027821e-07,2.16997840353e-06,8.70223742049e-06,2.24027003994e-10,1.61607014596e-10,6.4718548625e-11,4.22447343992e-11
1.311,2.43192974877e-07,3.90199593166e-09,1.30429490618e-10,4.07450074137e-09,8.03819704436e-11,4.83128550639e-07,6.99014456155e-08,2.25640386938e-07,2.18185113742e-06,8.66705689522e-06,2.23807022014e-10,1.61449063014e-10,6.46557083429e-11,4.22037908805e-11
1.312,2.43288029789e-07,3.82741515285e-09,1.27480979614e-10,4.0680320592e-09,8.02007952251e-11,4.83877885396e-07,6.99935124439e-08,2.25218829649e-07,2.19121208155e-06,8.63041227558e-06,2.23320204116e-10,1.61095926854e-10,6.45092858365e-11,4.21066326966e-11
1.313,2.42710306622e-07,3.75409678141e-09,1.24541764333e-10,4.04031930503e-09,7.96274827865e-11,4.83297915973e-07,7.00433386791e-08,2.24765163538e-07,2.19733850896e-06,8.57700761747e-06,2.21740976798e-10,1.59947627192e-10,6.40469843736e-11,4.18043968877e-11
1.314,2.4271771759e-07,3.67977781524e-09,1.21554104646e-10,3.95683052939e-09,7.79699653025e-11,4.82676709938e-07,7.01820452319e-08,2.24165006858e-07,2.20583255263e-06,8.52538650642e-06,2.17136776356e-10,1.56616745054e-10,6.27126280108e-11,4.09320071169e-11
1.315,2.42603654936e-07,3.61009736876e-09,1.1871393263e-10,3.87918936695e-09,7.6416133962e-11,4.82971494811e-07,7.04280300968e-08,2.23669599126e-07,2.213493112e-06,8.48559842011e-06,2.12816870566e-10,1.53497600291e-10,6.14621495089e-11,4.01159367055e-11
1.316,2.42702608451e-07,3.54258860424e-09,1.15932922734e-10,3.80454466551e-09,7.48841645361e-11,4.83388578039e-07,7.07315396741e-08,2.23268689847e-07,2.22356003618e-06,8.4411872763e-06,2.08553527643e-10,1.50421247361e-10,6.02292159925e-11,3.93113520646e-11
1.317,2.43054242049e-07,3.48293989693e-09,1.13438358072e-10,3.73885098647e-09,7.35430970679e-11,4.84795455728e-07,7.11131422721e-08,2.22923740429e-07,2.23780544111e-06,8.41484717509e-06,2.0480678184e-10,1.47718651879e-10,5.9150749046e-11,3.86086561003e-11
1.318,2.43138040475e-07,3.4173657795e-09,1.1070990074e-10,3.66719047509e-09,7.2035557684e-11,4.85651362329e-07,7.14009457042e-08,2.22375561542e-07,2.25264086411e-06,8.37666236114e-06,2.00616255339e-10,1.44695590025e-10,5.79385393121e-11,3.78167485049e-11
1.319,2.4304735371e-07,3.35285581436e-09,1.07996853105e-10,3.59698172676e-09,7.05246236259e-11,4.87558220897e-07,7.16472275046e-08,2.21590090348e-07,2.26578344951e-06,8.33821695819e-06,1.96414343031e-10,1.41663820336e-10,5.67225141335e-11,3.70221059423e-11
1.32,2.43124080255e-07,3.28821717706e-09,1.05264718689e-10,3.52687414046e-09,6.90004047022e-11,4.89303944634e-07,7.18614369577e-08,2.20712622498e-07,2.27694070709e-06,8.28357765942e-06,1.92188917667e-10,1.38610869381e-10,5.54962245157e-11,3.62205514023e-11
1.321,2.43348779592e-07,3.22415635336e-09,1.02547734431e-10,3.45757430655e-09,6.74876230763e-11,4.90149922048e-07,7.21129599431e-08,2.20066127285e-07,2.28767049987e-06,8.23018565177e-06,1.87987718045e-10,1.35575634159e-10,5.42787730314e-11,3.54250500273e-11
1.322,2.43550137701e-07,3.1623073265e-09,9.98960915137e-11,3.39079119984e-09,6.59995097902e-11,4.8988227131e-07,7.23239995987e-08,2.19501302208e-07,2.30003744633e-06,8.19169467304e-06,1.83850862531e-10,1.32593051673e-10,5.30815412541e-11,3.46428406942e-11
1.323,2.44036325247e-07,3.10224355366e-09,9.73054129187e-11,3.3260320523e-09,6.45496354246e-11,4.90594895047e-07,7.26348865628e-08,2.19047370133e-07,2.31385396737e-06,8.14253488596e-06,1.79822723664e-10,1.29686914873e-10,5.19150334715e-11,3.38812661587e-11
1.324,2.44524198344e-07,3.04350073661e-09,9.47592213742e-11,3.26277584893e-09,6.3111100362e-11,4.90886804581e-07,7.28351583548e-08,2.18652451025e-07,2.32719776781e-06,8.10787866011e-06,1.75828010772e-10,1.2680622631e-10,5.07572017119e-11,3.3125078299e-11
1.325,2.45447564532e-07,2.99165892227e-09,9.24502991012e-11,3.20698451708e-09,6.18336002349e-11,4.92425123744e-07,7.31777690816e-08,2.18545807251e-07,2.34315932456e-06,8.07157660222e-06,1.72265583454e-10,1.24237036011e-10,4.9729911432e-11,3.2455286382e-11
1.326,2.4602116977e-07,2.92865422555e-09,8.97488259757e-11,3.13927825643e-09,6.02791958662e-11,4.92619419396e-07,7.31699517264e-08,2.18003800582e-07,2.35685715696e-06,8.01808092053e-06,1.67959196269e-10,1.21126984553e-10,4.84788936133e-11,3.1636712166e-11
1.327,2.46915750905e-07,2.87550840876e-09,8.73834306238e-11,3.08218116815e-09,5.89483040394e-11,4.93992341522e-07,7.33595887265e-08,2.17973658742e-07,2.37295058602e-06,7.9928000193e-06,1.642546607e-10,1.18456467366e-10,4.74083637948e-11,3.09379786259e-11
1.328,2.47643214169e-07,2.8223380076e-09,8.50157040992e-11,3.02508980888e-09,5.76048308137e-11,4.95694231974e-07,7.35207564871e-08,2.17783746354e-07,2.38976347209e-06,7.94096388874e-06,1.60516130653e-10,1.15759744913e-10,4.63279045844e-11,3.02320672705e-11
1.329,2.48135739123e-07,2.76739317337e-09,8.25917644269e-11,2.96612017527e-09,5.62146357551e-11,4.97103953079e-07,7.36778212604e-08,2.1742109551e-07,2.40654146905e-06,7.89613282734e-06,1.56652546102e-10,1.12969836398e-10,4.52093728515e-11,2.95012792647e-11
1.33,2.48694853645e-07,2.71130003197e-09,8.01356660877e-11,2.90593783783e-09,5.47963337949e-11,4.98755062331e-07,7.374933859e-08,2.16874906349e-07,2.42200938688e-06,7.83882404594e-06,1.52718187513e-10,1.10124935568e-10,4.40678331959e-11,2.87549410808e-11
1.331,2.49412889808e-07,2.65658435189e-09,7.77228636314e-11,2.84724741707e-09,5.33988827002e-11,5.00409240798e-07,7.37342318073e-08,2.16399310304e-07,2.4386799856e-06,7.79441645305e-06,1.48840374229e-10,1.07325724367e-10,4.29431718515e-11,2.80199297328e-11
1.332,2.50216678285e-07,2.60680125158e-09,7.54758820128e-11,2.79385454442e-09,5.21079846792e-11,5.02043215031e-07,7.37502294797e-08,2.1639438628e-07,2.45741667065e-06,7.75945827051e-06,1.45246748433e-10,1.04731600841e-10,4.19044788642e-11,2.73420911906e-11
1.333,2.50732863273e-07,2.55797647872e-09,7.32645469414e-11,2.7414979894e-09,5.083666869e-11,5.04968412905e-07,7.37470583506e-08,2.16499834078e-07,2.47624107977e-06,7.72181108417e-06,1.41711314478e-10,1.0217940506e-10,4.08817955242e-11,2.66742526944e-11
1.334,2.5087862269e-07,2.5073160546e-09,7.09970645249e-11,2.68718116377e-09,4.9507312183e-11,5.07488937733e-07,7.3690102516e-08,2.16513859959e-07,2.49385777986e-06,7.68119066458e-06,1.3801771813e-10,9.95157866078e-11,3.98121007108e-11,2.59753543932e-11
1.335,2.51801690719e-07,2.46257313001e-09,6.89343282154e-11,2.63921228955e-09,4.83178358114e-11,5.09589188098e-07,7.36622091604e-08,2.16470825668e-07,2.5170652129e-06,7.65166340371e-06,1.347085844e-10,9.71293317523e-11,3.88557920606e-11,2.53511920471e-11
1.336,2.52542032694e-07,2.41816825905e-09,6.68791412921e-11,2.59160930084e-09,4.71277011358e-11,5.12234480023e-07,7.37242597718e-08,2.16653813515e-07,2.53818248357e-06,7.61897026194e-06,1.31394170195e-10,9.47370640864e-11,3.78987606922e-11,2.47267896868e-11
1.337,2.53327593394e-07,2.37562969415e-09,6.48888724498e-11,2.54600909697e-09,4.59757775891e-11,5.14163408953e-07,7.38214356682e-08,2.16766924284e-07,2.56240527958e-06,7.58411758323e-06,1.28180732671e-10,9.24225185584e-11,3.69725581505e-11,2.41225094424e-11
1.338,2.53737841699e-07,2.34748601244e-09,6.3576129011e-11,2.49624799363e-09,4.47388310103e-11,5.16481241167e-07,7.38308597806e-08,2.1667905094e-07,2.58388945214e-06,7.5432384093e-06,1.24739994434e-10,8.99380536875e-11,3.59771417299e-11,2.34725435595e-11
1.339,2.54402944895e-07,2.34192124686e-09,6.32153842354e-11,2.48241385354e-09,4.43630319802e-11,5.19602410022e-07,7.3801005962e-08,2.16655736231e-07,2.60707756855e-06,7.50292631647e-06,1.23695898839e-10,8.91831496817e-11,3.56747657322e-11,2.32754051909e-11
1.34,2.55247070843e-07,2.33658259954e-09,6.28996381931e-11,2.47630314795e-09,4.41847827797e-11,5.22677084688e-07,7.37441022811e-08,2.16237252793e-07,2.63165125869e-06,7.46094887766e-06,1.23204621558e-10,8.88282737357e-11,3.55312280828e-11,2.31813832936e-11
1.341,2.55936454595e-07,2.33084744666e-09,6.25992539069e-11,2.46986237119e-09,4.40086022516e-11,5.25584084503e-07,7.37546722588e-08,2.1607425576e-07,2.6550723729e-06,7.42117030265e-06,1.22715731498e-10,8.84771101189e-11,3.5388802767e-11,2.30879595382e-11
1.342,2.56560132503e-07,2.3266435299e-09,6.23678316468e-11,2.46511647557e-09,4.38786482006e-11,5.29197860388e-07,7.37941830477e-08,2.15989175211e-07,2.67889912656e-06,7.38763397462e-06,1.22358026237e-10,8.82200179972e-11,3.52842743154e-11,2.3019384686e-11
1.343,2.56952873136e-07,2.32303990763e-09,6.21767650872e-11,2.46106448093e-09,4.3765674446e-11,5.32733230735e-07,7.37298318968e-08,2.15745311124e-07,2.70155061581e-06,7.35063630782e-06,1.22046468994e-10,8.7994847018e-11,3.51931305036e-11,2.29599235863e-11
1.344,2.57598435771e-07,2.31960220501e-09,6.20099441631e-11,2.4572349155e-09,4.3667361668e-11,5.35574968196e-07,7.35700714613e-08,2.15860415168e-07,2.72462953069e-06,7.32473498905e-06,1.21775518811e-10,8.78009973334e-11,3.51139278716e-11,2.29078376608e-11
1.345,2.58524848783e-07,2.319655837e-09,6.19695459907e-11,2.45714084289e-09,4.36488763971e-11,5.39803065327e-07,7.35560046346e-08,2.15842190415e-07,2.74846723692e-06,7.29604390253e-06,1.21720098273e-10,8.77595628334e-11,3.50990032713e-11,2.28986426051e-11
1.346,2.59361591354e-07,2.31859659103e-09,6.18976280488e-11,2.45589783576e-09,4.36059493435e-11,5.44156910899e-07,7.35428868908e-08,2.16020834572e-07,2.77226829977e-06,7.25840362414e-06,1.21603323791e-10,8.76730983903e-11,3.50647459538e-11,2.28756555825e-11
1.347,2.60458697972e-07,2.31626124667e-09,6.17985272569e-11,2.43867379991e-09,4.32945750764e-11,5.48622037609e-07,7.3575692577e-08,2.15966668945e-07,2.79405961083e-06,7.2232776373e-06,1.20737899791e-10,8.70455517048e-11,3.48141382731e-11,2.2711822768e-11
1.348,2.61541805295e-07,2.31394874561e-09,6.17045882031e-11,2.39121006994e-09,4.24522390113e-11,5.5214547294e-07,7.35525031366e-08,2.15864626929e-07,2.81435125669e-06,7.1984818751e-06,1.1839094228e-10,8.53539512207e-11,3.41368065589e-11,2.22701378719e-11
1.349,2.62089235825e-07,2.31424397779e-09,6.16928735512e-11,2.34761597844e-09,4.1668982071e-11,5.56994956585e-07,7.35631373401e-08,2.15779221718e-07,2.83496640817e-06,7.1831142822e-06,1.16204812595e-10,8.37771021719e-11,3.35072679019e-11,2.1859484246e-11
1.35,2.62854444703e-07,2.31341804011e-09,6.16489995524e-11,2.30393360582e-09,4.086602727e-11,5.61300564045e-07,7.35757203268e-08,2.15828365928e-07,2.85499654393e-06,7.15130891279e-06,1.13966536119e-10,8.21614102033e-11,3.28612130825e-11,2.14380290428e-11
1.351,2.63623210524e-07,2.26668717447e-09,6.04177607824e-11,2.25956616967e-09,4.00313641302e-11,5.65606151241e-07,7.35022297737e-08,2.15973633345e-07,2.87541923502e-06,7.13335266305e-06,1.11641779628e-10,8.04828369828e-11,3.21902158948e-11,2.09995547416e-11
1.352,2.64113075786e-07,2.22042163412e-09,5.9170140815e-11,2.21513064773e-09,3.91888684491e-11,5.69405539858e-07,7.34916263863e-08,2.15798742383e-07,2.8931274453e-06,7.10700416522e-06,1.09297981234e-10,7.87925600585e-11,3.15125978695e-11,2.05571266815e-11
1.353,2.64584405257e-07,2.17661544721e-09,5.79685131612e-11,2.17273689426e-09,3.83714459295e-11,5.73775298479e-07,7.34736347503e-08,2.16073998267e-07,2.90637018029e-06,7.08462938249e-06,1.07021795007e-10,7.7151134972e-11,3.08551472377e-11,2.0128019044e-11
1.354,2.65261134219e-07,2.1342954278e-09,5.67838712836e-11,2.13150622558e-09,3.75691142189e-11,5.78046279392e-07,7.33631232746e-08,2.16231364516e-07,2.91608188702e-06,7.05613320553e-06,1.04791039991e-10,7.55400053413e-11,3.02099908829e-11,1.97065711859e-11
1.355,2.66242868427e-07,2.09313522455e-09,5.56104392118e-11,2.09118716773e-09,3.67750167919e-11,5.81939007306e-07,7.33842633114e-08,2.16308142741e-07,2.92572704938e-06,7.03385205097e-06,1.0257744493e-10,7.39434706698e-11,2.9571444362e-11,1.92898549014e-11
1.356,2.67016397464e-07,2.05333167574e-09,5.44554035724e-11,2.05203200183e-09,3.59927266661e-11,5.87626628238e-07,7.32843854429e-08,2.16648128796e-07,2.93722590564e-06,7.0035030166e-06,1.00400274825e-10,7.23741304381e-11,2.89420067824e-11,1.88788822147e-11
1.357,2.67862850014e-07,2.01217633091e-09,5.32466652408e-11,2.01137609242e-09,3.51729955847e-11,5.9228034606e-07,7.31629960241e-08,2.16669483906e-07,2.94367711291e-06,6.97164411329e-06,9.81203234823e-11,7.0728134095e-11,2.82823912506e-11,1.84484192313e-11
1.358,2.68938778087e-07,1.97351295643e-09,5.21011284123e-11,1.97309381684e-09,3.43951448164e-11,5.96850730484e-07,7.30566180484e-08,2.1737054399e-07,2.94814180713e-06,6.94418776196e-06,9.5954674444e-11,6.91666078613e-11,2.76568971631e-11,1.80398608195e-11
1.359,2.69145737728e-07,1.93472170419e-09,5.0926538002e-11,1.93459567811e-09,3.36004425204e-11,6.01639827383e-07,7.27923553823e-08,2.17860672999e-07,2.95491203715e-06,6.91727087067e-06,9.37427899599e-11,6.75716159443e-11,2.7017601646e-11,1.76221646924e-11
1.36,2.69730277655e-07,1.90055636823e-09,4.98865205917e-11,1.90065368559e-09,3.28936098248e-11,6.07478012206e-07,7.27041728635e-08,2.18889552525e-07,2.96420820412e-06,6.88881472121e-06,9.17680870023e-11,6.61485330648e-11,2.64494382219e-11,1.72515766533e-11
1.361,2.70115801923e-07,1.86382545383e-09,4.87574850832e-11,1.86409180536e-09,3.21336221419e-11,6.13074060922e-07,7.2666670508e-08,2.19122642797e-07,2.97155291846e-06,6.88491903176e-06,8.96478415949e-11,6.46190208281e-11,2.58379821537e-11,1.68524256758e-11
1.362,2.70216618969e-07,1.82496888656e-09,4.75592906311e-11,1.82536222345e-09,3.13250024812e-11,6.18384999408e-07,7.24890152605e-08,2.19095647946e-07,2.97826747442e-06,6.85817267783e-06,8.74008893832e-11,6.29977706458e-11,2.51873555656e-11,1.6427455166e-11
1.363,2.70531225019e-07,1.78994648326e-09,4.64668056321e-11,1.79043457125e-09,3.058338316e-11,6.25467902197e-07,7.23623111416e-08,2.19158214463e-07,2.9852328964e-06,6.8438948337e-06,8.53374000273e-11,6.15096526974e-11,2.45910538438e-11,1.60381092689e-11
1.364,2.70647388271e-07,1.7542673721e-09,4.53425887523e-11,1.7548259065e-09,2.98222120394e-11,6.31234712167e-07,7.22267430587e-08,2.19466930828e-07,2.98551076579e-06,6.8375691097e-06,8.32213054643e-11,5.99840836348e-11,2.39783601199e-11,1.56379154751e-11
1.365,2.71019831636e-07,1.72370796638e-09,4.43610956096e-11,1.72431893678e-09,2.91571178366e-11,6.38459296738e-07,7.21567204221e-08,2.20131383452e-07,2.99084639072e-06,6.81975597479e-06,8.13641506846e-11,5.86445088284e-11,2.3443702994e-11,1.52892021753e-11
1.366,2.71106679781e-07,1.68980930305e-09,4.32768519977e-11,1.69045629797e-09,2.84267042193e-11,6.45490072076e-07,7.21283440861e-08,2.19950734794e-07,2.9948923853e-06,6.80329442288e-06,7.93339880755e-11,5.71789557235e-11,2.28563047959e-11,1.49054764803e-11
1.367,2.72197885581e-07,1.65904887877e-09,4.22728788103e-11,1.65972086893e-09,2.7750772077e-11,6.52390473887e-07,7.19526540519e-08,2.20039465125e-07,2.99840442795e-06,6.79379769839e-06,7.74492466768e-11,5.58206464317e-11,2.23128474996e-11,1.45508229331e-11
1.368,2.7281960012e-07,1.62831007954e-09,4.12640646388e-11,1.62899828536e-09,2.70703264153e-11,6.59147304788e-07,7.18222045639e-08,2.2038689947e-07,2.99848970712e-06,6.78543989788e-06,7.55527228425e-11,5.44547844162e-11,2.17655548855e-11,1.41937622802e-11
1.369,2.73148473577e-07,1.59825012479e-09,4.02728526046e-11,1.59894772719e-09,2.6403966127e-11,6.66921525742e-07,7.17329747481e-08,2.2034324567e-07,2.99824660348e-06,6.78016046598e-06,7.36936575069e-11,5.31157239581e-11,2.12298148432e-11,1.38443055643e-11
1.37,2.73623720574e-07,1.56749075475e-09,3.92568801948e-11,1.56819218818e-09,2.57211241221e-11,6.74252049703e-07,7.15846147109e-08,2.2037094972e-07,2.99982907376e-06,6.7736623803e-06,7.17906005189e-11,5.17444298428e-11,2.0680423621e-11,1.34857747955e-11
1.371,2.74365381664e-07,1.53935429542e-09,3.8310562906e-11,1.54005678704e-09,2.5083628351e-11,6.8130380733e-07,7.1717607069e-08,2.20424022844e-07,3.00322608997e-06,6.7732354495e-06,7.00101255495e-11,5.04607138707e-11,2.01677471444e-11,1.31513879108e-11
1.372,2.74729046435e-07,1.50987168018e-09,3.73224518954e-11,1.51057127604e-09,2.44180168341e-11,6.89161050312e-07,7.17142981279e-08,2.2019741349e-07,3.00583925091e-06,6.76364086905e-06,6.81568342318e-11,4.91248901618e-11,1.96323320522e-11,1.28020783226e-11
1.373,2.7521995374e-07,1.48190315296e-09,3.63752357423e-11,1.48259807521e-09,2.3782029581e-11,6.97289477367e-07,7.17541379e-08,2.19594222742e-07,3.01072904452e-06,6.76099871355e-06,6.63850055794e-11,4.78482778441e-11,1.91210441558e-11,1.24684636535e-11
1.374,2.75886240537e-07,1.45431982937e-09,3.54385971281e-11,1.45500794627e-09,2.31529010662e-11,7.05406244168e-07,7.17985390855e-08,2.19117148508e-07,3.01532731712e-06,6.75963371869e-06,6.46301287556e-11,4.65796223975e-11,1.86148240308e-11,1.21382527933e-11
1.375,2.76518337628e-07,1.42628923674e-09,3.44828359156e-11,1.42696917007e-09,2.2513052624e-11,7.13485198418e-07,7.17216210524e-08,2.18784162169e-07,3.01714229162e-06,6.76423329848e-06,6.28478966204e-11,4.52939470796e-11,1.81002976241e-11,1.18022612512e-11
1.376,2.77389085454e-07,1.39927126548e-09,3.35550589429e-11,1.39994246513e-09,2.18927348597e-11,7.21472490933e-07,7.17793146034e-08,2.18367960062e-07,3.02348302469e-06,6.77389719058e-06,6.11186350401e-11,4.40484204027e-11,1.7601328325e-11,1.1476823614e-11
1.377,2.77700949407e-07,1.37197940473e-09,3.26222705839e-11,1.37264063172e-09,2.12688330189e-11,7.29342219384e-07,7.16699240552e-08,2.17679638201e-07,3.02485122335e-06,6.77843426553e-06,5.93821029716e-11,4.27943098182e-11,1.70993790178e-11,1.11493173014e-11
1.378,2.78073246722e-07,1.34323712672e-09,3.16469693219e-11,1.34388672504e-09,2.06171834579e-11,7.36896844441e-07,7.15393778411e-08,2.17278500138e-07,3.0215870901e-06,6.7807376909e-06,5.75696166433e-11,4.14863587575e-11,1.65749741949e-11,1.08066573727e-11
1.379,2.79006740333e-07,1.31765255692e-09,3.07574776868e-11,1.31829116109e-09,2.00250480844e-11,7.45214672355e-07,7.15341679263e-08,2.16764363497e-07,3.02103324299e-06,6.80136735623e-06,5.59178728217e-11,4.02944581286e-11,1.60987235371e-11,1.04959131176e-11
1.38,2.79854620162e-07,1.29332380052e-09,2.99009719832e-11,1.29395221208e-09,1.94540623638e-11,7.54783857893e-07,7.1562824482e-08,2.16544886748e-07,3.01842235718e-06,6.811970165e-06,5.43246302993e-11,3.91464078463e-11,1.56398470764e-11,1.01962314258e-11
1.381,2.81248191663e-07,1.27080944569e-09,2.90958731221e-11,1.27142770807e-09,1.89148129901e-11,7.63018649163e-07,7.17481258698e-08,2.16410445341e-07,3.01680636647e-06,6.8385208624e-06,5.28193083445e-11,3.80617643452e-11,1.5206406209e-11,9.91362027551e-12
1.382,2.82029074593e-07,1.2467009061e-09,2.82456128889e-11,1.24730827533e-09,1.83470660191e-11,7.70873902426e-07,7.17428212876e-08,2.1614919303e-07,3.01487918072e-06,6.84623702324e-06,5.12366342932e-11,3.69205263586e-11,1.47498069149e-11,9.61573376491e-12
1.383,2.82725034485e-07,1.22302823179e-09,2.74111309424e-11,1.22362462785e-09,1.7787929961e-11,7.80043696692e-07,7.16703698664e-08,2.15605128084e-07,3.0113681775e-06,6.86779949321e-06,4.96810835142e-11,3.57985655584e-11,1.4300141633e-11,9.3224322646e-12
1.384,2.84090898343e-07,1.2013545298e-09,2.66276150927e-11,1.20194057482e-09,1.72656137349e-11,7.88979852067e-07,7.17005401968e-08,2.15418772045e-07,3.00969743806e-06,6.89132832463e-06,4.82223747843e-11,3.47461892744e-11,1.38801762617e-11,9.04849794342e-12
1.385,2.85360985521e-07,1.17987607752e-09,2.58517642905e-11,1.18045208548e-09,1.67500922563e-11,7.98659041765e-07,7.17414089846e-08,2.15310977905e-07,3.008909396e-06,6.92001053522e-06,4.67838852891e-11,3.37097813295e-11,1.3465709799e-11,8.77818147892e-12
1.386,2.86068497965e-07,1.15655949467e-09,2.50287315148e-11,1.15712456791e-09,1.62013733995e-11,8.07530195264e-07,7.16439053386e-08,2.14588123635e-07,3.00738639315e-06,6.9351374795e-06,4.5256040751e-11,3.26085736574e-11,1.30243026006e-11,8.49022115332e-12
1.387,2.87138781074e-07,1.13497052041e-09,2.42554142702e-11,1.13552498943e-09,1.56847615568e-11,8.17065496647e-07,7.16552491587e-08,2.1409122246e-07,3.00557881364e-06,6.95413068213e-06,4.38155077539e-11,3.15696308357e-11,1.26087799228e-11,8.21918694984e-12
1.388,2.88447999165e-07,1.12386714582e-09,2.38223213401e-11,1.11565978338e-09,1.52000849976e-11,8.2786984799e-07,7.16436616975e-08,2.1348282576e-07,3.0043578263e-06,6.98259591959e-06,4.24628417718e-11,3.05943474222e-11,1.22191052427e-11,7.96512500573e-12
1.389,2.89258891662e-07,1.11946241409e-09,2.36422715902e-11,1.09365041972e-09,1.46817958927e-11,8.3754384196e-07,7.14717896158e-08,2.12650903445e-07,3.00362738764e-06,7.00517364196e-06,4.10195721218e-11,2.9554064572e-11,1.18022487738e-11,7.69308912513e-12
1.39,2.90176330775e-07,1.1177665132e-09,2.35448452689e-11,1.07422966469e-09,1.42077282634e-11,8.47346331515e-07,7.15267306897e-08,2.11780465499e-07,3.0037858284e-06,7.0324287786e-06,3.96954777687e-11,2.8599854503e-11,1.1420923081e-11,7.44446538446e-12
1.391,2.90097364447e-07,1.11246383168e-09,2.33737648008e-11,1.05139878172e-09,1.36866031561e-11,8.56210349603e-07,7.1566064685e-08,2.10566476617e-07,2.99948649192e-06,7.03489219648e-06,3.8245125179e-11,2.7553467812e-11,1.10016969486e-11,7.17087128169e-12
1.392,2.90643947351e-07,1.10863569165e-09,2.32454239311e-11,1.04363636958e-09,1.34876545552e-11,8.65100377903e-07,7.15963763709e-08,2.09427338385e-07,2.99554741307e-06,7.04697029893e-06,3.76928829626e-11,2.71554856459e-11,1.08416664756e-11,7.0663204229e-12
1.393,2.91368541304e-07,1.10712908244e-09,2.3179371869e-11,1.04109343878e-09,1.33983416993e-11,8.75181468229e-07,7.16316655801e-08,2.08931981486e-07,2.99463247582e-06,7.06465998856e-06,3.74432874342e-11,2.6975496271e-11,1.07696396879e-11,7.019369169e-12
1.394,2.92112752667e-07,1.10559679325e-09,2.31176998469e-11,1.03874991823e-09,1.33211500474e-11,8.85037280362e-07,7.17239292188e-08,2.08148743234e-07,2.99561638706e-06,7.08233554803e-06,3.72296914259e-11,2.68209714471e-11,1.07074114189e-11,6.97876458228e-12
1.395,2.93052548011e-07,1.10541044545e-09,2.30953285388e-11,1.03784964123e-09,1.32749628265e-11,8.9550026807e-07,7.19115935841e-08,2.07715709202e-07,3.00001423462e-06,7.10788904965e-06,3.71011727493e-11,2.67283507259e-11,1.06701897313e-11,6.95461312689e-12
1.396,2.93620281991e-07,1.10428478972e-09,2.30531536037e-11,1.03621093193e-09,1.32247099566e-11,9.06555224016e-07,7.19589197877e-08,2.07304738042e-07,3.00035266104e-06,7.13671275356e-06,3.69617006057e-11,2.6627515236e-11,1.06298516829e-11,6.92817784949e-12
1.397,2.9463512697e-07,1.10423659996e-09,2.30423704892e-11,1.03569834167e-09,1.31957202244e-11,9.17953888231e-07,7.21962915859e-08,2.07029574857e-07,3.00435451939e-06,7.1520109849e-06,3.68802948012e-11,2.65690770824e-11,1.0606645333e-11,6.91313023371e-12
1.398,2.95697743178e-07,1.10337735789e-09,2.30149415345e-11,1.03451736713e-09,1.31621107093e-11,9.28270274587e-07,7.23791029643e-08,2.06391368536e-07,3.00158395859e-06,7.18698536152e-06,3.67867221693e-11,2.65021925577e-11,1.0579531544e-11,6.89549431138e-12
1.399,2.96033410621e-07,1.10098257562e-09,2.29535691202e-11,1.03197164421e-09,1.3111503493e-11,9.38925995535e-07,7.24318016478e-08,2.05917426591e-07,2.99735166637e-06,7.20370991866e-06,3.66477022303e-11,2.64013295805e-11,1.0538906001e-11,6.86870806893e-12
1.4,2.96926177612e-07,1.10015113325e-09,2.29270731819e-11,1.03095140421e-09,1.30866949294e-11,9.50009163549e-07,7.26058872848e-08,2.05696374075e-07,2.99558691711e-06,7.23873397683e-06,3.65784861648e-11,2.63515590717e-11,1.05189042293e-11,6.85569563783e-12
1.401,2.97397852483e-07,1.07671221e-09,2.2440265631e-11,1.02846644196e-09,1.30406069371e-11,9.6029139587e-07,7.25485765932e-08,2.05413850567e-07,2.99390793987e-06,7.24713824209e-06,3.64523548815e-11,2.62594838144e-11,1.04817157329e-11,6.83118357279e-12
1.402,2.98605886903e-07,1.05605818914e-09,2.20088699684e-11,1.0279793016e-09,1.30271224676e-11,9.71180972581e-07,7.26126231809e-08,2.05371036509e-07,2.99543623608e-06,7.27695159156e-06,3.64154187626e-11,2.62318594749e-11,1.0470745791e-11,6.82397672604e-12
1.403,2.99550599025e-07,1.03462065707e-09,2.15464205272e-11,1.02613941098e-09,1.29942384762e-11,9.81854395574e-07,7.24734112753e-08,2.05075483004e-07,2.99610221919e-06,7.29441546151e-06,3.63256232847e-11,2.61661651856e-11,1.0444172903e-11,6.80660703755e-12
1.404,3.00820605831e-07,1.01503028535e-09,2.11171319356e-11,1.02558520574e-09,1.29805833214e-11,9.91681211847e-07,7.24175028365e-08,2.04757212274e-07,2.99587964162e-06,7.32844535513e-06,3.62885417705e-11,2.61392664775e-11,1.04332126866e-11,6.79939306396e-12
1.405,3.02352654937e-07,9.96171966483e-10,2.0699179644e-11,1.02528948576e-09,1.2972730285e-11,1.00071371262e-06,7.23638658992e-08,2.04930011751e-07,2.99618641301e-06,7.36628705732e-06,3.62669735666e-11,2.61233734442e-11,1.0426737456e-11,6.7952566913e-12
1.406,3.03322376023e-07,9.76889312464e-10,2.02619559437e-11,1.02409270931e-09,1.2952330879e-11,1.0100077268e-06,7.2213349659e-08,2.04491004575e-07,2.99624949883e-06,7.39477234322e-06,3.62108682631e-11,2.60832044167e-11,1.04103080788e-11,6.78459757185e-12
1.407,3.04683692666e-07,9.58560852592e-10,1.9839195918e-11,1.00359962903e-09,1.26951318612e-11,1.02014516726e-06,7.19745480061e-08,2.04486498884e-07,2.99771682672e-06,7.43164712374e-06,3.54926408363e-11,2.55657519887e-11,1.02034647872e-11,6.64975159371e-12
1.408,3.0637977066e-07,9.4126556413e-10,1.94361596226e-11,9.84499119252e-10,1.24516384433e-11,1.03066593809e-06,7.17894862203e-08,2.04596519891e-07,2.99777339726e-06,7.46596391007e-06,3.48115608928e-11,2.50747667878e-11,1.00078213451e-11,6.52217359062e-12
1.409,3.07431445052e-07,9.20980792398e-10,1.89598682209e-11,9.62514858088e-10,1.21613520937e-11,1.03928074396e-06,7.15338054758e-08,2.03890631824e-07,2.99361191267e-06,7.48788384448e-06,3.40037116315e-11,2.44921565672e-11,9.77422345093e-12,6.36967670043e-12
1.41,3.08968747808e-07,9.0264637611e-10,1.85247328847e-11,9.42759062913e-10,1.18962332857e-11,1.04825445146e-06,7.12849426438e-08,2.03914636416e-07,2.99119442373e-06,7.50523993048e-06,3.32648612876e-11,2.39596992723e-11,9.56098830384e-12,6.23053378087e-12
1.411,3.10829116463e-07,8.85475550086e-10,1.81108028854e-11,9.24364295373e-10,1.16457913294e-11,1.05729051318e-06,7.11987134363e-08,2.04092356775e-07,2.99055835227e-06,7.52869782873e-06,3.25654156034e-11,2.34557660604e-11,9.35958647433e-12,6.09908258409e-12
1.412,3.12883313076e-07,8.69199960777e-10,1.77161521649e-11,9.07016470366e-10,1.14071935293e-11,1.06344360413e-06,7.10906994885e-08,2.04257108408e-07,2.99144608959e-06,7.55356137553e-06,3.18996358422e-11,2.29757671445e-11,9.16778459937e-12,5.97395657612e-12
1.413,3.14245895129e-07,8.53353901144e-10,1.73265964283e-11,8.90203703098e-10,1.11718175695e-11,1.06653675812e-06,7.09245975103e-08,2.04574924624e-07,2.99280950381e-06,7.57976790957e-06,3.12416764579e-11,2.25015802909e-11,8.97858626716e-12,5.85055824493e-12
1.414,3.15686928596e-07,8.37105004197e-10,1.69236676227e-11,8.73038211572e-10,1.09281651702e-11,1.06718387565e-06,7.06620902766e-08,2.04837058564e-07,2.99131135174e-06,7.58820514153e-06,3.05612934092e-11,2.20111976023e-11,8.78267428693e-12,5.72291096243e-12
1.415,3.17390534394e-07,8.21268686452e-10,1.65264400387e-11,8.56355495916e-10,1.06880566648e-11,1.06752168156e-06,7.03987779685e-08,2.05194047524e-07,2.9928656522e-06,7.59517976734e-06,2.9890892641e-11,2.15276568613e-11,8.58956139696e-12,5.59697901726e-12
1.416,3.1897815051e-07,8.05894704862e-10,1.61396439865e-11,8.40195352506e-10,1.04536988363e-11,1.06766009872e-06,7.01879406208e-08,2.05583459462e-07,2.99155377212e-06,7.62205849787e-06,2.92359530797e-11,2.10564538523e-11,8.4011446852e-12,5.47407808285e-12
1.417,3.20754423662e-07,7.9087900965e-10,1.57569849514e-11,8.24440263701e-10,1.02204940939e-11,1.06619525227e-06,7.00518705241e-08,2.0625615156e-07,2.99211939785e-06,7.64250512188e-06,2.8584934495e-11,2.0587996931e-11,8.21367518552e-12,5.35182425989e-12
1.418,3.2218557801e-07,7.75282698003e-10,1.53603120577e-11,8.08104390501e-10,9.97842216543e-12,1.06474349178e-06,6.98760154719e-08,2.06624008796e-07,2.99117568196e-06,7.65180003748e-06,2.79097950705e-11,2.01004463925e-11,8.01897953613e-12,5.22484464225e-12
1.419,3.23592446804e-07,7.595936979e-10,1.49619650313e-11,7.91690951976e-10,9.73474629378e-12,1.06244790111e-06,6.95916008562e-08,2.07108834258e-07,2.98536203002e-06,7.66955904862e-06,2.72302266022e-11,1.96107599435e-11,7.82308428635e-12,5.0970398916e-12
1.42,3.25147974884e-07,7.44483266968e-10,1.4571846053e-11,7.75895338631e-10,9.49573875095e-12,1.05987557163e-06,6.9361986268e-08,2.07757536059e-07,2.97849226558e-06,7.69738995757e-06,2.65626689986e-11,1.91294897169e-11,7.63083544521e-12,4.97162240614e-12
1.421,3.26607555675e-07,7.29543962723e-10,1.41854407475e-11,7.6028954229e-10,9.25872286829e-12,1.05721196871e-06,6.92357506433e-08,2.08357976087e-07,2.97458030612e-06,7.70707508909e-06,2.59012225456e-11,1.86524253611e-11,7.44031291916e-12,4.84732968207e-12
1.422,3.28568459099e-07,7.15735065788e-10,1.38232512693e-11,7.45870637405e-10,9.03575492927e-12,1.05407074792e-06,6.91412324363e-08,2.09292293549e-07,2.97335754249e-06,7.72019700208e-06,2.52793054323e-11,1.82041820971e-11,7.26103436404e-12,4.73049239011e-12
1.423,3.30168170824e-07,7.0250315293e-10,1.34739176523e-11,7.32059848135e-10,8.82235554277e-12,1.04962482894e-06,6.90172760764e-08,2.1000281223e-07,2.97122648475e-06,7.72996584635e-06,2.46819180278e-11,1.77738475379e-11,7.08953554178e-12,4.61876463083e-12
1.424,3.3155486996e-07,6.88556864279e-10,1.31063587625e-11,7.17509909869e-10,8.59584634851e-12,1.0442942867e-06,6.89043519191e-08,2.10841751676e-07,2.9645842528e-06,7.73420237364e-06,2.40501169962e-11,1.73183361924e-11,6.9074175549e-12,4.49994675528e-12
1.425,3.33457705102e-07,6.76312044909e-10,1.27755068924e-11,7.04737173185e-10,8.39430005269e-12,1.03953407971e-06,6.88388929496e-08,2.12113366606e-07,2.95990385767e-06,7.74406523033e-06,2.34855513244e-11,1.69113801381e-11,6.74541142063e-12,4.39441029308e-12
1.426,3.35475374654e-07,6.63814707409e-10,1.24383621517e-11,6.91704373799e-10,8.18770039448e-12,1.03396177432e-06,6.87735549084e-08,2.1304922292e-07,2.95564080624e-06,7.74559619938e-06,2.29073565464e-11,1.64944173484e-11,6.57926895135e-12,4.28618135632e-12
1.427,3.37421480606e-07,6.51162678005e-10,1.20977923091e-11,6.78512844929e-10,7.97789447698e-12,1.02785489455e-06,6.87485467899e-08,2.13887398841e-07,2.94930057033e-06,7.75014571173e-06,2.23216567195e-11,1.60725279112e-11,6.41061431152e-12,4.17618275275e-12
1.428,3.39392347458e-07,6.39343834055e-10,1.17759799743e-11,6.66191435188e-10,7.78099782236e-12,1.02252147962e-06,6.86941819614e-08,2.15130789854e-07,2.94476906739e-06,7.73677574284e-06,2.17707335908e-11,1.56756502165e-11,6.25247912585e-12,4.07314732241e-12
1.429,3.41443656705e-07,6.27807855161e-10,1.14600266019e-11,6.54166246921e-10,7.58608303558e-12,1.01831023346e-06,6.86102637503e-08,2.16454124258e-07,2.9384957426e-06,7.72330054759e-06,2.12255995503e-11,1.52827116005e-11,6.09587791377e-12,3.97111458774e-12
1.43,3.42973674365e-07,6.16292953407e-10,1.11424860305e-11,6.42164181374e-10,7.39102112012e-12,1.01490187421e-06,6.85340057006e-08,2.17870779329e-07,2.9319206457e-06,7.71211442556e-06,2.06800142216e-11,1.48898971946e-11,5.93911538429e-12,3.86886803636e-12
1.431,3.44390834922e-07,6.03756095033e-10,1.08049654888e-11,6.29098093754e-10,7.18094451421e-12,1.00892398529e-06,6.8415982266e-08,2.1891244294e-07,2.92357935889e-06,7.66627610161e-06,2.00939920441e-11,1.44668775515e-11,5.77026706576e-12,3.75869802e-12
1.432,3.46277235788e-07,5.91859876353e-10,1.04798180996e-11,6.16700241108e-10,6.97857871577e-12,1.00350877383e-06,6.83433691782e-08,2.20082644658e-07,2.91833397734e-06,7.64568424151e-06,1.95297285423e-11,1.40601614598e-11,5.60754378154e-12,3.65257028022e-12
1.433,3.48300439074e-07,5.8008491884e-10,1.01575988471e-11,6.04429320686e-10,6.77755083784e-12,9.98604581042e-07,6.82309562193e-08,2.21231654703e-07,2.91319127336e-06,7.61130626051e-06,1.89692025549e-11,1.3656560871e-11,5.44591264018e-12,3.54719740556e-12
1.434,3.50697116073e-07,5.69429795788e-10,9.85845444021e-12,5.93325716965e-10,6.59285311052e-12,9.94126139287e-07,6.81073347554e-08,2.22681122007e-07,2.91159667071e-06,7.58401248057e-06,1.84522755061e-11,1.3283784804e-11,5.29739570691e-12,3.45036258575e-12
1.435,3.52727638501e-07,5.58320644953e-10,9.55311498149e-12,5.81749296006e-10,6.40232711745e-12,9.90461912205e-07,6.79706118632e-08,2.23601238661e-07,2.91074153209e-06,7.54582569256e-06,1.79200950553e-11,1.29007449852e-11,5.14431787246e-12,3.35057076792e-12
1.436,3.54968412741e-07,5.47808217611e-10,9.25896388624e-12,5.70794912651e-10,6.21941414506e-12,9.8713997964e-07,6.7888328542e-08,2.24944862667e-07,2.90926570842e-06,7.51004029049e-06,1.74083673272e-11,1.25320873379e-11,4.99727394484e-12,3.25478293773e-12
1.437,3.57167691941e-07,5.37297857542e-10,8.96636582598e-12,5.59842813998e-10,6.03618690727e-12,9.8245755223e-07,6.78351833701e-08,2.26245491697e-07,2.90680534473e-06,7.48032155955e-06,1.68968360057e-11,1.21634209935e-11,4.84997052128e-12,3.15874404473e-12
1.438,3.59431602837e-07,5.30729394244e-10,8.77949019779e-12,5.48691389157e-10,5.85051654021e-12,9.77939869452e-07,6.77539510409e-08,2.27682124719e-07,2.90428111676e-06,7.44815696374e-06,1.63789748347e-11,1.17904525132e-11,4.70073054677e-12,3.06143912274e-12
1.439,3.61887027557e-07,5.29048799579e-10,8.72173118558e-12,5.38272181738e-10,5.6746838696e-12,9.73307465343e-07,6.77649899172e-08,2.29203169488e-07,2.90133217804e-06,7.41943306619e-06,1.5887335839e-11,1.1436234868e-11,4.55937829419e-12,2.96938997828e-12
1.44,3.64476788181e-07,5.27454556687e-10,8.67154738053e-12,5.27918993447e-10,5.50003991333e-12,9.68185899503e-07,6.78001639356e-08,2.30739761127e-07,2.89656535831e-06,7.39230211692e-06,1.53994284395e-11,1.1084912214e-11,4.41899257073e-12,2.87784913159e-12
1.441,3.66928181586e-07,5.26233040334e-10,8.63133011534e-12,5.1795884446e-10,5.3306371959e-12,9.63969328629e-07,6.78927055267e-08,2.32599500892e-07,2.88989165673e-06,7.36814501481e-06,1.49259323748e-11,1.07439158426e-11,4.28285937704e-12,2.78909133388e-12
1.442,3.69543345243e-07,5.25188968816e-10,8.59830230181e-12,5.08222762991e-10,5.16415850339e-12,9.59322387587e-07,6.80260860957e-08,2.34388994425e-07,2.88422740892e-06,7.3464287654e-06,1.44608172476e-11,1.04089107654e-11,4.14899770466e-12,2.70188900526e-12
1.443,3.72492967959e-07,5.2446599956e-10,8.57435078062e-12,4.98868396202e-10,5.00309665554e-12,9.5498750608e-07,6.80189974833e-08,2.36003314836e-07,2.87813388728e-06,7.32101469462e-06,1.40103881615e-11,1.00845250824e-11,4.0195474806e-12,2.6175571468e-12
1.444,3.75396574185e-07,5.23000200352e-10,8.53846183072e-12,4.88907982783e-10,4.83599403135e-12,9.50406940055e-07,6.79952616178e-08,2.37928109616e-07,2.87210344217e-06,7.2908564566e-06,1.3543721176e-11,9.74856327067e-12,3.8852153524e-12,2.52995528242e-12
1.445,3.78116896201e-07,5.2197636238e-10,8.5118673749e-12,4.7948368825e-10,4.67540590423e-12,9.44995851816e-07,6.80190833207e-08,2.39575250865e-07,2.8630588621e-06,7.25762971293e-06,1.3095029253e-11,9.42507026742e-12,3.75610835659e-12,2.44579927489e-12
1.446,3.81124892781e-07,5.20957583643e-10,8.48701950544e-12,4.70192572465e-10,4.51711434337e-12,9.40317531184e-07,6.81471563675e-08,2.41204968401e-07,2.85153087638e-06,7.23286894825e-06,1.26528496722e-11,9.10655806883e-12,3.62882917794e-12,2.36289556207e-12
1.447,3.84528952671e-07,5.20700626973e-10,8.47870900249e-12,4.61714743658e-10,4.36944786991e-12,9.36869440023e-07,6.82901177685e-08,2.43492051471e-07,2.84208820147e-06,7.21753767093e-06,1.22394649062e-11,8.80906155155e-12,3.51020351806e-12,2.28556851097e-12
1.448,3.87922322642e-07,5.20693627934e-10,8.47516503233e-12,4.53575592988e-10,4.22588030482e-12,9.33784413166e-07,6.83740820666e-08,2.45615580897e-07,2.83374547237e-06,7.19674713554e-06,1.1837819996e-11,8.51982779975e-12,3.39481857528e-12,2.21041452924e-12
1.449,3.91068042139e-07,5.19860475749e-10,8.45635172667e-12,4.44847751275e-10,4.07688618204e-12,9.29997221577e-07,6.84126095659e-08,2.47466647815e-07,2.82161887703e-06,7.18298663899e-06,1.14211918807e-11,8.21968457604e-12,3.27507787968e-12,2.13236429971e-12
1.45,3.9410868731e-07,5.18801318175e-10,8.43407990661e-12,4.36076835453e-10,3.92873389357e-12,9.26431954168e-07,6.85499940396e-08,2.49576012491e-07,2.81030763541e-06,7.17071363743e-06,1.10070461482e-11,7.92143286536e-12,3.15600147759e-12,2.05475874922e-12
1.451,3.97111629999e-07,5.08095208363e-10,8.26158763836e-12,4.27676453144e-10,3.78625115185e-12,9.2312722117e-07,6.87001302911e-08,2.51475951746e-07,2.80027319004e-06,7.15511824322e-06,1.06083364214e-11,7.63430004955e-12,3.04148737849e-12,1.98013307544e-12
1.452,4.00358459512e-07,4.97652895752e-10,8.08932948979e-12,4.19351218477e-10,3.64479427931e-12,9.18766703867e-07,6.88878244918e-08,2.53460544789e-07,2.79154335298e-06,7.13992834876e-06,1.02129828e-11,7.34961861205e-12,2.92778699271e-12,1.90604364572e-12
1.453,4.03892353169e-07,4.89045540572e-10,7.94769057256e-12,4.12459189524e-10,3.51997918336e-12,9.15918245227e-07,6.91472397958e-08,2.55846210379e-07,2.78386909795e-06,7.13685391833e-06,9.863182397e-12,7.09788979706e-12,2.82753808679e-12,1.84080573898e-12
1.454,4.06967305567e-07,4.79278232895e-10,7.78027911583e-12,4.04501635897e-10,3.38539096482e-12,9.11834180008e-07,6.92986650929e-08,2.5823753693e-07,2.773378879e-06,7.11950018584e-06,9.48696440996e-12,6.82724485e-12,2.71942603324e-12,1.77030951562e-12
1.455,4.10188010742e-07,4.69878503183e-10,7.61605500423e-12,3.96785717754e-10,3.25417005938e-12,9.07208130958e-07,6.93819073669e-08,2.60434242308e-07,2.76598285555e-06,7.10214249562e-06,9.12009618922e-12,6.56340886516e-12,2.61400160724e-12,1.70162140027e-12
1.456,4.13904503555e-07,4.60739890301e-10,7.45414905976e-12,3.89237178616e-10,3.12590374972e-12,9.02753671576e-07,6.94444625537e-08,2.62527006749e-07,2.7583447047e-06,7.0825089647e-06,8.76090414967e-12,6.30494664607e-12,2.51092852564e-12,1.63447064905e-12
1.457,4.17329389754e-07,4.51578718994e-10,7.29041910229e-12,3.81628405978e-10,2.99852897989e-12,8.9850386129e-07,6.94374672409e-08,2.65193725851e-07,2.74872181384e-06,7.06020055371e-06,8.40481713686e-12,6.0486049895e-12,2.4085479526e-12,1.56774834403e-12
1.458,4.21232175809e-07,4.42921759501e-10,7.13284664367e-12,3.76223286259e-10,2.90285139533e-12,8.94286887004e-07,6.95936122484e-08,2.68015018015e-07,2.73938836094e-06,7.03615724551e-06,8.13724943569e-12,5.85612655557e-12,2.33165205974e-12,1.51764412486e-12
1.459,4.25160788937e-07,4.34891430688e-10,6.98472281685e-12,3.75395946016e-10,2.87395946445e-12,8.9059024132e-07,6.97705288675e-08,2.70519085231e-07,2.72967336147e-06,7.02967618086e-06,8.056450582e-12,5.79779023402e-12,2.30842271348e-12,1.50251874984e-12
1.46,4.28611644219e-07,4.26031276036e-10,6.81989997426e-12,3.73857797122e-10,2.84285818282e-12,8.84628431268e-07,6.97956380622e-08,2.73152242021e-07,2.71581648838e-06,7.00007630716e-06,7.9701293128e-12,5.73537007188e-12,2.28337513576e-12,1.48614915249e-12
1.461,4.3236536147e-07,4.18793025724e-10,6.68266152949e-12,3.73726567028e-10,2.82784980746e-12,8.79895274096e-07,7.00273405759e-08,2.76175422431e-07,2.70219124237e-06,6.9997520436e-06,7.92791742974e-12,5.70513058033e-12,2.27133961946e-12,1.47831363806e-12
1.462,4.35199382664e-07,4.10335090588e-10,6.52313202735e-12,3.72469892562e-10,2.80574409132e-12,8.73743959681e-07,7.01110093002e-08,2.78736475281e-07,2.68454537433e-06,6.97812939083e-06,7.86668968878e-12,5.66108634314e-12,2.25355511937e-12,1.46667534914e-12
1.463,4.3830403136e-07,4.02976724309e-10,6.38252651708e-12,3.72149202718e-10,2.79414987573e-12,8.69222380522e-07,7.03725780706e-08,2.81428066177e-07,2.67284543537e-06,6.96332738696e-06,7.83422571285e-12,5.63784796247e-12,2.2442416003e-12,1.4606436937e-12
1.464,4.41230274092e-07,3.95820828653e-10,6.24378189858e-12,3.71955093815e-10,2.78560685968e-12,8.64799239645e-07,7.05663226359e-08,2.84583545168e-07,2.66081441602e-06,6.94094834426e-06,7.81005193937e-12,5.62038608511e-12,2.23738658941e-12,1.45616776093e-12
1.465,4.43296244244e-07,3.87271732562e-10,6.07915157951e-12,3.70355963936e-10,2.7662285415e-12,8.59536765629e-07,7.05964036636e-08,2.86951848928e-07,2.6435403059e-06,6.89116696382e-06,7.75655867294e-12,5.58150541202e-12,2.22174537041e-12,1.44593564319e-12
1.466,4.45327334087e-07,3.79848115763e-10,5.93362893534e-12,3.69717631208e-10,2.75600055559e-12,8.55660541934e-07,7.07789696958e-08,2.89638261931e-07,2.63087303779e-06,6.86855966046e-06,7.72830722015e-12,5.56114971065e-12,2.213540817e-12,1.44057230654e-12
1.467,4.46727600588e-07,3.71752922796e-10,5.77590230291e-12,3.6830542153e-10,2.73979827574e-12,8.51526816182e-07,7.07174904793e-08,2.92088392957e-07,2.61458444184e-06,6.8283917474e-06,7.68352100375e-12,5.52880603303e-12,2.2004817268e-12,1.43200406473e-12
1.468,4.49028944546e-07,3.6499408137e-10,5.64047975424e-12,3.68096839445e-10,2.73477894404e-12,8.48842538778e-07,7.09267604831e-08,2.95305367834e-07,2.6066755556e-06,6.81052038823e-06,7.66960762748e-12,5.51880837453e-12,2.19644891586e-12,1.42935603572e-12
1.469,4.50027498702e-07,3.57803364222e-10,5.49747722926e-12,3.67339064639e-10,2.72622985823e-12,8.45600695268e-07,7.10264426405e-08,2.9790811575e-07,2.59651361004e-06,6.78091358318e-06,7.64589144109e-12,5.5016389482e-12,2.18958033934e-12,1.4248459284e-12
1.47,4.51402451621e-07,3.50799541838e-10,5.35730876584e-12,3.66646016916e-10,2.71845420313e-12,8.4317535975e-07,7.12272340757e-08,3.00641960143e-07,2.58820560165e-06,6.76015662835e-06,7.6245706673e-12,5.48618857113e-12,2.18334155803e-12,1.42075311602e-12
1.471,4.52298605725e-07,3.43594302404e-10,5.21224054062e-12,3.65607104222e-10,2.70787455187e-12,8.39619923978e-07,7.1463983826e-08,3.03580415155e-07,2.58038284047e-06,6.74360184347e-06,7.59558117334e-12,5.46503773746e-12,2.17480404594e-12,1.41514157847e-12
1.472,4.53011648973e-07,3.37243452371e-10,5.08153308384e-12,3.65346547265e-10,2.70476078366e-12,8.35738860911e-07,7.17386282136e-08,3.0661367052e-07,2.57388359569e-06,6.73347248279e-06,7.58698229752e-12,5.45872655647e-12,2.17231886881e-12,1.41351430648e-12
1.473,4.54474123284e-07,3.31161283675e-10,4.95509962608e-12,3.65261367751e-10,2.70322261858e-12,8.32212783577e-07,7.20300730027e-08,3.10049857002e-07,2.5688815601e-06,6.71716452724e-06,7.58251029579e-12,5.45549952e-12,2.17109300097e-12,1.41271141462e-12
1.474,4.56020680689e-07,3.25692518851e-10,4.83912429779e-12,3.65748424993e-10,2.70718178082e-12,8.30623389485e-07,7.24793834461e-08,3.13862775525e-07,2.56893876872e-06,6.7105339367e-06,7.59329096471e-12,5.46354836695e-12,2.17429803298e-12,1.4148281839e-12
1.475,4.5676215008e-07,3.19269139959e-10,4.70611813845e-12,3.64463264719e-10,2.69616381175e-12,8.27423123749e-07,7.27774214007e-08,3.1644384163e-07,2.56543293611e-06,6.69766804088e-06,7.56288061941e-12,5.44163970032e-12,2.16540734661e-12,1.40903720214e-12
1.476,4.57608999554e-07,3.13421819409e-10,4.58284975792e-12,3.57157518953e-10,2.64276832236e-12,8.25947317724e-07,7.31503203158e-08,3.19299366117e-07,2.56582333227e-06,6.6898083028e-06,7.41337155281e-12,5.33410041936e-12,2.12251425151e-12,1.38110002097e-12
1.477,4.58564379792e-07,3.07646602224e-10,4.4607773693e-12,3.50087366553e-10,2.59044709022e-12,8.23873693256e-07,7.34578772125e-08,3.21394140644e-07,2.56296311444e-06,6.67694910752e-06,7.26668733391e-12,5.22854945318e-12,2.08049716472e-12,1.35373658822e-12
1.478,4.58353143094e-07,3.01689075848e-10,4.33540865925e-12,3.42929168268e-10,2.53552574685e-12,8.22620966437e-07,7.37822123841e-08,3.23220966194e-07,2.56005483594e-06,6.66586426854e-06,7.11303424693e-12,5.11779072276e-12,2.03635731607e-12,1.32497152026e-12
1.479,4.58785414805e-07,2.96153253607e-10,4.21754845198e-12,3.36342805133e-10,2.48432324032e-12,8.22007309703e-07,7.41438984781e-08,3.24818030695e-07,2.55932836306e-06,6.6603742207e-06,6.96959705349e-12,5.01442261669e-12,1.99523395817e-12,1.29821962071e-12
1.48,4.59201737653e-07,2.90392874464e-10,4.0956614859e-12,3.29573040514e-10,2.43029335937e-12,8.21521804746e-07,7.45405315866e-08,3.267022602e-07,2.55903026255e-06,6.65072765252e-06,6.81836967177e-12,4.90561065265e-12,1.95182782085e-12,1.26992304931e-12
1.481,4.59104583065e-07,2.84637458072e-10,3.97386342711e-12,3.22864714344e-10,2.3761221577e-12,8.19784121106e-07,7.48862345711e-08,3.28146437781e-07,2.55942001384e-06,6.64706589526e-06,6.66668658525e-12,4.79639885877e-12,1.90826469181e-12,1.24157306155e-12
1.482,4.59155293332e-07,2.79402793447e-10,3.86065649549e-12,3.16790348369e-10,2.32636915165e-12,8.17986873785e-07,7.5315161366e-08,3.29884978429e-07,2.56085384003e-06,6.63945760941e-06,6.5271440505e-12,4.69593280835e-12,1.86828497153e-12,1.21553777471e-12
1.483,4.59244387247e-07,2.74753410098e-10,3.75609795422e-12,3.1141267779e-10,2.28158762763e-12,8.17072082743e-07,7.56374088127e-08,3.31310619398e-07,2.56387538406e-06,6.64190183642e-06,6.40138772221e-12,4.60561598225e-12,1.83233568211e-12,1.19216936098e-12
1.484,4.59121716734e-07,2.69256330399e-10,3.63884230987e-12,3.0509982801e-10,2.22808854201e-12,8.1568332512e-07,7.58398744844e-08,3.32151789142e-07,2.56405353303e-06,6.63503565416e-06,6.25164874453e-12,4.49787846011e-12,1.78933360258e-12,1.16417777309e-12
1.485,4.58721217385e-07,2.63859602994e-10,3.52357528962e-12,2.98921026103e-10,2.17561033812e-12,8.1416735505e-07,7.60827329665e-08,3.32646379106e-07,2.56429732008e-06,6.63032271458e-06,6.10496332975e-12,4.39234892986e-12,1.74717461631e-12,1.13673902749e-12
1.486,4.58631364062e-07,2.58607542594e-10,3.41099131464e-12,2.92921615173e-10,2.12396152157e-12,8.12485726324e-07,7.6384806252e-08,3.33067144505e-07,2.56508941166e-06,6.62247382103e-06,5.9604039251e-12,4.28832087248e-12,1.70568287595e-12,1.10972656055e-12
1.487,4.58592368398e-07,2.53763792204e-10,3.30487987051e-12,2.87396808488e-10,2.07590967897e-12,8.11540225125e-07,7.66408388067e-08,3.33127181318e-07,2.56505497597e-06,6.62586749771e-06,5.82577127512e-12,4.19138893985e-12,1.66710508118e-12,1.08462959764e-12
1.488,4.58433700158e-07,2.51064371461e-10,3.24217695815e-12,2.82095145677e-10,2.02910927154e-12,8.12146340942e-07,7.68555444339e-08,3.33186203931e-07,2.56795592329e-06,6.63201418458e-06,5.69459194898e-12,4.09707370361e-12,1.62950023091e-12,1.06015498934e-12
1.489,4.58130108943e-07,2.5033179538e-10,3.2217305311e-12,2.76784196188e-10,1.98182416634e-12,8.11539815845e-07,7.69566955223e-08,3.33841797209e-07,2.56529781416e-06,6.64037121703e-06,5.56202699316e-12,4.00162209035e-12,1.59150916728e-12,1.03542848263e-12
1.49,4.58239730445e-07,2.50077427074e-10,3.21063115442e-12,2.71986257711e-10,1.93889243868e-12,8.12853918255e-07,7.7287473243e-08,3.34574927603e-07,2.56648221935e-06,6.65270471389e-06,5.44136711333e-12,3.91485557497e-12,1.55703164719e-12,1.01300032009e-12
1.491,4.57475882526e-07,2.48920540043e-10,3.18758693197e-12,2.66222504985e-10,1.88728584603e-12,8.12341216561e-07,7.74242019192e-08,3.34605999287e-07,2.56231774766e-06,6.6542477953e-06,5.29710111778e-12,3.81091390684e-12,1.51553898167e-12,9.85953355103e-13
1.492,4.57534676337e-07,2.4866211245e-10,3.17900728509e-12,2.61454904452e-10,1.84353698878e-12,8.13308235603e-07,7.78143946348e-08,3.35013983156e-07,2.56259941249e-06,6.6603304258e-06,5.17437277647e-12,3.72272219314e-12,1.48041178219e-12,9.630910988e-13
1.493,4.57435055246e-07,2.48454512261e-10,3.17183244863e-12,2.56773135375e-10,1.80049614659e-12,8.14122359268e-07,7.80511414026e-08,3.35300726656e-07,2.56082872646e-06,6.67588768148e-06,5.05352496491e-12,3.63567963843e-12,1.44585155354e-12,9.40589367629e-13
1.494,4.57515804812e-07,2.47807552095e-10,3.15916384641e-12,2.52777484991e-10,1.76383504276e-12,8.13960658653e-07,7.82744391756e-08,3.35392901652e-07,2.55838735396e-06,6.69052479753e-06,4.9510374928e-12,3.56209617477e-12,1.41640009446e-12,9.21392568545e-13
1.495,4.58040844693e-07,2.47546271083e-10,3.15314630302e-12,2.52192384585e-10,1.75804933451e-12,8.1531735154e-07,7.8669893787e-08,3.35522263901e-07,2.5547865514e-06,6.70452027185e-06,4.93492076654e-12,3.5504792154e-12,1.41175214376e-12,9.18356127914e-13
1.496,4.57522761342e-07,2.4700227345e-10,3.1433376232e-12,2.51382800205e-10,1.7502990116e-12,8.17311659876e-07,7.8834656669e-08,3.35498824318e-07,2.54851265375e-06,6.71445425199e-06,4.9134121167e-12,3.5350301316e-12,1.40550386286e-12,9.14261975759e-13
1.497,4.57437689152e-07,2.46756765121e-10,3.13835792143e-12,2.50928054697e-10,1.74582470289e-12,8.17718207217e-07,7.91605052735e-08,3.35740178337e-07,2.54116864303e-06,6.71961280079e-06,4.9008864589e-12,3.52596563307e-12,1.40190775366e-12,9.11924217922e-13
1.498,4.56680589707e-07,2.46195691301e-10,3.12879249826e-12,2.50193358376e-10,1.7392711132e-12,8.17541498811e-07,7.94103035384e-08,3.35593458545e-07,2.53243041623e-06,6.73891666731e-06,4.88277257661e-12,3.51290165967e-12,1.39663343656e-12,9.08468049737e-13
1.499,4.56061612531e-07,2.45977478255e-10,3.12482776863e-12,2.498399193e-10,1.73594944905e-12,8.18618778174e-07,7.9718840054e-08,3.35433682925e-07,2.52677340365e-06,6.75763565849e-06,4.87345447092e-12,3.50613013913e-12,1.39395248387e-12,9.0672793848e-13
1.5,4.54891178175e-07,2.45539260168e-10,3.11785281179e-12,2.49289287478e-10,1.73125558249e-12,8.18440339227e-07,7.99938982118e-08,3.35172526903e-07,2.52085969767e-06,6.7696100376e-06,4.86041287975e-12,3.49655459507e-12,1.39016623297e-12,9.04257910012e-13
