case,path,updates,J_error,E_input,tail_error,final_error,max_error,pin_assignments,active_fraction,sensing_instants
CP_original,1,574,0.0427619566416,7.08661667938,2.19311868258e-07,1.00194211834e-06,9.12,2296,1,30000
CP_original,2,574,0.0427855984486,7.09209283898,2.03920343162e-07,2.86621882247e-07,9.12,2296,1,30000
CP_original,3,570,0.0429304232526,7.12674089962,8.11846326912e-07,2.88765788967e-09,9.12,2280,1,30000
CP_original,4,569,0.042789395932,7.09349944445,4.50624210127e-07,8.0720366442e-07,9.12,2276,1,30000
CP_original,5,572,0.0427370063459,7.08035552767,7.48713229816e-08,1.2747191943e-07,9.12,2288,1,30000
CP_original,6,570,0.0427699294142,7.09034376183,2.10969990976e-07,3.89244024522e-07,9.12,2280,1,30000
CP_original,7,573,0.0429511780725,7.13133017455,5.86023838255e-07,9.02037803103e-07,9.12,2292,1,30000
CP_original,8,576,0.0427376613737,7.08024621692,1.81073955714e-07,2.42284054663e-07,9.12,2304,1,30000
CP_original,9,568,0.0427063033151,7.07413426503,2.39944294017e-07,3.46567633227e-07,9.12,2272,1,30000
CP_original,10,570,0.0428405163011,7.10656018643,3.00261832396e-07,2.0352792334e-07,9.12,2280,1,30000
CP_original,11,577,0.0426704564248,7.06511612502,2.09299590127e-07,3.98257415055e-07,9.12,2308,1,30000
CP_original,12,572,0.0428335417618,7.10325516946,2.22429456144e-07,9.39131477929e-07,9.12,2288,1,30000
CP_original,13,573,0.042977064138,7.13916433407,2.0635473614e-07,2.66008710736e-08,9.12,2292,1,30000
CP_original,14,568,0.0427093864835,7.07526640791,1.65280575314e-07,2.2780977775e-07,9.12,2272,1,30000
CP_original,15,570,0.0427354750548,7.08021983751,1.19646871751e-07,1.49333079572e-07,9.12,2280,1,30000
CP_original,16,571,0.0427782589728,7.09118936099,2.97640092624e-07,2.07832204688e-07,9.12,2284,1,30000
CP_original,17,566,0.0428533334002,7.10953710946,1.46678851258e-07,1.90803412238e-07,9.12,2264,1,30000
CP_original,18,575,0.0426663729533,7.06468150745,1.54858395183e-07,6.41755650287e-07,9.12,2300,1,30000
CP_original,19,574,0.042623797262,7.05397284115,2.49651243851e-07,7.33043690125e-07,9.12,2296,1,30000
CP_original,20,576,0.0428593442764,7.10831532097,2.09679477512e-07,3.91637591995e-07,9.12,2304,1,30000
CP_original,21,573,0.0427571337834,7.0864007753,2.40338448587e-07,2.77869697715e-07,9.12,2292,1,30000
CP_original,22,573,0.0427837789314,7.09309574547,5.45293500928e-07,5.41213337593e-08,9.12,2292,1,30000
CP_original,23,571,0.0427012353744,7.07320198695,6.9781674454e-07,1.04976876587e-06,9.12,2284,1,30000
CP_original,24,574,0.0428480545414,7.10697120004,1.71468530152e-07,3.00626228188e-07,9.12,2296,1,30000
CP_original,25,566,0.0427699373977,7.08991409473,2.63733270988e-07,2.63199577809e-07,9.12,2264,1,30000
CP_original,26,570,0.0426789258682,7.06742959294,3.64139972938e-09,3.41341268092e-09,9.12,2280,1,30000
CP_original,27,566,0.0429819139028,7.13985947332,2.40841171488e-07,4.02712862246e-07,9.12,2264,1,30000
CP_original,28,574,0.0426947077314,7.07117927551,1.02886537427e-06,2.86065687711e-08,9.12,2296,1,30000
CP_original,29,578,0.0427450090326,7.08332345112,2.46160755952e-07,4.6265040084e-07,9.12,2312,1,30000
CP_original,30,575,0.0427289324609,7.07918299898,1.93660775212e-07,1.90276609431e-07,9.12,2300,1,30000
CP_original,31,571,0.0428028925891,7.09653441244,5.37169939514e-07,7.82745754003e-07,9.12,2284,1,30000
CP_original,32,574,0.0427392559634,7.08174646078,1.14862376309e-06,1.77790585428e-06,9.12,2296,1,30000
CP_original,33,574,0.0427128735384,7.07517660522,1.56513171507e-07,3.78037337049e-07,9.12,2296,1,30000
CP_original,34,570,0.042770484086,7.08940530771,3.55996152265e-08,6.6495370706e-08,9.12,2280,1,30000
CP_original,35,569,0.0427466628206,7.0841378044,3.03417838158e-07,4.3723683456e-07,9.12,2276,1,30000
CP_original,36,573,0.0428937432091,7.11786670976,1.79894923642e-07,6.97317525198e-08,9.12,2292,1,30000
CP_original,37,568,0.0428446609499,7.10716983504,5.94743127051e-07,8.82647857881e-07,9.12,2272,1,30000
CP_original,38,572,0.0426835069439,7.06845630466,1.610984964e-07,2.59111242144e-07,9.12,2288,1,30000
CP_original,39,570,0.0427678063834,7.08823428516,8.79672336745e-08,1.31971381185e-07,9.12,2280,1,30000
CP_original,40,573,0.0427190070127,7.0770238965,2.14895972158e-07,2.29192681676e-07,9.12,2292,1,30000
CP_original,41,569,0.0427890031517,7.09539970475,1.55116969523e-07,2.5997342963e-07,9.12,2276,1,30000
CP_original,42,568,0.0427948522908,7.09586535433,2.33523601431e-07,3.30167216308e-07,9.12,2272,1,30000
CP_original,43,571,0.0427418895201,7.08193382976,1.51139549775e-07,2.01756164938e-07,9.12,2284,1,30000
CP_original,44,570,0.0427810689681,7.09121692088,3.42274622802e-07,1.67390630448e-07,9.12,2280,1,30000
CP_original,45,576,0.0426854229707,7.06911829129,2.54248065857e-07,6.19636725079e-07,9.12,2304,1,30000
CP_original,46,575,0.0427428463786,7.08228446548,6.46983550741e-07,9.6735148803e-07,9.12,2300,1,30000
CP_original,47,576,0.0427690492734,7.0894489349,6.3514322053e-07,2.65160503273e-08,9.12,2304,1,30000
CP_original,48,566,0.0428776722378,7.11442934048,1.0487345669e-07,2.05516562299e-07,9.12,2264,1,30000
CP_original,49,576,0.0427153336485,7.0751604856,1.73658833058e-07,2.869979412e-07,9.12,2304,1,30000
CP_original,50,568,0.0427591516353,7.08652975702,2.34125764429e-07,4.36712717254e-07,9.12,2272,1,30000
CP_original,51,573,0.0427103520336,7.07534865421,1.52116816715e-07,3.16870155031e-07,9.12,2292,1,30000
CP_original,52,573,0.042728414095,7.07962256277,2.6538628037e-07,6.58877377932e-08,9.12,2292,1,30000
CP_original,53,574,0.0427208393468,7.07812637166,1.81562088789e-07,6.56289469047e-07,9.12,2296,1,30000
CP_original,54,575,0.0427283133972,7.07810532772,1.61549040727e-07,4.22345503875e-07,9.12,2300,1,30000
CP_original,55,570,0.0426590009095,7.06399859871,3.43685384248e-07,1.73956027727e-07,9.12,2280,1,30000
CP_original,56,569,0.0428708739474,7.11307268253,3.42339614968e-07,5.07375635986e-07,9.12,2276,1,30000
CP_original,57,573,0.0427440295005,7.08357949109,2.24406633703e-07,2.74611643297e-07,9.12,2292,1,30000
CP_original,58,573,0.0428414717437,7.10409005868,1.55414414934e-07,2.72577346933e-07,9.12,2292,1,30000
CP_original,59,571,0.0427668857987,7.08883756224,1.42722594075e-07,5.47534133528e-07,9.12,2284,1,30000
CP_original,60,567,0.0427845257127,7.09337447355,6.30646198659e-07,9.32355982821e-07,9.12,2268,1,30000
CP_original,61,571,0.0429075863578,7.12152718976,1.8779601486e-07,1.80128471022e-07,9.12,2284,1,30000
CP_original,62,575,0.0427815177118,7.09111079621,1.24049792319e-06,1.0072158938e-06,9.12,2300,1,30000
CP_original,63,572,0.0428551717276,7.10922507307,1.68171668983e-07,1.24925646593e-07,9.12,2288,1,30000
CP_original,64,570,0.0427382971871,7.08137985036,1.99501935621e-07,2.97068152997e-07,9.12,2280,1,30000
CP_original,65,572,0.042817359715,7.10096014156,1.69108354963e-07,3.68910212056e-07,9.12,2288,1,30000
CP_original,66,570,0.0428263306599,7.10228854657,1.02217553096e-06,1.66210624325e-06,9.12,2280,1,30000
CP_original,67,574,0.0428316722915,7.10348748136,2.23090577238e-07,9.66430507055e-07,9.12,2296,1,30000
CP_original,68,570,0.04279166942,7.09405194038,1.55061684806e-07,2.7188631862e-07,9.12,2280,1,30000
CP_original,69,575,0.0427616753475,7.08620696319,3.32043135025e-07,5.38331097405e-07,9.12,2300,1,30000
CP_original,70,570,0.0428184236901,7.10002958872,4.8416429932e-07,7.52798333694e-07,9.12,2280,1,30000
CP_original,71,571,0.0428257454584,7.10074577505,5.93629737013e-07,4.03777594924e-08,9.12,2284,1,30000
CP_original,72,573,0.0427367175505,7.08193102889,3.76849144883e-07,4.98980411505e-07,9.12,2292,1,30000
CP_original,73,573,0.0428149020196,7.10012984665,2.38484495418e-07,9.51202534575e-07,9.12,2292,1,30000
CP_original,74,577,0.0428533574218,7.10898114419,1.83697145684e-07,1.82284962954e-07,9.12,2308,1,30000
CP_original,75,577,0.0428079201262,7.09707193319,2.1145066537e-07,2.86716139804e-07,9.12,2308,1,30000
CP_original,76,569,0.0426876293318,7.06997933049,8.65264884397e-08,1.14486640959e-07,9.12,2276,1,30000
CP_original,77,576,0.0426399523071,7.05933138909,1.56090891367e-07,4.87203417825e-07,9.12,2304,1,30000
CP_original,78,570,0.0427130071075,7.07650015515,3.02692456134e-08,5.96288699399e-08,9.12,2280,1,30000
CP_original,79,575,0.0427895198345,7.09261154714,2.53451156644e-07,6.30013750078e-07,9.12,2300,1,30000
CP_original,80,574,0.0426786381475,7.06677894211,2.17462620722e-07,2.02875998334e-07,9.12,2296,1,30000
CP_original,81,572,0.0427401190813,7.08137771338,1.54402482552e-07,4.23360021174e-07,9.12,2288,1,30000
CP_original,82,571,0.042757586474,7.08517965702,1.76950704332e-07,9.69769184027e-08,9.12,2284,1,30000
CP_original,83,574,0.0426969116157,7.07136175966,1.68473003966e-07,1.73526161895e-07,9.12,2296,1,30000
CP_original,84,573,0.0427585082892,7.0863260666,1.08666359174e-06,1.65651412421e-06,9.12,2292,1,30000
CP_original,85,568,0.0427650154246,7.08810568606,1.69752098166e-07,2.42031523345e-07,9.12,2272,1,30000
CP_original,86,571,0.0427709869932,7.08994149286,1.15548433638e-06,1.78364721255e-06,9.12,2284,1,30000
CP_original,87,574,0.0428946404099,7.11779564675,1.80837120032e-07,8.24596626614e-07,9.12,2296,1,30000
CP_original,88,571,0.0428370568585,7.10508880377,1.79135017844e-07,7.98567345675e-07,9.12,2284,1,30000
CP_original,89,575,0.0427624176954,7.08524062001,1.59427491352e-07,4.56037263992e-07,9.12,2300,1,30000
CP_original,90,573,0.0427424857368,7.0831236218,1.99080972528e-07,2.75213572484e-07,9.12,2292,1,30000
CP_original,91,572,0.0427880808936,7.09321585189,3.89995181321e-07,5.8303349679e-07,9.12,2288,1,30000
CP_original,92,573,0.0427730994398,7.08996712748,2.37808896533e-07,3.8068949265e-07,9.12,2292,1,30000
CP_original,93,573,0.0428416300559,7.10588220787,1.89718199256e-07,2.34729774579e-07,9.12,2292,1,30000
CP_original,94,577,0.042741283419,7.08153508112,2.0136291554e-07,1.26133175717e-08,9.12,2308,1,30000
CP_original,95,575,0.042764189412,7.08746512755,2.2909506205e-07,1.31088899818e-07,9.12,2300,1,30000
CP_original,96,569,0.0427144328449,7.07574721358,2.66515872397e-07,3.97340375433e-07,9.12,2276,1,30000
CP_original,97,574,0.0426678770066,7.06473302531,1.84338280338e-07,8.21067457186e-07,9.12,2296,1,30000
CP_original,98,566,0.0428720927128,7.11301601014,6.47800894589e-07,9.91757594579e-07,9.12,2264,1,30000
CP_original,99,570,0.0426860445239,7.06955932962,1.46488041492e-07,6.50832987556e-07,9.12,2280,1,30000
CP_original,100,574,0.0427682343707,7.08859097739,2.31317376137e-07,9.95784352309e-07,9.12,2296,1,30000
AIP_periodic,1,22500,0.0467655383288,7.14341898203,5.05131584361e-09,2.77423847881e-10,9.12,90000,0.75,22500
AIP_periodic,2,22500,0.0467860630666,7.14852984191,4.12282120946e-09,2.25389663539e-10,9.12,90000,0.75,22500
AIP_periodic,3,22500,0.0469321228733,7.18247058021,4.47586619424e-09,1.77238857939e-10,9.12,90000,0.75,22500
AIP_periodic,4,22500,0.0467902570997,7.14965824395,4.6578996914e-09,2.76158705815e-10,9.12,90000,0.75,22500
AIP_periodic,5,22500,0.0467384372842,7.13750937999,4.94873443125e-09,2.67717567679e-10,9.12,90000,0.75,22500
AIP_periodic,6,22500,0.046770026763,7.14622503213,4.52104576448e-09,2.54443454433e-10,9.12,90000,0.75,22500
AIP_periodic,7,22500,0.0469547256561,7.18811633403,3.90951810413e-09,1.87995557519e-10,9.12,90000,0.75,22500
AIP_periodic,8,22500,0.0467364984899,7.13709989757,4.07304073893e-09,2.28970644402e-10,9.12,90000,0.75,22500
AIP_periodic,9,22500,0.0467040980807,7.12957950596,4.31445885677e-09,2.61369798729e-10,9.12,90000,0.75,22500
AIP_periodic,10,22500,0.0468484697388,7.16348588723,3.59159117094e-09,2.13418416444e-10,9.12,90000,0.75,22500
AIP_periodic,11,22500,0.0466783852244,7.12366774522,4.67802282547e-09,2.34103639715e-10,9.12,90000,0.75,22500
AIP_periodic,12,22500,0.0468340833736,7.15942370235,4.4470863815e-09,1.95462946138e-10,9.12,90000,0.75,22500
AIP_periodic,13,22500,0.0469770108526,7.19398812402,4.28157106736e-09,2.42654624254e-10,9.12,90000,0.75,22500
AIP_periodic,14,22500,0.0467070080206,7.1309891233,4.19838682152e-09,2.08154706857e-10,9.12,90000,0.75,22500
AIP_periodic,15,22500,0.046739551857,7.13749606327,4.08987708753e-09,2.43000867308e-10,9.12,90000,0.75,22500
AIP_periodic,16,22500,0.0467783514475,7.14701135853,4.10793898051e-09,2.3070367419e-10,9.12,90000,0.75,22500
AIP_periodic,17,22500,0.0468548479511,7.16484538666,4.4827243711e-09,2.6595958765e-10,9.12,90000,0.75,22500
AIP_periodic,18,22500,0.0466690304108,7.12180800032,3.83607098954e-09,1.97081963954e-10,9.12,90000,0.75,22500
AIP_periodic,19,22500,0.0466255958373,7.11106412539,4.98991345739e-09,2.6414165206e-10,9.12,90000,0.75,22500
AIP_periodic,20,22500,0.046858038182,7.16594292001,4.07885189438e-09,2.52921200054e-10,9.12,90000,0.75,22500
AIP_periodic,21,22500,0.0467573437163,7.14288676508,3.76288654859e-09,2.42158287629e-10,9.12,90000,0.75,22500
AIP_periodic,22,22500,0.0467855101738,7.14927186421,4.3798869504e-09,2.16764943085e-10,9.12,90000,0.75,22500
AIP_periodic,23,22500,0.0466998419378,7.12981991593,4.65237694727e-09,2.55025363265e-10,9.12,90000,0.75,22500
AIP_periodic,24,22500,0.0468466755497,7.16286221323,4.83522704773e-09,2.75492094913e-10,9.12,90000,0.75,22500
AIP_periodic,25,22500,0.0467746526601,7.14530882546,4.16115546114e-09,2.91296521412e-10,9.12,90000,0.75,22500
AIP_periodic,26,22500,0.0466858470744,7.12522727517,4.31043606581e-09,2.03537566605e-10,9.12,90000,0.75,22500
AIP_periodic,27,22500,0.0469820574324,7.19350879403,5.32391714571e-09,3.1225179513e-10,9.12,90000,0.75,22500
AIP_periodic,28,22500,0.0466954656299,7.12898487735,4.27340058692e-09,2.84275897517e-10,9.12,90000,0.75,22500
AIP_periodic,29,22500,0.0467497221532,7.14151652557,4.05843791722e-09,3.19339832146e-10,9.12,90000,0.75,22500
AIP_periodic,30,22500,0.0467279688915,7.13629032993,3.64396540636e-09,2.23464405799e-10,9.12,90000,0.75,22500
AIP_periodic,31,22500,0.0467996325036,7.15240746868,4.61634244497e-09,2.85838349223e-10,9.12,90000,0.75,22500
AIP_periodic,32,22500,0.0467364871329,7.13836405493,5.37308822442e-09,2.59588336942e-10,9.12,90000,0.75,22500
AIP_periodic,33,22500,0.0467195643875,7.13269622757,4.46393254408e-09,3.23657491459e-10,9.12,90000,0.75,22500
AIP_periodic,34,22500,0.0467745991832,7.14572122729,4.31787355834e-09,2.36637217192e-10,9.12,90000,0.75,22500
AIP_periodic,35,22500,0.0467497164739,7.14082455569,4.68944425033e-09,2.63176750354e-10,9.12,90000,0.75,22500
AIP_periodic,36,22500,0.0468958565573,7.1745849575,4.45460443076e-09,2.63845158602e-10,9.12,90000,0.75,22500
AIP_periodic,37,22500,0.0468419726893,7.1628886216,4.53108839287e-09,2.64892479647e-10,9.12,90000,0.75,22500
AIP_periodic,38,22500,0.0466854883127,7.12526702781,4.1345904706e-09,2.42912997468e-10,9.12,90000,0.75,22500
AIP_periodic,39,22500,0.0467656474965,7.14438646605,4.55626952158e-09,2.73428814085e-10,9.12,90000,0.75,22500
AIP_periodic,40,22500,0.0467214364315,7.13346645424,4.73715488443e-09,1.9036743896e-10,9.12,90000,0.75,22500
AIP_periodic,41,22500,0.0467883553401,7.1500493014,4.12321937203e-09,2.13352042361e-10,9.12,90000,0.75,22500
AIP_periodic,42,22500,0.0467959120603,7.15078019324,4.13460042863e-09,1.93144666016e-10,9.12,90000,0.75,22500
AIP_periodic,43,22500,0.0467455146489,7.13863015395,3.68925965149e-09,1.93283659051e-10,9.12,90000,0.75,22500
AIP_periodic,44,22500,0.046783712691,7.14774079602,5.10783756118e-09,1.89494017798e-10,9.12,90000,0.75,22500
AIP_periodic,45,22500,0.0466897674513,7.12686787069,4.39685004191e-09,2.49973870557e-10,9.12,90000,0.75,22500
AIP_periodic,46,22500,0.0467474291273,7.14064227006,5.24325934125e-09,3.08630582467e-10,9.12,90000,0.75,22500
AIP_periodic,47,22500,0.0467748527212,7.14676708761,4.35923790593e-09,2.19330425688e-10,9.12,90000,0.75,22500
AIP_periodic,48,22500,0.0468744396273,7.16928565338,4.03492641845e-09,2.45104602582e-10,9.12,90000,0.75,22500
AIP_periodic,49,22500,0.0467121818965,7.13211147843,3.84708421249e-09,2.28085260578e-10,9.12,90000,0.75,22500
AIP_periodic,50,22500,0.0467564380212,7.14239501084,4.45007607663e-09,3.08672639305e-10,9.12,90000,0.75,22500
AIP_periodic,51,22500,0.0467120647815,7.13270931482,4.02181649129e-09,2.56170705535e-10,9.12,90000,0.75,22500
AIP_periodic,52,22500,0.0467342041605,7.13701446699,4.46911362592e-09,2.41757919099e-10,9.12,90000,0.75,22500
AIP_periodic,53,22500,0.0467199212398,7.13508643317,5.31048632573e-09,3.28350437915e-10,9.12,90000,0.75,22500
AIP_periodic,54,22500,0.046725809752,7.13495199735,4.18393875406e-09,2.33963015214e-10,9.12,90000,0.75,22500
AIP_periodic,55,22500,0.0466532739009,7.11935766097,5.26199170719e-09,3.68872767745e-10,9.12,90000,0.75,22500
AIP_periodic,56,22500,0.0468678272774,7.16817449631,4.42709940325e-09,3.03421146116e-10,9.12,90000,0.75,22500
AIP_periodic,57,22500,0.0467443871932,7.1398137959,4.10687355151e-09,2.20466525078e-10,9.12,90000,0.75,22500
AIP_periodic,58,22500,0.0468407038437,7.16027006555,4.13824810435e-09,2.15565206509e-10,9.12,90000,0.75,22500
AIP_periodic,59,22500,0.0467639798384,7.1444346145,4.41713525651e-09,2.24273486875e-10,9.12,90000,0.75,22500
AIP_periodic,60,22500,0.0467876610013,7.14967859737,3.92533326916e-09,1.89885415036e-10,9.12,90000,0.75,22500
AIP_periodic,61,22500,0.0469110276312,7.17730087932,5.22059027511e-09,2.40559812546e-10,9.12,90000,0.75,22500
AIP_periodic,62,22500,0.0467934536255,7.15014129684,4.41674586484e-09,2.02343484119e-10,9.12,90000,0.75,22500
AIP_periodic,63,22500,0.046852230072,7.16468644435,4.07944632107e-09,2.17194067217e-10,9.12,90000,0.75,22500
AIP_periodic,64,22500,0.0467395079769,7.13836431513,4.08959612198e-09,1.89577777134e-10,9.12,90000,0.75,22500
AIP_periodic,65,22500,0.0468203377484,7.15655944209,3.75271953891e-09,2.16386027415e-10,9.12,90000,0.75,22500
AIP_periodic,66,22500,0.0468298983477,7.15919322135,4.71358620999e-09,3.77661009673e-10,9.12,90000,0.75,22500
AIP_periodic,67,22500,0.0468325464448,7.15982922242,4.01228197955e-09,1.7357936185e-10,9.12,90000,0.75,22500
AIP_periodic,68,22500,0.0467938689416,7.15038812777,3.83910125659e-09,2.34927982299e-10,9.12,90000,0.75,22500
AIP_periodic,69,22500,0.0467592974426,7.14354731513,4.59015047537e-09,2.87501172706e-10,9.12,90000,0.75,22500
AIP_periodic,70,22500,0.0468197158402,7.15619942345,4.05740430421e-09,2.69947313388e-10,9.12,90000,0.75,22500
AIP_periodic,71,22500,0.0468238153038,7.15714367583,5.04314438481e-09,3.323502384e-10,9.12,90000,0.75,22500
AIP_periodic,72,22500,0.0467371894355,7.13812757265,4.51956588405e-09,2.63992045795e-10,9.12,90000,0.75,22500
AIP_periodic,73,22500,0.0468163975133,7.1559923136,3.81872569812e-09,2.15911745945e-10,9.12,90000,0.75,22500
AIP_periodic,74,22500,0.0468578118444,7.16588391484,3.94820409236e-09,1.87759705056e-10,9.12,90000,0.75,22500
AIP_periodic,75,22500,0.0468127081035,7.15528864256,4.69302424356e-09,2.14707583026e-10,9.12,90000,0.75,22500
AIP_periodic,76,22500,0.0466873723238,7.12671368228,4.55961402449e-09,2.52766619448e-10,9.12,90000,0.75,22500
AIP_periodic,77,22500,0.0466380435493,7.11670420718,4.66418092347e-09,2.68480894522e-10,9.12,90000,0.75,22500
AIP_periodic,78,22500,0.0467138137522,7.13311703212,4.54842355509e-09,2.15771914501e-10,9.12,90000,0.75,22500
AIP_periodic,79,22500,0.0467963940213,7.149758741,4.7757787927e-09,2.48070968369e-10,9.12,90000,0.75,22500
AIP_periodic,80,22500,0.0466837649382,7.1239792459,3.72324622691e-09,1.89925502885e-10,9.12,90000,0.75,22500
AIP_periodic,81,22500,0.0467364984419,7.13736098377,4.48768811967e-09,2.62610800327e-10,9.12,90000,0.75,22500
AIP_periodic,82,22500,0.0467680647813,7.14251683073,4.17356721428e-09,2.21408018228e-10,9.12,90000,0.75,22500
AIP_periodic,83,22500,0.0467043991117,7.12915238632,5.36512440765e-09,2.68176679425e-10,9.12,90000,0.75,22500
AIP_periodic,84,22500,0.0467568009554,7.14308941885,4.16878974746e-09,2.40914342466e-10,9.12,90000,0.75,22500
AIP_periodic,85,22500,0.0467633403014,7.1440807665,3.95629815345e-09,1.9092682207e-10,9.12,90000,0.75,22500
AIP_periodic,86,22500,0.0467762113607,7.14702831238,3.96398919263e-09,2.26794577833e-10,9.12,90000,0.75,22500
AIP_periodic,87,22500,0.0469019664464,7.17540887623,3.95572671498e-09,2.28400249411e-10,9.12,90000,0.75,22500
AIP_periodic,88,22500,0.046836325675,7.16109499696,4.04013305132e-09,2.55295610943e-10,9.12,90000,0.75,22500
AIP_periodic,89,22500,0.0467660576679,7.14243998062,3.80265423159e-09,2.23019216114e-10,9.12,90000,0.75,22500
AIP_periodic,90,22500,0.0467370691249,7.13858978472,4.68678971329e-09,2.33962024964e-10,9.12,90000,0.75,22500
AIP_periodic,91,22500,0.0467942625035,7.15148648918,3.75517515771e-09,2.02495117325e-10,9.12,90000,0.75,22500
AIP_periodic,92,22500,0.0467721153854,7.14625479218,4.94300024625e-09,2.69836963303e-10,9.12,90000,0.75,22500
AIP_periodic,93,22500,0.0468444107141,7.16224399254,4.23351226091e-09,2.50574225569e-10,9.12,90000,0.75,22500
AIP_periodic,94,22500,0.0467388030513,7.13910824772,4.54378580889e-09,2.04387351386e-10,9.12,90000,0.75,22500
AIP_periodic,95,22500,0.0467616552445,7.14446667267,5.32903000368e-09,3.36982250986e-10,9.12,90000,0.75,22500
AIP_periodic,96,22500,0.0467138674302,7.13228323011,4.05898015092e-09,2.3462879533e-10,9.12,90000,0.75,22500
AIP_periodic,97,22500,0.0466721555876,7.12272464348,4.24422702728e-09,2.67550004672e-10,9.12,90000,0.75,22500
AIP_periodic,98,22500,0.0468744838348,7.16859763022,4.79811849058e-09,3.15838159572e-10,9.12,90000,0.75,22500
AIP_periodic,99,22500,0.0466986701648,7.12756192932,3.97274468259e-09,2.09222698568e-10,9.12,90000,0.75,22500
AIP_periodic,100,22500,0.0467693363735,7.14530829625,3.96186316394e-09,2.47425372512e-10,9.12,90000,0.75,22500
AIPE_periodic,1,375,0.046725361886,7.20002350228,2.27759056153e-10,3.64545569847e-12,9.12,1500,0.75,22500
AIPE_periodic,2,374,0.0467459687356,7.20547559345,1.71742197489e-10,2.74121222203e-12,9.12,1496,0.75,22500
AIPE_periodic,3,376,0.0468910977688,7.23908565212,1.90706665072e-10,2.0808952183e-12,9.12,1504,0.75,22500
AIPE_periodic,4,376,0.0467489350242,7.20609971509,2.08648841391e-10,3.87103916657e-12,9.12,1504,0.75,22500
AIPE_periodic,5,376,0.0466976637559,7.19403671745,2.26981383177e-10,3.49490068428e-12,9.12,1504,0.75,22500
AIPE_periodic,6,376,0.0467295739191,7.2026481093,1.94850773349e-10,3.20203162126e-12,9.12,1504,0.75,22500
AIPE_periodic,7,375,0.0469145066805,7.24538392561,1.60960894298e-10,2.14162210454e-12,9.12,1500,0.75,22500
AIPE_periodic,8,374,0.0466963420157,7.19412583695,1.70333789104e-10,2.71035205657e-12,9.12,1496,0.75,22500
AIPE_periodic,9,376,0.0466633804683,7.18602783742,1.79547177882e-10,3.37410348088e-12,9.12,1504,0.75,22500
AIPE_periodic,10,374,0.0468084664223,7.22030186308,1.44877098064e-10,2.60719697576e-12,9.12,1496,0.75,22500
AIPE_periodic,11,372,0.0466387252358,7.18077802274,1.93870903247e-10,2.69710611628e-12,9.12,1488,0.75,22500
AIPE_periodic,12,376,0.0467934694474,7.2159451303,1.87865887567e-10,2.22859116406e-12,9.12,1504,0.75,22500
AIPE_periodic,13,376,0.0469363877566,7.25045322705,1.83833541222e-10,3.13576781452e-12,9.12,1504,0.75,22500
AIPE_periodic,14,375,0.0466668304913,7.18759109407,1.76027277444e-10,2.42960606666e-12,9.12,1500,0.75,22500
AIPE_periodic,15,375,0.0466987222976,7.19375710526,1.64490694704e-10,2.95839268217e-12,9.12,1500,0.75,22500
AIPE_periodic,16,376,0.0467376781162,7.20344688753,1.75331999353e-10,2.96417818399e-12,9.12,1504,0.75,22500
AIPE_periodic,17,377,0.0468135054561,7.22115625075,1.85624568121e-10,3.29331243597e-12,9.12,1508,0.75,22500
AIPE_periodic,18,375,0.0466291006449,7.17860276024,1.54281492759e-10,2.23526106081e-12,9.12,1500,0.75,22500
AIPE_periodic,19,373,0.0465859323237,7.16807919753,2.20839566463e-10,3.3607400726e-12,9.12,1492,0.75,22500
AIPE_periodic,20,374,0.0468180550492,7.22302619107,1.74109716928e-10,3.23480717936e-12,9.12,1496,0.75,22500
AIPE_periodic,21,373,0.0467173523255,7.19974714526,1.54290493224e-10,2.89639213594e-12,9.12,1492,0.75,22500
AIPE_periodic,22,375,0.046745586435,7.20595411794,1.81930373665e-10,2.5667005471e-12,9.12,1500,0.75,22500
AIPE_periodic,23,375,0.0466599058753,7.18641266402,2.10677403071e-10,3.40910424985e-12,9.12,1500,0.75,22500
AIPE_periodic,24,373,0.0468070522493,7.2201783235,2.12777764267e-10,3.61585574931e-12,9.12,1492,0.75,22500
AIPE_periodic,25,373,0.0467347446432,7.20215378637,1.77774399327e-10,4.0715364126e-12,9.12,1492,0.75,22500
AIPE_periodic,26,374,0.0466456270087,7.18204730987,1.89807179734e-10,2.50994714311e-12,9.12,1496,0.75,22500
AIPE_periodic,27,375,0.0469418417999,7.25048790456,2.48866371564e-10,4.48115848185e-12,9.12,1500,0.75,22500
AIPE_periodic,28,375,0.0466552784533,7.18579880147,1.79298675e-10,3.89622049467e-12,9.12,1500,0.75,22500
AIPE_periodic,29,375,0.0467089837577,7.19797104975,1.69038011779e-10,4.3592163125e-12,9.12,1500,0.75,22500
AIPE_periodic,30,377,0.0466873356073,7.19255962028,1.46656589484e-10,2.66579608675e-12,9.12,1508,0.75,22500
AIPE_periodic,31,375,0.0467593856757,7.20908223919,2.06231779329e-10,4.015545891e-12,9.12,1500,0.75,22500
AIPE_periodic,32,374,0.0466961863377,7.19507572357,2.49806729989e-10,3.11298845123e-12,9.12,1496,0.75,22500
AIPE_periodic,33,375,0.0466790854317,7.18935691368,1.96690415728e-10,4.75086354435e-12,9.12,1500,0.75,22500
AIPE_periodic,34,375,0.0467345009108,7.20240978938,1.79777956171e-10,2.92511713469e-12,9.12,1500,0.75,22500
AIPE_periodic,35,375,0.0467096508984,7.19765903415,2.13849810534e-10,3.61478034691e-12,9.12,1500,0.75,22500
AIPE_periodic,36,375,0.0468556591273,7.23135073023,1.86114897234e-10,3.29316159144e-12,9.12,1500,0.75,22500
AIPE_periodic,37,376,0.0468018500899,7.22008229827,2.01558335213e-10,3.51751645725e-12,9.12,1504,0.75,22500
AIPE_periodic,38,374,0.0466457087996,7.18197396878,1.72523443675e-10,3.08510975584e-12,9.12,1496,0.75,22500
AIPE_periodic,39,376,0.0467254178374,7.20105271176,1.97333161173e-10,3.67189045764e-12,9.12,1504,0.75,22500
AIPE_periodic,40,374,0.0466809451004,7.19027286742,2.11655084672e-10,2.11525405712e-12,9.12,1496,0.75,22500
AIPE_periodic,41,376,0.0467477322574,7.20653007433,1.73374067798e-10,2.56734885902e-12,9.12,1504,0.75,22500
AIPE_periodic,42,375,0.0467555273421,7.20745358603,1.70705137397e-10,2.23521369314e-12,9.12,1500,0.75,22500
AIPE_periodic,43,375,0.0467053870678,7.19556737492,1.53369649868e-10,2.27563557095e-12,9.12,1500,0.75,22500
AIPE_periodic,44,376,0.046742952445,7.2043953707,2.35660444406e-10,2.13738584608e-12,9.12,1504,0.75,22500
AIPE_periodic,45,376,0.0466494411486,7.1834916003,1.87875608389e-10,3.1533356011e-12,9.12,1504,0.75,22500
AIPE_periodic,46,373,0.0467077082251,7.19768899678,2.34247446147e-10,4.17105571777e-12,9.12,1492,0.75,22500
AIPE_periodic,47,376,0.0467339061555,7.20325901413,1.98939166703e-10,2.74084682533e-12,9.12,1504,0.75,22500
AIPE_periodic,48,375,0.0468338226402,7.22606722534,1.65568959921e-10,2.92878756441e-12,9.12,1500,0.75,22500
AIPE_periodic,49,376,0.0466715739127,7.18873258876,1.56400528637e-10,2.80999889561e-12,9.12,1504,0.75,22500
AIPE_periodic,50,376,0.0467157366375,7.19904979491,1.85822933074e-10,3.91913514975e-12,9.12,1504,0.75,22500
AIPE_periodic,51,376,0.046671408295,7.18908113285,1.69246735835e-10,3.30558423337e-12,9.12,1504,0.75,22500
AIPE_periodic,52,375,0.0466934968081,7.19371205999,1.86796857038e-10,2.89557044241e-12,9.12,1500,0.75,22500
AIPE_periodic,53,375,0.0466793378264,7.19173358482,2.44004764515e-10,4.6698316755e-12,9.12,1500,0.75,22500
AIPE_periodic,54,376,0.0466853068541,7.19157343183,1.81145367633e-10,3.0018858137e-12,9.12,1504,0.75,22500
AIPE_periodic,55,375,0.0466127644743,7.17569999493,2.34153034202e-10,5.45390199733e-12,9.12,1500,0.75,22500
AIPE_periodic,56,375,0.0468276132257,7.22500197464,1.78928799249e-10,3.91992200198e-12,9.12,1500,0.75,22500
AIPE_periodic,57,375,0.0467041911601,7.19642399013,1.71556051056e-10,2.73181563368e-12,9.12,1500,0.75,22500
AIPE_periodic,58,375,0.0468005586888,7.21729490263,1.75536928343e-10,2.63381038585e-12,9.12,1500,0.75,22500
AIPE_periodic,59,376,0.0467234830435,7.20108909497,1.89956525814e-10,2.69557794209e-12,9.12,1504,0.75,22500
AIPE_periodic,60,375,0.0467472122924,7.20621224656,1.62272916954e-10,2.23326317764e-12,9.12,1500,0.75,22500
AIPE_periodic,61,375,0.0468708135534,7.23423787837,2.42234672868e-10,3.26497513968e-12,9.12,1500,0.75,22500
AIPE_periodic,62,375,0.0467532826401,7.20690568178,2.00824352444e-10,2.56099804101e-12,9.12,1500,0.75,22500
AIPE_periodic,63,375,0.0468113952726,7.22137179561,1.72033312239e-10,2.59682632529e-12,9.12,1500,0.75,22500
AIPE_periodic,64,376,0.04669851321,7.19483571465,1.71772722675e-10,2.06310761934e-12,9.12,1504,0.75,22500
AIPE_periodic,65,373,0.0467803867188,7.21377490178,1.51745016601e-10,2.67850284029e-12,9.12,1492,0.75,22500
AIPE_periodic,66,375,0.046789162048,7.2156579098,1.99858041147e-10,5.17502141071e-12,9.12,1500,0.75,22500
AIPE_periodic,67,376,0.0467916555574,7.21623403377,1.70876999845e-10,2.03354010227e-12,9.12,1504,0.75,22500
AIPE_periodic,68,377,0.0467527015224,7.20680495699,1.51543815377e-10,2.80066611559e-12,9.12,1508,0.75,22500
AIPE_periodic,69,374,0.0467199163118,7.20066132847,1.9556533937e-10,3.79985898886e-12,9.12,1496,0.75,22500
AIPE_periodic,70,374,0.0467793977969,7.21324051786,1.63235682384e-10,3.42507668666e-12,9.12,1496,0.75,22500
AIPE_periodic,71,375,0.0467834530914,7.21408029755,2.158591066e-10,4.55194278581e-12,9.12,1500,0.75,22500
AIPE_periodic,72,376,0.0466967468773,7.19473834096,1.99883648057e-10,3.45409726681e-12,9.12,1504,0.75,22500
AIPE_periodic,73,376,0.0467752504623,7.21242236694,1.57763560195e-10,2.66301181957e-12,9.12,1504,0.75,22500
AIPE_periodic,74,376,0.0468168215051,7.22242786379,1.63912806743e-10,2.16914376007e-12,9.12,1504,0.75,22500
AIPE_periodic,75,375,0.0467723560432,7.21206889287,2.09885359645e-10,2.70571761803e-12,9.12,1500,0.75,22500
AIPE_periodic,76,375,0.0466472790267,7.18322455532,2.00415302395e-10,3.26454793021e-12,9.12,1500,0.75,22500
AIPE_periodic,77,375,0.046597668969,7.1734255511,2.0819888985e-10,3.3657641008e-12,9.12,1500,0.75,22500
AIPE_periodic,78,376,0.0466730345159,7.18954367294,1.94659600488e-10,2.58997316359e-12,9.12,1504,0.75,22500
AIPE_periodic,79,374,0.0467560938185,7.20641568404,2.1062058715e-10,3.03426707425e-12,9.12,1496,0.75,22500
AIPE_periodic,80,375,0.0466434046091,7.1807600791,1.52188070206e-10,2.19183445274e-12,9.12,1500,0.75,22500
AIPE_periodic,81,373,0.0466966570542,7.19413886824,1.94706006125e-10,3.44963195206e-12,9.12,1492,0.75,22500
AIPE_periodic,82,374,0.0467280907873,7.19964796246,1.85314007757e-10,2.73784581014e-12,9.12,1496,0.75,22500
AIPE_periodic,83,376,0.0466637330123,7.18567364755,2.33909764181e-10,3.54328472816e-12,9.12,1504,0.75,22500
AIPE_periodic,84,375,0.0467161789564,7.19958348338,1.76091016272e-10,2.95649410103e-12,9.12,1500,0.75,22500
AIPE_periodic,85,374,0.0467231619528,7.20107004031,1.64351320039e-10,2.20353238941e-12,9.12,1496,0.75,22500
AIPE_periodic,86,374,0.0467361751395,7.20389713979,1.65582903151e-10,2.82795039802e-12,9.12,1496,0.75,22500
AIPE_periodic,87,376,0.0468614305415,7.23207396674,1.69764881092e-10,2.92774412574e-12,9.12,1504,0.75,22500
AIPE_periodic,88,375,0.0467960221462,7.21777593032,1.70549896888e-10,3.38261451985e-12,9.12,1500,0.75,22500
AIPE_periodic,89,375,0.046725615648,7.19952591766,1.55178471299e-10,2.87032123589e-12,9.12,1500,0.75,22500
AIPE_periodic,90,375,0.0466959018623,7.19496175974,1.94319916543e-10,2.6987909313e-12,9.12,1500,0.75,22500
AIPE_periodic,91,376,0.0467535361663,7.20776540573,1.53749146804e-10,2.43029503882e-12,9.12,1504,0.75,22500
AIPE_periodic,92,375,0.0467320065102,7.20319767729,2.10356611637e-10,3.56297477924e-12,9.12,1500,0.75,22500
AIPE_periodic,93,375,0.0468039882447,7.21909197349,1.75935577475e-10,3.18385710639e-12,9.12,1500,0.75,22500
AIPE_periodic,94,375,0.0466986191765,7.19564822154,1.96833971307e-10,2.34549478382e-12,9.12,1500,0.75,22500
AIPE_periodic,95,375,0.0467211315881,7.20112098335,2.46000432932e-10,4.4611618077e-12,9.12,1500,0.75,22500
AIPE_periodic,96,375,0.0466732049169,7.18907829283,1.63414124089e-10,2.85394362427e-12,9.12,1500,0.75,22500
AIPE_periodic,97,377,0.0466318112166,7.17917758315,1.8233517156e-10,3.57514697095e-12,9.12,1508,0.75,22500
AIPE_periodic,98,376,0.046833725928,7.22513691604,1.96669359014e-10,4.2173009941e-12,9.12,1504,0.75,22500
AIPE_periodic,99,374,0.0466582118297,7.1841326633,1.64261171665e-10,2.53444492128e-12,9.12,1496,0.75,22500
AIPE_periodic,100,376,0.0467288198459,7.2017904632,1.66255752145e-10,3.17294338593e-12,9.12,1504,0.75,22500
AIP_aperiodic_A0.4,1,22512,0.0466061586878,7.13799144137,5.08038741586e-09,2.81667610368e-10,9.12,90048,0.75,22512
AIP_aperiodic_A0.4,2,22512,0.0466267139326,7.14301263658,4.14443428414e-09,2.28831104431e-10,9.12,90048,0.75,22512
AIP_aperiodic_A0.4,3,22512,0.0467726787908,7.17661680641,4.50446326671e-09,1.79939043371e-10,9.12,90048,0.75,22512
AIP_aperiodic_A0.4,4,22512,0.0466308650516,7.14414136102,4.69013430312e-09,2.80371875742e-10,9.12,90048,0.75,22512
AIP_aperiodic_A0.4,5,22512,0.046578964896,7.13197594871,4.97992329144e-09,2.71817686329e-10,9.12,90048,0.75,22512
AIP_aperiodic_A0.4,6,22512,0.0466105146719,7.14052178438,4.54535388836e-09,2.58333411187e-10,9.12,90048,0.75,22512
AIP_aperiodic_A0.4,7,22512,0.0467953223903,7.18258689247,3.93356157845e-09,1.90859336025e-10,9.12,90048,0.75,22512
AIP_aperiodic_A0.4,8,22512,0.0465768607881,7.13153262579,4.09715481589e-09,2.32476069317e-10,9.12,90048,0.75,22512
AIP_aperiodic_A0.4,9,22512,0.0465446607645,7.12396289341,4.34119303211e-09,2.65368926253e-10,9.12,90048,0.75,22512
AIP_aperiodic_A0.4,10,22512,0.0466889510007,7.15787464005,3.61331816684e-09,2.16678856474e-10,9.12,90048,0.75,22512
AIP_aperiodic_A0.4,11,22512,0.0465190147503,7.11820104741,4.70629282231e-09,2.37680996793e-10,9.12,90048,0.75,22512
AIP_aperiodic_A0.4,12,22512,0.0466744454634,7.15378171442,4.47021200179e-09,1.98445274831e-10,9.12,90048,0.75,22512
AIP_aperiodic_A0.4,13,22512,0.0468173482323,7.18837366195,4.311860894e-09,2.46351603795e-10,9.12,90048,0.75,22512
AIP_aperiodic_A0.4,14,22512,0.0465476045238,7.12537299074,4.2253238325e-09,2.11337013765e-10,9.12,90048,0.75,22512
AIP_aperiodic_A0.4,15,22512,0.046580082757,7.13197802751,4.1210825212e-09,2.46717425197e-10,9.12,90048,0.75,22512
AIP_aperiodic_A0.4,16,22512,0.0466188186593,7.14143451659,4.13468826894e-09,2.3422752945e-10,9.12,90048,0.75,22512
AIP_aperiodic_A0.4,17,22512,0.0466953375798,7.15938456531,4.50512860699e-09,2.70026678902e-10,9.12,90048,0.75,22512
AIP_aperiodic_A0.4,18,22512,0.0465097157305,7.11635874199,3.85924515791e-09,2.00090959445e-10,9.12,90048,0.75,22512
AIP_aperiodic_A0.4,19,22512,0.0464661615592,7.10560839941,5.0190203473e-09,2.68174739288e-10,9.12,90048,0.75,22512
AIP_aperiodic_A0.4,20,22512,0.0466985426632,7.1604159312,4.10598820898e-09,2.56780690901e-10,9.12,90048,0.75,22512
AIP_aperiodic_A0.4,21,22512,0.0465977490669,7.13734433037,3.78598542413e-09,2.45863611645e-10,9.12,90048,0.75,22512
AIP_aperiodic_A0.4,22,22512,0.0466260738695,7.14365263612,4.40512591606e-09,2.20079986673e-10,9.12,90048,0.75,22512
AIP_aperiodic_A0.4,23,22512,0.046540326508,7.12422221342,4.68227062519e-09,2.5891417384e-10,9.12,90048,0.75,22512
AIP_aperiodic_A0.4,24,22512,0.0466871853962,7.15728496279,4.86805896962e-09,2.79695776258e-10,9.12,90048,0.75,22512
AIP_aperiodic_A0.4,25,22512,0.0466152568761,7.13990127804,4.18899133753e-09,2.95755155082e-10,9.12,90048,0.75,22512
AIP_aperiodic_A0.4,26,22512,0.0465264434796,7.11957862893,4.33877353959e-09,2.06637371354e-10,9.12,90048,0.75,22512
AIP_aperiodic_A0.4,27,22512,0.0468224863299,7.18796376419,5.36018966217e-09,3.17018050711e-10,9.12,90048,0.75,22512
AIP_aperiodic_A0.4,28,22512,0.0465360089306,7.12331577067,4.30039909788e-09,2.8862362892e-10,9.12,90048,0.75,22512
AIP_aperiodic_A0.4,29,22512,0.0465902584397,7.13597073215,4.08422101479e-09,3.24214868713e-10,9.12,90048,0.75,22512
AIP_aperiodic_A0.4,30,22512,0.0465684688113,7.13068984617,3.66815038728e-09,2.26879509949e-10,9.12,90048,0.75,22512
AIP_aperiodic_A0.4,31,22512,0.0466400603264,7.14688853237,4.64127935463e-09,2.90205817591e-10,9.12,90048,0.75,22512
AIP_aperiodic_A0.4,32,22512,0.0465770588487,7.13288123886,5.40229522009e-09,2.63565192541e-10,9.12,90048,0.75,22512
AIP_aperiodic_A0.4,33,22512,0.0465600286812,7.12704481838,4.49292412983e-09,3.28591295089e-10,9.12,90048,0.75,22512
AIP_aperiodic_A0.4,34,22512,0.0466150475618,7.14025932398,4.34256836299e-09,2.40255615771e-10,9.12,90048,0.75,22512
AIP_aperiodic_A0.4,35,22512,0.0465903190864,7.13535941319,4.7173804167e-09,2.67197813075e-10,9.12,90048,0.75,22512
AIP_aperiodic_A0.4,36,22512,0.046736402454,7.16892907857,4.48314449479e-09,2.67873490064e-10,9.12,90048,0.75,22512
AIP_aperiodic_A0.4,37,22512,0.0466824060731,7.15730162784,4.56052846129e-09,2.68930249712e-10,9.12,90048,0.75,22512
AIP_aperiodic_A0.4,38,22512,0.0465259387778,7.11953126663,4.16036373315e-09,2.46619315118e-10,9.12,90048,0.75,22512
AIP_aperiodic_A0.4,39,22512,0.0466061132771,7.13876855578,4.58605864304e-09,2.77620922178e-10,9.12,90048,0.75,22512
AIP_aperiodic_A0.4,40,22512,0.0465618439625,7.12798139861,4.77217354524e-09,1.93264365208e-10,9.12,90048,0.75,22512
AIP_aperiodic_A0.4,41,22512,0.0466287815567,7.14445472988,4.1499639779e-09,2.16613794693e-10,9.12,90048,0.75,22512
AIP_aperiodic_A0.4,42,22512,0.0466364340672,7.14522448595,4.1613273603e-09,1.96093045334e-10,9.12,90048,0.75,22512
AIP_aperiodic_A0.4,43,22512,0.0465859198247,7.13288319428,3.71334343118e-09,1.96239495042e-10,9.12,90048,0.75,22512
AIP_aperiodic_A0.4,44,22512,0.0466243748057,7.14227023543,5.13583802057e-09,1.9239112262e-10,9.12,90048,0.75,22512
AIP_aperiodic_A0.4,45,22512,0.0465304356982,7.12134292354,4.4259601458e-09,2.53794025744e-10,9.12,90048,0.75,22512
AIP_aperiodic_A0.4,46,22512,0.0465879346132,7.13502366722,5.27596278261e-09,3.13357772036e-10,9.12,90048,0.75,22512
AIP_aperiodic_A0.4,47,22512,0.0466154280301,7.1411606069,4.3847142774e-09,2.22667420417e-10,9.12,90048,0.75,22512
AIP_aperiodic_A0.4,48,22512,0.0467149394424,7.16369430001,4.05923824328e-09,2.48864801779e-10,9.12,90048,0.75,22512
AIP_aperiodic_A0.4,49,22512,0.0465528342968,7.12651176971,3.86864023055e-09,2.31569623394e-10,9.12,90048,0.75,22512
AIP_aperiodic_A0.4,50,22512,0.0465968609388,7.13684737977,4.4738005941e-09,3.13402344522e-10,9.12,90048,0.75,22512
AIP_aperiodic_A0.4,51,22512,0.0465526563375,7.12729768811,4.0467496461e-09,2.60085978109e-10,9.12,90048,0.75,22512
AIP_aperiodic_A0.4,52,22512,0.0465748070898,7.1314763442,4.49635656905e-09,2.4544450505e-10,9.12,90048,0.75,22512
AIP_aperiodic_A0.4,53,22512,0.0465604210744,7.1294444164,5.34633687558e-09,3.33358337052e-10,9.12,90048,0.75,22512
AIP_aperiodic_A0.4,54,22512,0.0465664758373,7.12932299971,4.20956892016e-09,2.3753336549e-10,9.12,90048,0.75,22512
AIP_aperiodic_A0.4,55,22512,0.0464937961531,7.11381041093,5.3036720451e-09,3.74487172581e-10,9.12,90048,0.75,22512
AIP_aperiodic_A0.4,56,22512,0.0467083764873,7.16270433448,4.45512903236e-09,3.08054515747e-10,9.12,90048,0.75,22512
AIP_aperiodic_A0.4,57,22512,0.046584859563,7.13443134651,4.13134147586e-09,2.23835642334e-10,9.12,90048,0.75,22512
AIP_aperiodic_A0.4,58,22512,0.0466811018009,7.15475995347,4.16236189109e-09,2.18857526782e-10,9.12,90048,0.75,22512
AIP_aperiodic_A0.4,59,22512,0.046604530347,7.1389059626,4.43730182869e-09,2.27701724957e-10,9.12,90048,0.75,22512
AIP_aperiodic_A0.4,60,22512,0.0466280868855,7.14407188042,3.95038877672e-09,1.92782484922e-10,9.12,90048,0.75,22512
AIP_aperiodic_A0.4,61,22512,0.0467516145333,7.17164063401,5.25777625691e-09,2.44208198354e-10,9.12,90048,0.75,22512
AIP_aperiodic_A0.4,62,22512,0.0466340133764,7.14467094942,4.44778505276e-09,2.05429957775e-10,9.12,90048,0.75,22512
AIP_aperiodic_A0.4,63,22512,0.0466927848362,7.15915901925,4.1003490234e-09,2.20509876227e-10,9.12,90048,0.75,22512
AIP_aperiodic_A0.4,64,22512,0.0465800797854,7.13276429199,4.11624534228e-09,1.92469083629e-10,9.12,90048,0.75,22512
AIP_aperiodic_A0.4,65,22512,0.0466609243405,7.1508891626,3.77860643023e-09,2.19690884625e-10,9.12,90048,0.75,22512
AIP_aperiodic_A0.4,66,22512,0.0466704292174,7.15364192299,4.74427841692e-09,3.83423479428e-10,9.12,90048,0.75,22512
AIP_aperiodic_A0.4,67,22512,0.0466729700317,7.15435307202,4.04144907627e-09,1.76223195982e-10,9.12,90048,0.75,22512
AIP_aperiodic_A0.4,68,22512,0.0466342991399,7.14481799243,3.86363056679e-09,2.38513972426e-10,9.12,90048,0.75,22512
AIP_aperiodic_A0.4,69,22512,0.0465997698193,7.13798682404,4.6231657458e-09,2.91888103297e-10,9.12,90048,0.75,22512
AIP_aperiodic_A0.4,70,22512,0.0466602688292,7.15061393003,4.08321677306e-09,2.74070332617e-10,9.12,90048,0.75,22512
AIP_aperiodic_A0.4,71,22512,0.0466641465976,7.15163112302,5.07976658419e-09,3.374477769e-10,9.12,90048,0.75,22512
AIP_aperiodic_A0.4,72,22512,0.0465776578005,7.13258846703,4.55075395943e-09,2.68036791489e-10,9.12,90048,0.75,22512
AIP_aperiodic_A0.4,73,22512,0.0466568126714,7.15027393356,3.84559249571e-09,2.19205026513e-10,9.12,90048,0.75,22512
AIP_aperiodic_A0.4,74,22512,0.0466983820317,7.16039145931,3.97382637398e-09,1.9062537858e-10,9.12,90048,0.75,22512
AIP_aperiodic_A0.4,75,22512,0.0466531914428,7.14963585426,4.72287349978e-09,2.17978819135e-10,9.12,90048,0.75,22512
AIP_aperiodic_A0.4,76,22512,0.0465280438133,7.12123440203,4.58987862687e-09,2.56622327407e-10,9.12,90048,0.75,22512
AIP_aperiodic_A0.4,77,22512,0.0464785179459,7.11099536977,4.68724826149e-09,2.72591010274e-10,9.12,90048,0.75,22512
AIP_aperiodic_A0.4,78,22512,0.0465542609104,7.1274050473,4.57675641779e-09,2.19048519235e-10,9.12,90048,0.75,22512
AIP_aperiodic_A0.4,79,22512,0.0466370081462,7.14418691525,4.80532002142e-09,2.51850697261e-10,9.12,90048,0.75,22512
AIP_aperiodic_A0.4,80,22512,0.0465242601607,7.11835081061,3.74497107857e-09,1.92833817862e-10,9.12,90048,0.75,22512
AIP_aperiodic_A0.4,81,22512,0.0465770228413,7.13190921608,4.51560181798e-09,2.66612817653e-10,9.12,90048,0.75,22512
AIP_aperiodic_A0.4,82,22512,0.0466085840812,7.13693147736,4.19739996885e-09,2.24777508734e-10,9.12,90048,0.75,22512
AIP_aperiodic_A0.4,83,22512,0.0465450499336,7.12355128799,5.4030436772e-09,2.7228636531e-10,9.12,90048,0.75,22512
AIP_aperiodic_A0.4,84,22512,0.0465973510709,7.13740561133,4.19590204726e-09,2.44596085823e-10,9.12,90048,0.75,22512
AIP_aperiodic_A0.4,85,22512,0.0466039173673,7.13858356088,3.9801458809e-09,1.93841002507e-10,9.12,90048,0.75,22512
AIP_aperiodic_A0.4,86,22512,0.0466168307097,7.14159291695,3.98885941824e-09,2.30266256631e-10,9.12,90048,0.75,22512
AIP_aperiodic_A0.4,87,22512,0.0467425651354,7.16982845926,3.98289865195e-09,2.31881373263e-10,9.12,90048,0.75,22512
AIP_aperiodic_A0.4,88,22512,0.0466768614773,7.15539852683,4.07118095551e-09,2.59188598422e-10,9.12,90048,0.75,22512
AIP_aperiodic_A0.4,89,22512,0.0466066172118,7.13699574874,3.82778159047e-09,2.26422577821e-10,9.12,90048,0.75,22512
AIP_aperiodic_A0.4,90,22512,0.0465775890749,7.13306620135,4.71688466748e-09,2.37546537663e-10,9.12,90048,0.75,22512
AIP_aperiodic_A0.4,91,22512,0.0466348216935,7.14598305727,3.77912419072e-09,2.05588057064e-10,9.12,90048,0.75,22512
AIP_aperiodic_A0.4,92,22512,0.0466125837645,7.14055155288,4.97827355376e-09,2.73941328156e-10,9.12,90048,0.75,22512
AIP_aperiodic_A0.4,93,22512,0.0466848669478,7.1565445891,4.2593267643e-09,2.5439668895e-10,9.12,90048,0.75,22512
AIP_aperiodic_A0.4,94,22512,0.0465792598658,7.13356045926,4.56550492538e-09,2.07519126108e-10,9.12,90048,0.75,22512
AIP_aperiodic_A0.4,95,22512,0.0466022120772,7.138912752,5.35707030369e-09,3.42155106496e-10,9.12,90048,0.75,22512
AIP_aperiodic_A0.4,96,22512,0.0465543463296,7.12666359358,4.08588473177e-09,2.38212156672e-10,9.12,90048,0.75,22512
AIP_aperiodic_A0.4,97,22512,0.0465126572706,7.11716472284,4.27180392474e-09,2.71636008887e-10,9.12,90048,0.75,22512
AIP_aperiodic_A0.4,98,22512,0.0467150162245,7.16298311821,4.83026423503e-09,3.20653873718e-10,9.12,90048,0.75,22512
AIP_aperiodic_A0.4,99,22512,0.0465391763157,7.12187777823,3.99968984737e-09,2.12414436606e-10,9.12,90048,0.75,22512
AIP_aperiodic_A0.4,100,22512,0.0466098586359,7.13974302031,3.98627135191e-09,2.51207852383e-10,9.12,90048,0.75,22512
AIPE_aperiodic_A0.4,1,373,0.0465673162976,7.19420080984,1.4863043427e-10,2.10472836841e-12,9.12,1492,0.75,22512
AIPE_aperiodic_A0.4,2,372,0.0465880436514,7.19953848115,1.0863313146e-10,1.4821062647e-12,9.12,1488,0.75,22512
AIPE_aperiodic_A0.4,3,373,0.0467330448202,7.23282389914,1.20613897705e-10,1.03049039198e-12,9.12,1492,0.75,22512
AIPE_aperiodic_A0.4,4,373,0.0465908482828,7.20019124815,1.26949925169e-10,2.04618852767e-12,9.12,1492,0.75,22512
AIPE_aperiodic_A0.4,5,373,0.046539554268,7.1881048935,1.56245410751e-10,2.05575234303e-12,9.12,1492,0.75,22512
AIPE_aperiodic_A0.4,6,372,0.046571304884,7.19655622473,1.345387683e-10,1.95827423984e-12,9.12,1488,0.75,22512
AIPE_aperiodic_A0.4,7,372,0.046756473767,7.23945229194,9.73791585991e-11,1.09981667247e-12,9.12,1488,0.75,22512
AIPE_aperiodic_A0.4,8,372,0.0465380859842,7.18814241582,1.10723868919e-10,1.49029054657e-12,9.12,1488,0.75,22512
AIPE_aperiodic_A0.4,9,373,0.0465052646987,7.18001568597,1.16926561904e-10,1.91178971329e-12,9.12,1492,0.75,22512
AIPE_aperiodic_A0.4,10,372,0.0466503281083,7.21428577485,9.21675440256e-11,1.50267415001e-12,9.12,1488,0.75,22512
AIPE_aperiodic_A0.4,11,372,0.0464806946632,7.17490994007,1.24305987148e-10,1.47881340848e-12,9.12,1488,0.75,22512
AIPE_aperiodic_A0.4,12,372,0.0466351106684,7.20990511272,1.24078229012e-10,1.28974572362e-12,9.12,1488,0.75,22512
AIPE_aperiodic_A0.4,13,373,0.0467780500675,7.24443463632,1.09347024927e-10,1.57894696246e-12,9.12,1492,0.75,22512
AIPE_aperiodic_A0.4,14,371,0.0465087846287,7.1815688379,1.10613661356e-10,1.31632427391e-12,9.12,1484,0.75,22512
AIPE_aperiodic_A0.4,15,373,0.0465406025076,7.1878393834,1.04565500317e-10,1.71980712861e-12,9.12,1492,0.75,22512
AIPE_aperiodic_A0.4,16,373,0.0465795080985,7.19745956702,1.10733536626e-10,1.7081269917e-12,9.12,1492,0.75,22512
AIPE_aperiodic_A0.4,17,374,0.0466553040653,7.21529766662,1.14864485606e-10,1.84393989547e-12,9.12,1496,0.75,22512
AIPE_aperiodic_A0.4,18,373,0.0464710368119,7.17277335643,1.02545464646e-10,1.27418525759e-12,9.12,1492,0.75,22512
AIPE_aperiodic_A0.4,19,370,0.0464278816859,7.16221459117,1.42064040043e-10,1.97063074635e-12,9.12,1480,0.75,22512
AIPE_aperiodic_A0.4,20,370,0.0466598897559,7.21710253744,1.0748210035e-10,1.78725278688e-12,9.12,1480,0.75,22512
AIPE_aperiodic_A0.4,21,372,0.0465591744581,7.19378839069,9.20153687019e-11,1.56136413735e-12,9.12,1488,0.75,22512
AIPE_aperiodic_A0.4,22,370,0.0465874394608,7.19994053564,1.14235416878e-10,1.45753104543e-12,9.12,1480,0.75,22512
AIPE_aperiodic_A0.4,23,372,0.046501835547,7.18038701481,1.30616489215e-10,1.77011538609e-12,9.12,1488,0.75,22512
AIPE_aperiodic_A0.4,24,370,0.046648885291,7.21420031044,1.35942168137e-10,2.1789497168e-12,9.12,1480,0.75,22512
AIPE_aperiodic_A0.4,25,371,0.046576626959,7.19635692673,1.11625689309e-10,2.43603412511e-12,9.12,1484,0.75,22512
AIPE_aperiodic_A0.4,26,373,0.0464876344432,7.17598836907,1.16272696066e-10,1.41317852145e-12,9.12,1492,0.75,22512
AIPE_aperiodic_A0.4,27,372,0.0467836691448,7.24453014522,1.5224342893e-10,2.45462604798e-12,9.12,1488,0.75,22512
AIPE_aperiodic_A0.4,28,372,0.0464972429543,7.1797117625,1.15779260785e-10,2.1946159386e-12,9.12,1488,0.75,22512
AIPE_aperiodic_A0.4,29,372,0.0465509079118,7.19201503511,1.02631722829e-10,2.33170755048e-12,9.12,1488,0.75,22512
AIPE_aperiodic_A0.4,30,374,0.04652905959,7.18657584589,9.06295449644e-11,1.55492469507e-12,9.12,1496,0.75,22512
AIPE_aperiodic_A0.4,31,371,0.0466010945247,7.20316766014,1.28075281347e-10,2.19225340036e-12,9.12,1484,0.75,22512
AIPE_aperiodic_A0.4,32,371,0.0465380639992,7.18919771455,1.48679727426e-10,1.5729293347e-12,9.12,1484,0.75,22512
AIPE_aperiodic_A0.4,33,372,0.0465209434002,7.18329527073,1.25051564298e-10,2.83829662618e-12,9.12,1488,0.75,22512
AIPE_aperiodic_A0.4,34,372,0.0465763087852,7.19653908279,1.17781224099e-10,1.70068214434e-12,9.12,1488,0.75,22512
AIPE_aperiodic_A0.4,35,371,0.0465515622639,7.19179976736,1.36287034466e-10,1.82763816223e-12,9.12,1484,0.75,22512
AIPE_aperiodic_A0.4,36,372,0.0466975382753,7.22529455487,1.15418434192e-10,1.97184414874e-12,9.12,1488,0.75,22512
AIPE_aperiodic_A0.4,37,372,0.0466435546595,7.21410185169,1.26412994796e-10,1.69161116232e-12,9.12,1488,0.75,22512
AIPE_aperiodic_A0.4,38,371,0.0464875373541,7.1758241183,1.07600524498e-10,1.65954044079e-12,9.12,1484,0.75,22512
AIPE_aperiodic_A0.4,39,371,0.0465670624471,7.19506281791,1.25635116476e-10,2.01530693199e-12,9.12,1484,0.75,22512
AIPE_aperiodic_A0.4,40,371,0.046522755814,7.18437236592,1.30955155173e-10,1.15039854993e-12,9.12,1484,0.75,22512
AIPE_aperiodic_A0.4,41,373,0.0465895008848,7.20053054039,1.07728326245e-10,1.38547757956e-12,9.12,1492,0.75,22512
AIPE_aperiodic_A0.4,42,373,0.0465974328901,7.20148563698,1.09382976968e-10,1.27407800698e-12,9.12,1492,0.75,22512
AIPE_aperiodic_A0.4,43,372,0.0465471278702,7.18941959378,9.35112788225e-11,1.18220449639e-12,9.12,1488,0.75,22512
AIPE_aperiodic_A0.4,44,374,0.0465848715795,7.1985429548,1.5364275999e-10,1.22286963037e-12,9.12,1496,0.75,22512
AIPE_aperiodic_A0.4,45,373,0.0464914692577,7.177563469,1.10715229028e-10,1.55054971247e-12,9.12,1492,0.75,22512
AIPE_aperiodic_A0.4,46,371,0.0465495708386,7.19166843658,1.56055385938e-10,2.4405368556e-12,9.12,1484,0.75,22512
AIPE_aperiodic_A0.4,47,372,0.0465757947836,7.19726607378,1.16876218281e-10,1.52165354553e-12,9.12,1488,0.75,22512
AIPE_aperiodic_A0.4,48,373,0.0466756876284,7.22007402801,1.0484970177e-10,1.87919404272e-12,9.12,1492,0.75,22512
AIPE_aperiodic_A0.4,49,373,0.0465135422656,7.18273625987,9.70628165606e-11,1.56595254889e-12,9.12,1492,0.75,22512
AIPE_aperiodic_A0.4,50,373,0.0465574491836,7.19310363243,1.17659575244e-10,2.26858987756e-12,9.12,1492,0.75,22512
AIPE_aperiodic_A0.4,51,373,0.0465132111164,7.18329393894,1.05787369839e-10,1.87170010044e-12,9.12,1492,0.75,22512
AIPE_aperiodic_A0.4,52,373,0.0465354358329,7.18777714362,1.18853713947e-10,1.73179238286e-12,9.12,1492,0.75,22512
AIPE_aperiodic_A0.4,53,372,0.046521091058,7.18570854466,1.51653428067e-10,2.47209412016e-12,9.12,1488,0.75,22512
AIPE_aperiodic_A0.4,54,372,0.0465273769488,7.1855330405,1.1436338868e-10,1.70597574893e-12,9.12,1488,0.75,22512
AIPE_aperiodic_A0.4,55,372,0.046454741095,7.16972737277,1.48340248027e-10,2.97626386097e-12,9.12,1488,0.75,22512
AIPE_aperiodic_A0.4,56,372,0.0466694406496,7.2191377742,1.11947206829e-10,2.23044339574e-12,9.12,1488,0.75,22512
AIPE_aperiodic_A0.4,57,373,0.0465460254739,7.19063344168,1.11260145269e-10,1.57109472664e-12,9.12,1492,0.75,22512
AIPE_aperiodic_A0.4,58,371,0.0466423941292,7.21135687303,1.14152988532e-10,1.54799464001e-12,9.12,1484,0.75,22512
AIPE_aperiodic_A0.4,59,373,0.0465653716177,7.19515833496,1.25381424772e-10,1.56282496127e-12,9.12,1492,0.75,22512
AIPE_aperiodic_A0.4,60,373,0.0465889248741,7.20021515788,1.01679997623e-10,1.26452994592e-12,9.12,1492,0.75,22512
AIPE_aperiodic_A0.4,61,371,0.0467127854321,7.22816494624,1.47712994885e-10,1.66069003462e-12,9.12,1484,0.75,22512
AIPE_aperiodic_A0.4,62,373,0.046595070955,7.20105469991,1.16229121633e-10,1.21724431792e-12,9.12,1492,0.75,22512
AIPE_aperiodic_A0.4,63,373,0.0466533898991,7.21542305839,1.07512556272e-10,1.45341728701e-12,9.12,1492,0.75,22512
AIPE_aperiodic_A0.4,64,375,0.0465403764311,7.18884526364,1.07716735339e-10,1.13402225896e-12,9.12,1500,0.75,22512
AIPE_aperiodic_A0.4,65,370,0.0466222812405,7.20770867785,9.37440860493e-11,1.39635685651e-12,9.12,1480,0.75,22512
AIPE_aperiodic_A0.4,66,373,0.0466310066609,7.209709543,1.22369877997e-10,2.98430900648e-12,9.12,1492,0.75,22512
AIPE_aperiodic_A0.4,67,373,0.0466335189872,7.21033623115,1.09057591031e-10,1.04245045413e-12,9.12,1492,0.75,22512
AIPE_aperiodic_A0.4,68,374,0.0465944474143,7.20083406477,9.38079950951e-11,1.55839960119e-12,9.12,1496,0.75,22512
AIPE_aperiodic_A0.4,69,371,0.0465617159041,7.19469100779,1.22565970736e-10,2.10563383485e-12,9.12,1484,0.75,22512
AIPE_aperiodic_A0.4,70,372,0.0466213670179,7.20723732239,1.02290484345e-10,2.0056212916e-12,9.12,1488,0.75,22512
AIPE_aperiodic_A0.4,71,371,0.0466250047439,7.20818188774,1.47515118422e-10,2.8408673253e-12,9.12,1484,0.75,22512
AIPE_aperiodic_A0.4,72,374,0.0465385407778,7.18879785416,1.18508020676e-10,1.88373627287e-12,9.12,1496,0.75,22512
AIPE_aperiodic_A0.4,73,374,0.0466170214007,7.20629714443,9.23625786194e-11,1.29197098785e-12,9.12,1496,0.75,22512
AIPE_aperiodic_A0.4,74,375,0.0466587039702,7.21654658848,1.02692202226e-10,1.14323553199e-12,9.12,1500,0.75,22512
AIPE_aperiodic_A0.4,75,374,0.0466139797351,7.20604296812,1.2896095404e-10,1.3732093402e-12,9.12,1496,0.75,22512
AIPE_aperiodic_A0.4,76,372,0.0464891376092,7.17737456205,1.25495710622e-10,1.89020409399e-12,9.12,1488,0.75,22512
AIPE_aperiodic_A0.4,77,372,0.04643944849,7.16732037198,1.25705788794e-10,1.89772530646e-12,9.12,1488,0.75,22512
AIPE_aperiodic_A0.4,78,372,0.046514780137,7.18343840844,1.23622509204e-10,1.35658593097e-12,9.12,1488,0.75,22512
AIPE_aperiodic_A0.4,79,372,0.0465982009073,7.20040975267,1.24315173906e-10,1.64090642115e-12,9.12,1488,0.75,22512
AIPE_aperiodic_A0.4,80,372,0.0464852739363,7.17472224291,9.61721956662e-11,1.25065963807e-12,9.12,1488,0.75,22512
AIPE_aperiodic_A0.4,81,370,0.0465385285818,7.18828420656,1.2302276729e-10,2.04754103097e-12,9.12,1480,0.75,22512
AIPE_aperiodic_A0.4,82,372,0.0465700176368,7.19364322384,1.17222479666e-10,1.48875355611e-12,9.12,1488,0.75,22512
AIPE_aperiodic_A0.4,83,374,0.0465056460728,7.1796846969,1.53432419602e-10,1.75408437551e-12,9.12,1496,0.75,22512
AIPE_aperiodic_A0.4,84,372,0.04655820502,7.19346929319,1.1321390914e-10,1.85243387173e-12,9.12,1488,0.75,22512
AIPE_aperiodic_A0.4,85,371,0.0465650636517,7.19517597953,1.02313707351e-10,1.20418818714e-12,9.12,1484,0.75,22512
AIPE_aperiodic_A0.4,86,371,0.0465781271101,7.19806451088,1.00744897603e-10,1.52131103551e-12,9.12,1484,0.75,22512
AIPE_aperiodic_A0.4,87,373,0.0467033782697,7.22609359036,1.05937377454e-10,1.58471712365e-12,9.12,1492,0.75,22512
AIPE_aperiodic_A0.4,88,371,0.0466378063607,7.21169551757,1.02644563029e-10,1.78908511383e-12,9.12,1484,0.75,22512
AIPE_aperiodic_A0.4,89,372,0.0465674221001,7.1937001488,9.64379306817e-11,1.55654344355e-12,9.12,1488,0.75,22512
AIPE_aperiodic_A0.4,90,375,0.0465378647761,7.18902320765,1.23038676412e-10,1.47112410314e-12,9.12,1500,0.75,22512
AIPE_aperiodic_A0.4,91,373,0.0465953482163,7.20187272624,9.78623153001e-11,1.33297949194e-12,9.12,1492,0.75,22512
AIPE_aperiodic_A0.4,92,372,0.0465738368361,7.19709130979,1.29238108051e-10,1.88011295384e-12,9.12,1488,0.75,22512
AIPE_aperiodic_A0.4,93,371,0.0466457729945,7.21299201029,1.12266895741e-10,1.63857365114e-12,9.12,1484,0.75,22512
AIPE_aperiodic_A0.4,94,372,0.0465404037245,7.18969760256,1.28832488038e-10,1.4166963807e-12,9.12,1488,0.75,22512
AIPE_aperiodic_A0.4,95,372,0.0465630885769,7.19515521227,1.56034162467e-10,2.58900897625e-12,9.12,1488,0.75,22512
AIPE_aperiodic_A0.4,96,373,0.0465149680438,7.18306894095,1.03220944087e-10,1.56511898797e-12,9.12,1492,0.75,22512
AIPE_aperiodic_A0.4,97,372,0.0464735723582,7.17322663853,1.13923371925e-10,2.01625681644e-12,9.12,1488,0.75,22512
AIPE_aperiodic_A0.4,98,373,0.0466755685094,7.21913059425,1.28531219175e-10,2.27554478538e-12,9.12,1492,0.75,22512
AIPE_aperiodic_A0.4,99,374,0.0465000264514,7.17805450089,9.93247686393e-11,1.31349180042e-12,9.12,1496,0.75,22512
AIPE_aperiodic_A0.4,100,373,0.0465706372718,7.19583193471,1.04589519703e-10,1.85149413333e-12,9.12,1492,0.75,22512
CP_same_threshold,1,352,0.0427638603784,7.12276725077,5.33517203246e-07,7.34629977268e-07,9.12,1408,1,30000
CP_same_threshold,2,353,0.0427877568505,7.12873343108,5.71210653521e-07,3.61837279247e-08,9.12,1412,1,30000
CP_same_threshold,3,354,0.0429310452624,7.16186001522,3.45590030765e-07,9.99243492888e-07,9.12,1416,1,30000
CP_same_threshold,4,352,0.0427899967638,7.12891627207,1.06681575321e-06,1.53563987895e-06,9.12,1408,1,30000
CP_same_threshold,5,354,0.0427386394528,7.11695235813,5.1841237721e-07,7.47847623877e-08,9.12,1416,1,30000
CP_same_threshold,6,354,0.0427711717446,7.12578463976,5.69967810836e-07,3.68276239104e-08,9.12,1416,1,30000
CP_same_threshold,7,353,0.0429531137512,7.16810546042,5.44111132483e-07,3.2969256599e-08,9.12,1412,1,30000
CP_same_threshold,8,349,0.0427398158098,7.11734504217,1.05559051724e-06,1.7425691624e-06,9.12,1396,1,30000
CP_same_threshold,9,354,0.0427073020045,7.10935189077,7.53480845559e-07,2.65019697761e-06,9.12,1416,1,30000
CP_same_threshold,10,353,0.0428418236128,7.14222643656,6.51543486894e-07,7.14879900862e-08,9.12,1412,1,30000
CP_same_threshold,11,350,0.0426735936596,7.10286976005,3.72662984288e-07,9.8514569261e-07,9.12,1400,1,30000
CP_same_threshold,12,354,0.0428346428948,7.13898663094,5.53466243895e-07,3.45013314505e-08,9.12,1416,1,30000
CP_same_threshold,13,354,0.0429779013515,7.17362517963,5.20835250001e-07,3.18908457587e-08,9.12,1416,1,30000
CP_same_threshold,14,353,0.042710798701,7.11105024371,4.8142261015e-07,3.7939137988e-08,9.12,1412,1,30000
CP_same_threshold,15,351,0.0427369224624,7.11626398803,1.65041449135e-06,2.40854569669e-06,9.12,1404,1,30000
CP_same_threshold,16,351,0.0427793955362,7.12633071329,1.56302846629e-06,7.97659022987e-08,9.12,1404,1,30000
CP_same_threshold,17,354,0.0428536301032,7.14393001562,3.93368113603e-07,9.22781618621e-07,9.12,1416,1,30000
CP_same_threshold,18,349,0.0426684857227,7.10130397377,9.46189206054e-07,1.29770484783e-06,9.12,1396,1,30000
CP_same_threshold,19,352,0.0426259990981,7.09100091401,4.7452671848e-07,3.04651977477e-08,9.12,1408,1,30000
CP_same_threshold,20,351,0.0428623448067,7.14649924392,6.36791249087e-07,2.65028338143e-06,9.12,1404,1,30000
CP_same_threshold,21,351,0.0427592142601,7.12284269095,6.86525956589e-07,6.0302020004e-07,9.12,1404,1,30000
CP_same_threshold,22,351,0.0427857172063,7.12870461444,1.46252428982e-06,1.4164946525e-07,9.12,1404,1,30000
CP_same_threshold,23,353,0.0427030432807,7.10981932087,4.74647200417e-07,1.44755858906e-07,9.12,1412,1,30000
CP_same_threshold,24,348,0.0428502390297,7.14329710801,1.77756426966e-06,2.58164369724e-06,9.12,1392,1,30000
CP_same_threshold,25,349,0.0427707190312,7.12439165539,1.10911777891e-06,2.00474682763e-06,9.12,1396,1,30000
CP_same_threshold,26,352,0.0426809057588,7.10416755668,1.0610049175e-06,3.01380007685e-07,9.12,1408,1,30000
CP_same_threshold,27,353,0.0429820346011,7.17355393129,6.07941872132e-07,4.08178010156e-08,9.12,1412,1,30000
CP_same_threshold,28,353,0.0426966855543,7.10887946267,5.71837522694e-07,3.68376515361e-08,9.12,1412,1,30000
CP_same_threshold,29,353,0.0427471417747,7.12052211329,5.7775037925e-07,2.38111294984e-06,9.12,1412,1,30000
CP_same_threshold,30,354,0.0427305742204,7.11578100146,4.7539003235e-07,3.5490148764e-08,9.12,1416,1,30000
CP_same_threshold,31,352,0.0428046703195,7.13266928992,1.04878232851e-06,3.32577909458e-07,9.12,1408,1,30000
CP_same_threshold,32,353,0.0427411957863,7.11864066009,4.75762670335e-07,8.84758568837e-08,9.12,1412,1,30000
CP_same_threshold,33,354,0.0427143099366,7.11148755521,5.57024209507e-07,4.05194755298e-08,9.12,1416,1,30000
CP_same_threshold,34,353,0.0427720715166,7.12515344657,7.32544798014e-07,2.24719941007e-07,9.12,1412,1,30000
CP_same_threshold,35,353,0.0427481816619,7.12039456794,4.5985649549e-07,5.58498729488e-07,9.12,1412,1,30000
CP_same_threshold,36,353,0.0428955185729,7.15427034284,5.83389106524e-07,3.52089465431e-08,9.12,1412,1,30000
CP_same_threshold,37,353,0.0428459178591,7.14359721316,4.51524595504e-07,6.20290037805e-07,9.12,1412,1,30000
CP_same_threshold,38,349,0.0426857872573,7.10466508038,1.97240635469e-06,2.92418404732e-06,9.12,1396,1,30000
CP_same_threshold,39,352,0.0427696003629,7.12440594864,8.24188690449e-07,4.680759179e-07,9.12,1408,1,30000
CP_same_threshold,40,352,0.0427205031829,7.11301864992,6.44251988784e-07,2.4399302853e-06,9.12,1408,1,30000
CP_same_threshold,41,353,0.042789563318,7.12961861437,4.91070317056e-07,7.81336713113e-08,9.12,1412,1,30000
CP_same_threshold,42,352,0.0427955491109,7.13025865797,4.00043618673e-07,1.65756561151e-06,9.12,1408,1,30000
CP_same_threshold,43,353,0.0427435675721,7.11808523321,5.70098353931e-07,3.27970167396e-08,9.12,1412,1,30000
CP_same_threshold,44,351,0.0427817951039,7.1270218686,6.48499544315e-07,9.29682036611e-07,9.12,1404,1,30000
CP_same_threshold,45,350,0.0426875602106,7.10598404234,1.73917117271e-06,2.48790942442e-06,9.12,1400,1,30000
CP_same_threshold,46,352,0.0427455841541,7.12019486478,4.82236778671e-07,3.14112199441e-08,9.12,1408,1,30000
CP_same_threshold,47,351,0.0427708312883,7.12536009264,2.87025787565e-06,4.21808648565e-06,9.12,1404,1,30000
CP_same_threshold,48,350,0.0428786890959,7.14937450101,1.91446037459e-06,2.86283418028e-06,9.12,1400,1,30000
CP_same_threshold,49,354,0.0427170466806,7.11226455391,4.66703615464e-07,1.28729385296e-07,9.12,1416,1,30000
CP_same_threshold,50,352,0.0427602524823,7.12245296466,3.55331766447e-07,1.07513151035e-06,9.12,1408,1,30000
CP_same_threshold,51,354,0.0427119777532,7.1120372115,8.0841318759e-07,8.25806675008e-07,9.12,1416,1,30000
CP_same_threshold,52,354,0.0427297681281,7.1160502675,5.03273677078e-07,3.21211674959e-08,9.12,1416,1,30000
CP_same_threshold,53,352,0.0427228786609,7.11481398921,1.87652582879e-06,4.62228197052e-08,9.12,1408,1,30000
CP_same_threshold,54,354,0.0427299548627,7.11505936703,4.70903005558e-07,3.17605331698e-08,9.12,1416,1,30000
CP_same_threshold,55,350,0.0426601008204,7.09941669966,1.20691390969e-06,1.7100913357e-06,9.12,1400,1,30000
CP_same_threshold,56,353,0.0428721622521,7.14856509349,5.28259241613e-07,3.98827063022e-08,9.12,1412,1,30000
CP_same_threshold,57,353,0.0427456663037,7.11956806259,8.51596498054e-07,1.65725623791e-06,9.12,1412,1,30000
CP_same_threshold,58,353,0.0428431775587,7.14066004775,4.62556224664e-07,2.45295614417e-07,9.12,1412,1,30000
CP_same_threshold,59,350,0.0427678741861,7.12436900977,3.14851010064e-07,4.81736972049e-07,9.12,1400,1,30000
CP_same_threshold,60,352,0.0427858138255,7.12879638558,8.97941858242e-07,4.0677006949e-07,9.12,1408,1,30000
CP_same_threshold,61,350,0.0429085763832,7.15674316211,5.2537134762e-07,7.4117146976e-07,9.12,1400,1,30000
CP_same_threshold,62,352,0.0427839200256,7.12848879159,1.41650723177e-06,1.62830454719e-07,9.12,1408,1,30000
CP_same_threshold,63,354,0.0428562072022,7.14489183765,5.19057934981e-07,3.60856656652e-08,9.12,1416,1,30000
CP_same_threshold,64,351,0.0427392944739,7.11754932197,1.8073054234e-07,2.37572749099e-07,9.12,1404,1,30000
CP_same_threshold,65,351,0.0428190641659,7.13638573896,9.68911736806e-07,3.60469281202e-07,9.12,1404,1,30000
CP_same_threshold,66,354,0.0428274535256,7.13828919093,6.0102464297e-07,5.39470704002e-08,9.12,1416,1,30000
CP_same_threshold,67,355,0.0428329630267,7.13940340237,4.83612082596e-07,3.7172748703e-08,9.12,1420,1,30000
CP_same_threshold,68,354,0.0427925286301,7.12958800192,1.33020425296e-06,1.80504305555e-07,9.12,1416,1,30000
CP_same_threshold,69,351,0.0427647550401,7.12432790252,3.65926321049e-07,1.4727499629e-06,9.12,1404,1,30000
CP_same_threshold,70,353,0.0428198604082,7.13624533256,5.71097375631e-07,4.13722418274e-08,9.12,1412,1,30000
CP_same_threshold,71,352,0.042827551101,7.13747098077,1.37143237583e-06,1.81362441194e-07,9.12,1408,1,30000
CP_same_threshold,72,353,0.0427384212827,7.11780089479,4.82342012969e-07,1.8038933159e-06,9.12,1412,1,30000
CP_same_threshold,73,353,0.0428157190505,7.13517888035,3.30620035831e-07,1.25589625988e-06,9.12,1412,1,30000
CP_same_threshold,74,353,0.0428547470049,7.14498369918,4.40738754225e-07,6.02075355786e-07,9.12,1412,1,30000
CP_same_threshold,75,353,0.0428102769105,7.13455198974,8.12143721884e-07,7.69035345675e-07,9.12,1412,1,30000
CP_same_threshold,76,351,0.0426894269009,7.10621888499,3.78645714164e-07,1.60817583876e-06,9.12,1404,1,30000
CP_same_threshold,77,352,0.0426421713517,7.09672160491,4.83123560502e-07,9.89544716393e-08,9.12,1408,1,30000
CP_same_threshold,78,354,0.042714278285,7.11246254721,5.18717786439e-07,3.19423888594e-08,9.12,1416,1,30000
CP_same_threshold,79,353,0.0427913195768,7.12861378411,8.49280663449e-07,1.27869582612e-06,9.12,1412,1,30000
CP_same_threshold,80,352,0.0426802990387,7.10308350362,4.50723438543e-07,2.95644452768e-07,9.12,1408,1,30000
CP_same_threshold,81,352,0.0427419993016,7.11786420685,5.0275385679e-07,3.15191036763e-08,9.12,1408,1,30000
CP_same_threshold,82,351,0.0427593543009,7.12119839903,6.92703772293e-07,5.86935254404e-07,9.12,1404,1,30000
CP_same_threshold,83,353,0.0426985632128,7.10777937041,4.68762593319e-07,2.15045751005e-07,9.12,1412,1,30000
CP_same_threshold,84,354,0.0427601523213,7.12288011074,5.70676103941e-07,3.56086367662e-08,9.12,1416,1,30000
CP_same_threshold,85,352,0.0427665217392,7.12435984506,5.62823681463e-07,1.42153381953e-07,9.12,1408,1,30000
CP_same_threshold,86,351,0.0427729889341,7.12627417794,4.77668306983e-07,2.02267545808e-06,9.12,1404,1,30000
CP_same_threshold,87,354,0.0428962169984,7.1543206343,4.83844231903e-07,2.94407615556e-08,9.12,1416,1,30000
CP_same_threshold,88,350,0.0428383284757,7.14076847343,8.81426080705e-07,1.24539447355e-06,9.12,1400,1,30000
CP_same_threshold,89,351,0.0427643910988,7.12209229078,4.30190254853e-07,7.09867153119e-07,9.12,1404,1,30000
CP_same_threshold,90,351,0.0427432473031,7.11864339794,4.35178742462e-07,6.52812754613e-07,9.12,1404,1,30000
CP_same_threshold,91,353,0.0427899114521,7.1300141524,3.47554704402e-07,1.30883390831e-06,9.12,1412,1,30000
CP_same_threshold,92,349,0.0427745277571,7.12619779173,4.78604449298e-07,8.10824173575e-07,9.12,1396,1,30000
CP_same_threshold,93,350,0.0428431886899,7.14161498251,1.60841274319e-06,2.30776547328e-06,9.12,1400,1,30000
CP_same_threshold,94,353,0.0427437172071,7.11920958909,8.04571126413e-07,5.28669071933e-07,9.12,1412,1,30000
CP_same_threshold,95,350,0.042766171307,7.12451673295,8.29461303713e-07,1.46977284982e-06,9.12,1400,1,30000
CP_same_threshold,96,350,0.042716068033,7.11205103169,1.9983743238e-06,2.96218282266e-06,9.12,1400,1,30000
CP_same_threshold,97,354,0.0426696765592,7.10176358234,4.31862647953e-07,9.00198633172e-07,9.12,1416,1,30000
CP_same_threshold,98,353,0.0428725384524,7.14780194982,6.51858703287e-07,2.55636264803e-06,9.12,1412,1,30000
CP_same_threshold,99,353,0.0426874243648,7.10532713447,5.88236707801e-07,5.55172958131e-08,9.12,1412,1,30000
CP_same_threshold,100,354,0.0427696727909,7.12482088323,8.01304527739e-07,6.46185740094e-07,9.12,1416,1,30000
CP_grid_x0.1,1,953,0.0427627018191,7.07465404053,1.33567549193e-07,3.94860680873e-09,9.12,3812,1,30000
CP_grid_x0.1,2,956,0.0427865692238,7.08021301069,4.41124753018e-08,9.18981886187e-08,9.12,3824,1,30000
CP_grid_x0.1,3,959,0.0429302241081,7.11370377034,1.11338097348e-07,3.2232018349e-08,9.12,3836,1,30000
CP_grid_x0.1,4,957,0.0427897163796,7.08103390367,4.750920415e-08,4.39948395804e-08,9.12,3828,1,30000
CP_grid_x0.1,5,952,0.0427380204214,7.06883234844,8.03761117223e-09,1.56374935444e-08,9.12,3808,1,30000
CP_grid_x0.1,6,957,0.0427703313159,7.0777369994,7.28056114284e-08,4.37369802881e-08,9.12,3828,1,30000
CP_grid_x0.1,7,956,0.0429520008092,7.1192410368,5.61798369221e-08,1.6278350722e-08,9.12,3824,1,30000
CP_grid_x0.1,8,953,0.0427387680487,7.0689387331,1.99071015323e-07,1.28259442083e-09,9.12,3812,1,30000
CP_grid_x0.1,9,954,0.0427065351974,7.06135144451,9.97920520578e-08,2.24064827091e-08,9.12,3816,1,30000
CP_grid_x0.1,10,958,0.0428404961658,7.09383280497,4.50658700373e-08,8.38751853988e-08,9.12,3832,1,30000
CP_grid_x0.1,11,953,0.042671719461,7.05423142227,6.73258831054e-08,1.01436892788e-07,9.12,3812,1,30000
CP_grid_x0.1,12,957,0.0428338604658,7.09086464595,3.60211974401e-08,8.64264773853e-08,9.12,3828,1,30000
CP_grid_x0.1,13,957,0.0429771744582,7.12553207675,3.86609524344e-08,8.15425993789e-08,9.12,3828,1,30000
CP_grid_x0.1,14,957,0.0427096367231,7.06284047989,3.80019327037e-08,8.04997568164e-08,9.12,3828,1,30000
CP_grid_x0.1,15,955,0.0427360481107,7.06857720148,1.56747553466e-07,2.45396549478e-07,9.12,3820,1,30000
CP_grid_x0.1,16,950,0.0427786012726,7.0784538092,6.8392918631e-08,1.23833874917e-07,9.12,3800,1,30000
CP_grid_x0.1,17,955,0.0428532228859,7.09608822225,4.41875826404e-08,8.70738775496e-08,9.12,3820,1,30000
CP_grid_x0.1,18,955,0.0426673051424,7.05306063399,4.16283191014e-08,1.28849292309e-07,9.12,3820,1,30000
CP_grid_x0.1,19,955,0.0426245582765,7.04240478308,2.30846993447e-07,7.6255997358e-09,9.12,3820,1,30000
CP_grid_x0.1,20,953,0.0428610425774,7.09786912209,2.06854082281e-07,3.50091178331e-07,9.12,3812,1,30000
CP_grid_x0.1,21,954,0.0427577686375,7.07446110262,7.33206079868e-08,4.22606929681e-08,9.12,3816,1,30000
CP_grid_x0.1,22,953,0.042784160548,7.08046158722,2.8371846754e-08,4.42535630394e-08,9.12,3812,1,30000
CP_grid_x0.1,23,953,0.0427019634851,7.06164447917,2.65824022842e-07,2.82543993362e-07,9.12,3812,1,30000
CP_grid_x0.1,24,956,0.0428484533789,7.09454178961,5.27711565378e-08,6.90571789746e-08,9.12,3824,1,30000
CP_grid_x0.1,25,955,0.0427692466976,7.07614141067,2.9241062602e-08,4.17078359338e-08,9.12,3820,1,30000
CP_grid_x0.1,26,954,0.0426795230036,7.05582073906,6.59709614665e-10,2.32808551064e-09,9.12,3816,1,30000
CP_grid_x0.1,27,958,0.0429809562891,7.12499606568,3.98259146999e-08,5.30069712984e-08,9.12,3832,1,30000
CP_grid_x0.1,28,955,0.0426955575595,7.06043565097,1.47409256817e-07,1.94460937216e-07,9.12,3820,1,30000
CP_grid_x0.1,29,957,0.0427462378294,7.07251571601,4.7313788594e-08,3.88132720858e-08,9.12,3828,1,30000
CP_grid_x0.1,30,957,0.0427297672464,7.0678920274,3.88115630939e-08,6.31624489984e-08,9.12,3828,1,30000
CP_grid_x0.1,31,954,0.0428034682118,7.08443081449,1.51621736882e-08,2.87198231e-08,9.12,3816,1,30000
CP_grid_x0.1,32,952,0.0427401828392,7.07031275531,4.9132659702e-08,8.76175715772e-08,9.12,3808,1,30000
CP_grid_x0.1,33,954,0.042713491002,7.06323478359,3.95821309418e-08,5.94344652819e-08,9.12,3816,1,30000
CP_grid_x0.1,34,956,0.0427709115655,7.07689104227,8.00010924479e-08,3.56690983667e-08,9.12,3824,1,30000
CP_grid_x0.1,35,954,0.0427470930798,7.07197595869,2.19143265518e-07,8.5134072315e-09,9.12,3816,1,30000
CP_grid_x0.1,36,956,0.042894393337,7.10591229006,3.78411421555e-08,8.62754138518e-08,9.12,3824,1,30000
CP_grid_x0.1,37,955,0.0428449025908,7.09481465749,4.50648587784e-08,9.35094942813e-08,9.12,3820,1,30000
CP_grid_x0.1,38,955,0.0426841136689,7.05656803543,3.8660181794e-08,1.10757554979e-07,9.12,3820,1,30000
CP_grid_x0.1,39,954,0.0427684030832,7.07619556344,1.15891578933e-07,1.26117589572e-08,9.12,3816,1,30000
CP_grid_x0.1,40,952,0.0427194726567,7.06468389628,2.67473199358e-08,4.08322889637e-08,9.12,3808,1,30000
CP_grid_x0.1,41,955,0.0427887820573,7.0815782158,3.65964931781e-08,8.39957273324e-08,9.12,3820,1,30000
CP_grid_x0.1,42,957,0.0427943129584,7.08206859483,1.16139004959e-07,2.16198830466e-08,9.12,3828,1,30000
CP_grid_x0.1,43,954,0.0427424939034,7.06952647669,9.36076479619e-08,1.40660689964e-07,9.12,3816,1,30000
CP_grid_x0.1,44,955,0.0427812805255,7.07892214809,2.78544629499e-07,2.66872988582e-07,9.12,3820,1,30000
CP_grid_x0.1,45,955,0.0426864673402,7.05792851608,6.64182620827e-08,6.07011803858e-09,9.12,3820,1,30000
CP_grid_x0.1,46,956,0.04274404176,7.07155132056,2.66163061389e-07,1.1394034631e-07,9.12,3824,1,30000
CP_grid_x0.1,47,951,0.0427699218165,7.07740563007,9.08964763844e-09,2.1029560641e-08,9.12,3804,1,30000
CP_grid_x0.1,48,955,0.0428775451852,7.10118279037,6.50915204882e-08,6.71669743517e-09,9.12,3820,1,30000
CP_grid_x0.1,49,953,0.042716471614,7.06405255753,4.56054712791e-08,7.68230885603e-09,9.12,3812,1,30000
CP_grid_x0.1,50,957,0.0427594751188,7.07428757048,3.86535473985e-08,9.7672608204e-08,9.12,3828,1,30000
CP_grid_x0.1,51,954,0.0427112483168,7.06405573973,4.13445570228e-08,9.45867921037e-08,9.12,3816,1,30000
CP_grid_x0.1,52,958,0.0427289477977,7.06773915766,3.86328880879e-08,7.06227785726e-08,9.12,3832,1,30000
CP_grid_x0.1,53,951,0.042721864429,7.06664786003,2.60967558036e-07,5.96713710533e-08,9.12,3804,1,30000
CP_grid_x0.1,54,951,0.0427292776873,7.06686494318,1.37617926519e-07,2.26851104713e-07,9.12,3804,1,30000
CP_grid_x0.1,55,953,0.0426592063661,7.05163939485,9.31750406286e-10,1.41677760388e-09,9.12,3812,1,30000
CP_grid_x0.1,56,955,0.0428711797661,7.10014354463,1.38746175457e-07,3.8819018912e-09,9.12,3820,1,30000
CP_grid_x0.1,57,953,0.0427445847961,7.07140417408,3.60338500593e-08,1.02572470907e-07,9.12,3812,1,30000
CP_grid_x0.1,58,953,0.0428421322775,7.09206111636,2.86222734231e-08,4.45446385722e-08,9.12,3812,1,30000
CP_grid_x0.1,59,956,0.0427670643159,7.07626033001,7.15583863262e-08,1.27580656818e-07,9.12,3824,1,30000
CP_grid_x0.1,60,954,0.0427845309246,7.08071015864,3.90812121714e-09,4.36106373081e-09,9.12,3816,1,30000
CP_grid_x0.1,61,955,0.0429076068393,7.10842368694,2.30660396887e-07,6.97896949819e-09,9.12,3820,1,30000
CP_grid_x0.1,62,953,0.0427825299588,7.0801955551,5.61934184557e-08,8.75455701113e-08,9.12,3812,1,30000
CP_grid_x0.1,63,956,0.0428555766369,7.09661658749,4.90076006487e-08,7.61586578464e-09,9.12,3824,1,30000
CP_grid_x0.1,64,955,0.0427388513418,7.06963924551,1.11809747236e-07,1.74003739814e-07,9.12,3820,1,30000
CP_grid_x0.1,65,953,0.0428175828768,7.0876755636,4.23826837538e-08,3.08323998882e-08,9.12,3812,1,30000
CP_grid_x0.1,66,956,0.042826700125,7.09021991751,4.85873545574e-08,8.81854861903e-09,9.12,3824,1,30000
CP_grid_x0.1,67,955,0.042832318527,7.09141803042,5.805812976e-08,8.99360284222e-08,9.12,3820,1,30000
CP_grid_x0.1,68,956,0.042791796799,7.08162640899,6.61506171318e-08,1.17010992458e-07,9.12,3824,1,30000
CP_grid_x0.1,69,956,0.0427630550156,7.07565280925,4.31042133251e-08,1.07165830739e-07,9.12,3824,1,30000
CP_grid_x0.1,70,954,0.0428187992114,7.08759748151,9.15025112858e-09,2.18018750893e-08,9.12,3816,1,30000
CP_grid_x0.1,71,954,0.0428263228808,7.08898354326,1.07314646306e-07,1.95575311426e-07,9.12,3816,1,30000
CP_grid_x0.1,72,954,0.0427374405157,7.0696414146,1.44015529239e-07,2.28882736017e-07,9.12,3816,1,30000
CP_grid_x0.1,73,952,0.0428152914293,7.08724299373,3.79344548286e-09,9.60768721586e-09,9.12,3808,1,30000
CP_grid_x0.1,74,951,0.0428542331775,7.09694902868,3.57309709047e-08,5.77060647362e-08,9.12,3804,1,30000
CP_grid_x0.1,75,956,0.0428091923854,7.08617560803,1.33983223535e-07,6.1849649786e-09,9.12,3824,1,30000
CP_grid_x0.1,76,953,0.0426881762126,7.05815482323,6.51419155004e-08,9.04262113639e-08,9.12,3812,1,30000
CP_grid_x0.1,77,952,0.0426411791705,7.04844962023,3.70413103817e-08,1.09794806946e-07,9.12,3808,1,30000
CP_grid_x0.1,78,953,0.0427137807608,7.06442537468,3.44967357384e-08,1.20891261469e-07,9.12,3812,1,30000
CP_grid_x0.1,79,955,0.0427902160823,7.08042282873,4.66939917411e-08,3.06033024097e-09,9.12,3820,1,30000
CP_grid_x0.1,80,956,0.0426792186344,7.05473002927,3.75428279543e-08,9.6461866368e-08,9.12,3824,1,30000
CP_grid_x0.1,81,956,0.0427406285989,7.06947316104,1.02491294708e-07,1.59655384666e-08,9.12,3824,1,30000
CP_grid_x0.1,82,958,0.0427576958958,7.0725694293,3.95293575973e-08,5.20079765626e-08,9.12,3832,1,30000
CP_grid_x0.1,83,956,0.0426976911541,7.05970174751,3.89792102905e-08,6.64226186352e-08,9.12,3824,1,30000
CP_grid_x0.1,84,956,0.0427592747802,7.07479291956,3.53785639846e-08,1.42799580227e-07,9.12,3824,1,30000
CP_grid_x0.1,85,954,0.0427653575786,7.0757998658,2.12364053151e-07,3.47205691812e-07,9.12,3816,1,30000
CP_grid_x0.1,86,955,0.0427714205557,7.07783585245,1.19152255927e-07,1.85477187531e-07,9.12,3820,1,30000
CP_grid_x0.1,87,956,0.0428954308051,7.10605989901,4.56247200367e-08,5.81900297743e-09,9.12,3824,1,30000
CP_grid_x0.1,88,956,0.0428373234668,7.09265748733,4.21368344934e-08,8.48313576001e-08,9.12,3824,1,30000
CP_grid_x0.1,89,954,0.0427632987222,7.07349850113,6.5739685895e-08,6.32867118408e-09,9.12,3816,1,30000
CP_grid_x0.1,90,952,0.0427429989368,7.07085839671,1.68100760406e-08,3.49751419938e-08,9.12,3808,1,30000
CP_grid_x0.1,91,957,0.0427890432752,7.08219120437,3.69044675736e-08,9.00156332286e-08,9.12,3828,1,30000
CP_grid_x0.1,92,953,0.042773605414,7.07781878963,3.08601749559e-08,5.93745786999e-08,9.12,3812,1,30000
CP_grid_x0.1,93,954,0.042842135947,7.09336741777,4.48419935379e-08,7.96427574775e-08,9.12,3816,1,30000
CP_grid_x0.1,94,956,0.042742596229,7.07106514135,4.10928486576e-08,8.98564301795e-08,9.12,3824,1,30000
CP_grid_x0.1,95,954,0.0427653767453,7.07645465127,3.58854695856e-08,1.04557817285e-07,9.12,3816,1,30000
CP_grid_x0.1,96,953,0.0427150215853,7.06384900757,5.20023315525e-08,6.6226869087e-08,9.12,3812,1,30000
CP_grid_x0.1,97,954,0.0426688258481,7.0537107675,1.00126245073e-07,1.56954211895e-07,9.12,3816,1,30000
CP_grid_x0.1,98,954,0.04287178112,7.0997128719,1.51560103315e-07,2.35505940019e-07,9.12,3816,1,30000
CP_grid_x0.1,99,956,0.0426862977217,7.05714648911,6.96473458351e-08,2.6577855313e-09,9.12,3824,1,30000
CP_grid_x0.1,100,955,0.0427689079033,7.07675733146,6.25745455174e-08,5.65107901163e-08,9.12,3820,1,30000
CP_grid_x0.3,1,600,0.0427631667526,7.08510931976,2.66383843866e-08,2.96919322382e-08,9.12,2400,1,30000
CP_grid_x0.3,2,605,0.0427868034021,7.09032049677,1.1134681276e-07,2.92680169772e-07,9.12,2420,1,30000
CP_grid_x0.3,3,599,0.0429316976042,7.12570424516,1.48914154163e-07,2.79238338634e-07,9.12,2396,1,30000
CP_grid_x0.3,4,599,0.0427909482458,7.09260979753,1.36059709859e-07,2.58671451477e-07,9.12,2396,1,30000
CP_grid_x0.3,5,601,0.0427388630396,7.07995884319,1.23051996025e-07,3.57150436666e-07,9.12,2404,1,30000
CP_grid_x0.3,6,600,0.0427716081767,7.08963702888,1.23851339817e-07,2.79624421068e-07,9.12,2400,1,30000
CP_grid_x0.3,7,600,0.0429530703203,7.13093595134,1.14868189407e-07,4.87284225685e-07,9.12,2400,1,30000
CP_grid_x0.3,8,601,0.0427391967678,7.07916313841,1.16057661474e-07,5.1325768137e-07,9.12,2404,1,30000
CP_grid_x0.3,9,595,0.0427079361827,7.07332664415,3.85146059776e-07,4.4423809339e-08,9.12,2380,1,30000
CP_grid_x0.3,10,594,0.0428420492374,7.10572650253,2.18289258705e-07,3.7308483623e-07,9.12,2376,1,30000
CP_grid_x0.3,11,606,0.0426717704079,7.06383800106,1.50513409729e-07,6.53224021683e-07,9.12,2424,1,30000
CP_grid_x0.3,12,596,0.0428352541056,7.10253682619,3.81963451806e-07,5.0663248368e-07,9.12,2384,1,30000
CP_grid_x0.3,13,597,0.0429785851008,7.13792356428,4.31286377332e-07,6.80723021312e-07,9.12,2388,1,30000
CP_grid_x0.3,14,598,0.0427108586256,7.07418344112,2.65742199734e-07,4.49435064433e-09,9.12,2392,1,30000
CP_grid_x0.3,15,599,0.0427371027235,7.07959526192,1.15653365147e-07,1.5227889936e-07,9.12,2396,1,30000
CP_grid_x0.3,16,598,0.0427798607349,7.09042728788,1.28791141444e-07,7.51496464974e-08,9.12,2392,1,30000
CP_grid_x0.3,17,596,0.042854929536,7.10896228905,1.31147580794e-07,5.83604330049e-07,9.12,2384,1,30000
CP_grid_x0.3,18,602,0.0426680185312,7.06384136752,1.36475909316e-07,3.01506819597e-07,9.12,2408,1,30000
CP_grid_x0.3,19,598,0.0426254513428,7.05325057446,5.30354682773e-07,8.20404351838e-07,9.12,2392,1,30000
CP_grid_x0.3,20,602,0.0428609818562,7.10769014995,2.5417052944e-08,3.63743971267e-08,9.12,2408,1,30000
CP_grid_x0.3,21,598,0.0427589123642,7.08577521743,8.75530850083e-07,9.28369097801e-07,9.12,2392,1,30000
CP_grid_x0.3,22,598,0.0427855760489,7.09265145137,6.1932431657e-07,1.05319481439e-09,9.12,2392,1,30000
CP_grid_x0.3,23,601,0.0427027775155,7.07246936342,1.60910479383e-07,5.4656408721e-07,9.12,2404,1,30000
CP_grid_x0.3,24,599,0.0428495100141,7.10587296708,2.95835919019e-07,1.28685877267e-08,9.12,2396,1,30000
CP_grid_x0.3,25,593,0.042771449778,7.08899080833,1.98469455575e-07,1.97179715601e-07,9.12,2372,1,30000
CP_grid_x0.3,26,600,0.0426806164319,7.06683335029,1.37879795309e-07,2.56310344969e-07,9.12,2400,1,30000
CP_grid_x0.3,27,592,0.0429834130171,7.13892687479,1.09075497665e-07,3.66579805289e-07,9.12,2368,1,30000
CP_grid_x0.3,28,600,0.0426960222096,7.07057402769,1.69346939226e-07,2.39950398627e-07,9.12,2400,1,30000
CP_grid_x0.3,29,603,0.0427464736286,7.08237665662,1.1204379453e-07,4.98530179507e-07,9.12,2412,1,30000
CP_grid_x0.3,30,599,0.0427306388981,7.07853946417,1.04503481832e-07,2.81556372565e-07,9.12,2396,1,30000
CP_grid_x0.3,31,596,0.0428045566813,7.09582818765,3.24420987968e-07,5.67409748772e-07,9.12,2384,1,30000
CP_grid_x0.3,32,599,0.0427408838495,7.08131784303,2.83855730674e-07,4.99488301529e-07,9.12,2396,1,30000
CP_grid_x0.3,33,601,0.0427144810016,7.07431594883,1.62541527771e-07,3.08493588916e-07,9.12,2404,1,30000
CP_grid_x0.3,34,598,0.0427721037396,7.08835902509,2.0558174793e-07,2.82218007232e-08,9.12,2392,1,30000
CP_grid_x0.3,35,597,0.0427483723293,7.08359470674,1.16774464839e-07,5.13391323837e-07,9.12,2388,1,30000
CP_grid_x0.3,36,600,0.0428953924917,7.11713554253,6.79629206717e-07,2.6423714601e-09,9.12,2400,1,30000
CP_grid_x0.3,37,599,0.0428461217696,7.1064763435,1.27646562874e-07,6.0070480761e-07,9.12,2396,1,30000
CP_grid_x0.3,38,601,0.0426848447695,7.06702516943,6.42046317988e-07,6.91706854756e-10,9.12,2404,1,30000
CP_grid_x0.3,39,601,0.0427691839387,7.08724602927,3.71443991052e-07,1.28344984251e-07,9.12,2404,1,30000
CP_grid_x0.3,40,597,0.0427208801673,7.0765358129,2.8585702562e-07,7.37961809313e-09,9.12,2388,1,30000
CP_grid_x0.3,41,592,0.0427906909017,7.09463875066,2.16294332495e-07,3.36605775743e-07,9.12,2368,1,30000
CP_grid_x0.3,42,591,0.0427964960274,7.09512490835,1.84083373309e-07,2.73235509694e-07,9.12,2364,1,30000
CP_grid_x0.3,43,600,0.0427436234959,7.08138805849,1.24844984293e-07,2.97006851406e-07,9.12,2400,1,30000
CP_grid_x0.3,44,597,0.0427826147638,7.09057571247,1.06826457849e-07,3.3269428291e-07,9.12,2388,1,30000
CP_grid_x0.3,45,601,0.0426872189281,7.06866101766,1.13613718633e-07,3.27895510195e-07,9.12,2404,1,30000
CP_grid_x0.3,46,603,0.0427440982977,7.08121399134,4.55593584065e-07,6.8909615256e-07,9.12,2412,1,30000
CP_grid_x0.3,47,600,0.0427705662006,7.08854377176,5.70869085666e-07,8.73067346869e-07,9.12,2400,1,30000
CP_grid_x0.3,48,593,0.0428794989762,7.11373185696,1.18406284922e-07,3.25267128235e-07,9.12,2372,1,30000
CP_grid_x0.3,49,598,0.0427169341126,7.07444873441,3.92435689637e-08,5.53289977767e-08,9.12,2392,1,30000
CP_grid_x0.3,50,596,0.0427609552729,7.08593584984,1.5019820443e-07,2.44736576808e-07,9.12,2384,1,30000
CP_grid_x0.3,51,599,0.0427120826985,7.07485222243,1.69624597487e-07,9.02098867739e-08,9.12,2396,1,30000
CP_grid_x0.3,52,596,0.0427301892067,7.07916602084,2.43081457662e-07,4.24722897678e-07,9.12,2384,1,30000
CP_grid_x0.3,53,600,0.0427226323082,7.07770409435,1.25416698659e-07,2.95913629996e-07,9.12,2400,1,30000
CP_grid_x0.3,54,598,0.042730276204,7.07766504803,6.67275661418e-07,1.55264036097e-09,9.12,2392,1,30000
CP_grid_x0.3,55,595,0.0426608516066,7.06357391019,1.20748849399e-07,5.36070442345e-07,9.12,2380,1,30000
CP_grid_x0.3,56,599,0.0428725240827,7.11251492486,1.44647960746e-07,2.77336285292e-07,9.12,2396,1,30000
CP_grid_x0.3,57,595,0.0427457930571,7.08288669573,3.33670294754e-07,4.88595583313e-07,9.12,2380,1,30000
CP_grid_x0.3,58,601,0.0428429316193,7.1029089699,1.55121656265e-07,3.59266989542e-07,9.12,2404,1,30000
CP_grid_x0.3,59,598,0.0427684018763,7.08802562079,1.62415739588e-07,7.22104447686e-07,9.12,2392,1,30000
CP_grid_x0.3,60,595,0.042786163701,7.09270101834,1.69828023427e-07,7.18377135057e-08,9.12,2380,1,30000
CP_grid_x0.3,61,595,0.0429092114305,7.12043956616,9.20355385315e-07,1.34499993921e-06,9.12,2380,1,30000
CP_grid_x0.3,62,602,0.042783122882,7.0906225207,1.07703619967e-07,3.53021903805e-07,9.12,2408,1,30000
CP_grid_x0.3,63,599,0.0428567900196,7.10825471491,1.22678389556e-07,3.14379729297e-07,9.12,2396,1,30000
CP_grid_x0.3,64,595,0.0427402095366,7.08095836908,4.6243824771e-07,7.21191730608e-07,9.12,2380,1,30000
CP_grid_x0.3,65,594,0.042819124655,7.10047932053,1.40050834839e-07,2.00769608176e-07,9.12,2376,1,30000
CP_grid_x0.3,66,600,0.042827668635,7.10129798206,4.08133658674e-07,3.92854589235e-08,9.12,2400,1,30000
CP_grid_x0.3,67,598,0.0428332002606,7.10220204408,6.26040810252e-07,9.22176322001e-07,9.12,2392,1,30000
CP_grid_x0.3,68,598,0.0427930565142,7.09315954407,1.11900166461e-07,3.4365236134e-07,9.12,2392,1,30000
CP_grid_x0.3,69,602,0.0427631327616,7.0854186628,2.70584490402e-08,4.25244296647e-08,9.12,2408,1,30000
CP_grid_x0.3,70,595,0.0428203470128,7.09961299365,4.65177996974e-07,4.15295140813e-07,9.12,2380,1,30000
CP_grid_x0.3,71,596,0.0428273391882,7.09999256432,2.28508830605e-07,3.41678422703e-07,9.12,2384,1,30000
CP_grid_x0.3,72,604,0.0427379598429,7.08052030007,1.41759055636e-07,2.04604724016e-08,9.12,2416,1,30000
CP_grid_x0.3,73,599,0.0428164532964,7.09919214928,1.19696025925e-07,1.39449502296e-07,9.12,2396,1,30000
CP_grid_x0.3,74,600,0.0428552461343,7.1085421817,1.19823635219e-07,5.28056396429e-07,9.12,2400,1,30000
CP_grid_x0.3,75,602,0.0428098282532,7.09665338549,1.31580584166e-07,2.80945724021e-07,9.12,2408,1,30000
CP_grid_x0.3,76,598,0.0426892508408,7.06930089299,1.1591893745e-07,1.45228621632e-07,9.12,2392,1,30000
CP_grid_x0.3,77,600,0.0426418174746,7.05888580803,2.52971821095e-07,1.2810663664e-07,9.12,2400,1,30000
CP_grid_x0.3,78,599,0.0427149226841,7.07611563133,1.32233261397e-07,2.39542668878e-07,9.12,2396,1,30000
CP_grid_x0.3,79,601,0.0427911598158,7.09157328455,1.17751201257e-07,3.42124080842e-07,9.12,2404,1,30000
CP_grid_x0.3,80,598,0.0426803179828,7.06598711344,1.07245209709e-07,4.35436560299e-07,9.12,2392,1,30000
CP_grid_x0.3,81,597,0.0427415374391,7.08044302497,6.31785213224e-08,1.20587774765e-07,9.12,2388,1,30000
CP_grid_x0.3,82,598,0.0427590331617,7.08407492222,1.1887607616e-07,1.82422641117e-07,9.12,2392,1,30000
CP_grid_x0.3,83,596,0.0426988163631,7.07087795928,2.57214886986e-07,3.41799639588e-07,9.12,2384,1,30000
CP_grid_x0.3,84,598,0.0427602593243,7.08588840642,7.83922078881e-07,1.22104027748e-06,9.12,2392,1,30000
CP_grid_x0.3,85,601,0.0427660862301,7.0864082437,1.12493920991e-07,3.63291061953e-07,9.12,2404,1,30000
CP_grid_x0.3,86,600,0.0427726493786,7.08955630507,1.27720854484e-07,3.15456774048e-07,9.12,2400,1,30000
CP_grid_x0.3,87,598,0.0428963299699,7.11694254676,2.21346422255e-07,1.8820224895e-08,9.12,2392,1,30000
CP_grid_x0.3,88,596,0.0428389329824,7.10464423118,2.27029340428e-07,1.46987832222e-07,9.12,2384,1,30000
CP_grid_x0.3,89,596,0.0427643239716,7.08475297637,1.4098868054e-07,2.41235654643e-07,9.12,2384,1,30000
CP_grid_x0.3,90,595,0.0427442808765,7.0826544205,5.08432425313e-07,7.53465251396e-07,9.12,2380,1,30000
CP_grid_x0.3,91,598,0.0427897559099,7.09279255365,9.76809415463e-08,1.63637030354e-07,9.12,2392,1,30000
CP_grid_x0.3,92,601,0.0427744454616,7.08889806719,1.38212394413e-07,2.50816763096e-07,9.12,2404,1,30000
CP_grid_x0.3,93,597,0.042842886157,7.10427239075,2.90652964482e-09,8.52418689568e-09,9.12,2388,1,30000
CP_grid_x0.3,94,600,0.0427429381721,7.08093956947,1.45691344732e-07,2.11084921625e-07,9.12,2400,1,30000
CP_grid_x0.3,95,599,0.0427659367815,7.08699807875,2.53664746623e-07,4.84321591822e-07,9.12,2396,1,30000
CP_grid_x0.3,96,598,0.0427161803141,7.07537413395,1.50642416871e-07,3.95817914515e-07,9.12,2392,1,30000
CP_grid_x0.3,97,604,0.0426690672136,7.06340321541,1.18147382046e-07,1.48490603119e-07,9.12,2416,1,30000
CP_grid_x0.3,98,594,0.0428734007001,7.11161118069,3.43257812334e-07,5.30465640383e-07,9.12,2376,1,30000
CP_grid_x0.3,99,596,0.0426875126957,7.06857030613,1.26933811788e-07,1.77263038428e-07,9.12,2384,1,30000
CP_grid_x0.3,100,596,0.0427699657617,7.08811300819,2.24067962144e-07,4.05623848874e-07,9.12,2384,1,30000
CP_grid_x3.0,1,211,0.042770715647,7.18374086771,1.86239342166e-06,1.46242532754e-06,9.12,844,1,30000
CP_grid_x3.0,2,210,0.0427956687749,7.19136906267,3.10489518718e-06,2.69061145841e-06,9.12,840,1,30000
CP_grid_x3.0,3,207,0.0429399329681,7.22439713241,7.50135395655e-06,1.02217641618e-05,9.12,828,1,30000
CP_grid_x3.0,4,212,0.0427968150643,7.18870618566,1.84648855248e-06,1.4295190116e-06,9.12,848,1,30000
CP_grid_x3.0,5,207,0.0427452894361,7.17926791088,6.52050795977e-07,7.94420521396e-07,9.12,828,1,30000
CP_grid_x3.0,6,211,0.042777748215,7.18670085432,1.3091657198e-06,2.77498684066e-06,9.12,844,1,30000
CP_grid_x3.0,7,207,0.0429605870487,7.22821154445,6.46062800238e-06,9.10164852863e-06,9.12,828,1,30000
CP_grid_x3.0,8,210,0.0427463958726,7.17589623114,3.38122186484e-06,9.43633368367e-07,9.12,840,1,30000
CP_grid_x3.0,9,209,0.0427150935672,7.17105699281,1.58773883932e-06,6.14872227804e-06,9.12,836,1,30000
CP_grid_x3.0,10,211,0.042848020391,7.20250309954,1.34688141736e-06,3.61911828226e-07,9.12,844,1,30000
CP_grid_x3.0,11,208,0.042678718309,7.16005393517,5.48110590022e-06,7.8342964226e-06,9.12,832,1,30000
CP_grid_x3.0,12,206,0.0428425228315,7.20366515258,2.05954892636e-07,2.5905648236e-07,9.12,824,1,30000
CP_grid_x3.0,13,211,0.0429859169523,7.23917875077,1.3786205321e-06,1.98959178397e-06,9.12,844,1,30000
CP_grid_x3.0,14,211,0.0427170002388,7.16957595302,3.26387593094e-06,2.85363004421e-06,9.12,844,1,30000
CP_grid_x3.0,15,211,0.0427438511481,7.17702238002,1.41610561489e-06,7.91019181978e-08,9.12,844,1,30000
CP_grid_x3.0,16,210,0.0427866245047,7.18778393128,2.67511229554e-06,1.63935417011e-07,9.12,840,1,30000
CP_grid_x3.0,17,210,0.0428614300433,7.20687736559,1.37359987016e-06,2.2681958316e-07,9.12,840,1,30000
CP_grid_x3.0,18,208,0.0426736946529,7.15900383367,1.62590543285e-06,2.06119387331e-06,9.12,832,1,30000
CP_grid_x3.0,19,212,0.0426305488136,7.14736052921,1.17570999116e-06,1.84719411878e-06,9.12,848,1,30000
CP_grid_x3.0,20,208,0.0428677637333,7.2047627082,3.73542767153e-06,5.27155347534e-06,9.12,832,1,30000
CP_grid_x3.0,21,211,0.042764932838,7.18108406549,2.25125394892e-06,7.70448832419e-07,9.12,844,1,30000
CP_grid_x3.0,22,210,0.0427927136457,7.19219807274,1.44341912094e-06,6.87460838898e-08,9.12,840,1,30000
CP_grid_x3.0,23,208,0.0427115480475,7.16919915848,9.87591698767e-06,2.64292264307e-06,9.12,832,1,30000
CP_grid_x3.0,24,212,0.0428554254507,7.20204648701,2.10747428737e-06,1.16540725846e-06,9.12,848,1,30000
CP_grid_x3.0,25,211,0.0427769151903,7.18329162249,2.94835712996e-06,4.252886411e-07,9.12,844,1,30000
CP_grid_x3.0,26,211,0.0426869492193,7.16297182953,1.17472315361e-06,1.60704048729e-06,9.12,844,1,30000
CP_grid_x3.0,27,208,0.0429913234957,7.2381961163,4.53696496305e-06,4.7863081744e-07,9.12,832,1,30000
CP_grid_x3.0,28,209,0.0427006637152,7.16374686674,1.8595544415e-06,2.48320499976e-06,9.12,836,1,30000
CP_grid_x3.0,29,209,0.0427558142351,7.18335569981,6.44860225801e-06,8.60199298747e-08,9.12,836,1,30000
CP_grid_x3.0,30,211,0.0427369650661,7.17600532353,1.28366378499e-06,5.62766720119e-07,9.12,844,1,30000
CP_grid_x3.0,31,210,0.0428118569119,7.19538668777,1.37966665583e-06,1.81531760474e-07,9.12,840,1,30000
CP_grid_x3.0,32,212,0.0427470973629,7.17776570918,1.39590626831e-06,2.16944141125e-06,9.12,848,1,30000
CP_grid_x3.0,33,213,0.042719735514,7.1700860337,1.35337879441e-06,2.66408883514e-06,9.12,852,1,30000
CP_grid_x3.0,34,207,0.0427783572945,7.18529427745,1.33578490213e-06,1.84211611344e-06,9.12,828,1,30000
CP_grid_x3.0,35,207,0.0427539038188,7.18028412666,4.67453068302e-07,8.2974706683e-07,9.12,828,1,30000
CP_grid_x3.0,36,212,0.0429006992322,7.21190960772,3.04561713962e-06,1.30737133418e-06,9.12,848,1,30000
CP_grid_x3.0,37,211,0.0428533350162,7.20680450609,1.48523815336e-06,1.77442405306e-06,9.12,844,1,30000
CP_grid_x3.0,38,210,0.0426929769389,7.16643760438,3.34839337708e-06,2.88034875561e-06,9.12,840,1,30000
CP_grid_x3.0,39,211,0.0427756181052,7.1836137864,2.81079063628e-06,2.03106094613e-07,9.12,844,1,30000
CP_grid_x3.0,40,210,0.0427267166226,7.17127809235,2.03763898986e-06,7.26398632401e-06,9.12,840,1,30000
CP_grid_x3.0,41,209,0.0427964890566,7.19043534144,2.42362374675e-06,3.06399266858e-07,9.12,836,1,30000
CP_grid_x3.0,42,211,0.0428015560216,7.18888754241,2.41994625313e-06,3.40107593649e-07,9.12,844,1,30000
CP_grid_x3.0,43,210,0.0427505357161,7.17962852685,1.85571253384e-06,5.973160171e-07,9.12,840,1,30000
CP_grid_x3.0,44,211,0.0427894844713,7.18912477429,1.44379436109e-06,2.24769259929e-06,9.12,844,1,30000
CP_grid_x3.0,45,212,0.0426926542097,7.16280972061,1.48585137487e-06,2.1208839353e-07,9.12,848,1,30000
CP_grid_x3.0,46,211,0.0427512687571,7.17906729525,1.54144042505e-06,2.73101479923e-07,9.12,844,1,30000
CP_grid_x3.0,47,210,0.0427781137568,7.18749105526,1.91049747765e-06,5.36282292515e-06,9.12,840,1,30000
CP_grid_x3.0,48,206,0.0428864360802,7.21293677084,3.34680128249e-06,5.49439919502e-06,9.12,824,1,30000
CP_grid_x3.0,49,211,0.0427236182183,7.17144024388,2.99369444439e-06,1.05918788998e-06,9.12,844,1,30000
CP_grid_x3.0,50,206,0.0427679064099,7.18321321528,3.4768777544e-06,5.75666864873e-06,9.12,824,1,30000
CP_grid_x3.0,51,210,0.0427184916807,7.16984703188,1.38598260919e-06,5.42121533863e-06,9.12,840,1,30000
CP_grid_x3.0,52,210,0.0427353877709,7.17253639514,1.28602162821e-06,6.14745299965e-06,9.12,840,1,30000
CP_grid_x3.0,53,209,0.0427302293304,7.17563517257,1.82563566076e-06,1.84907222196e-06,9.12,836,1,30000
CP_grid_x3.0,54,211,0.042735315361,7.17190268056,1.06571674788e-06,4.11837335525e-06,9.12,844,1,30000
CP_grid_x3.0,55,212,0.0426663486639,7.15977533805,1.83121195479e-06,1.16109894766e-06,9.12,848,1,30000
CP_grid_x3.0,56,211,0.0428791908794,7.21071288596,1.55831705653e-06,1.48379189767e-06,9.12,844,1,30000
CP_grid_x3.0,57,208,0.0427521293636,7.17737629761,6.89889390828e-06,9.7236237452e-06,9.12,832,1,30000
CP_grid_x3.0,58,209,0.0428501452825,7.20131794241,4.10088765503e-06,7.37036759618e-07,9.12,836,1,30000
CP_grid_x3.0,59,211,0.0427743327403,7.18440814883,1.48961599815e-06,1.66979436732e-07,9.12,844,1,30000
CP_grid_x3.0,60,212,0.0427920755648,7.18984822479,1.5295596681e-06,1.87631147028e-06,9.12,848,1,30000
CP_grid_x3.0,61,212,0.0429139000386,7.21517706466,1.46923571976e-06,6.75105183169e-08,9.12,848,1,30000
CP_grid_x3.0,62,211,0.0427902188269,7.18961976021,1.4117517738e-06,9.38844541676e-08,9.12,844,1,30000
CP_grid_x3.0,63,211,0.0428627869483,7.20539728669,2.15085707467e-06,1.29688204128e-06,9.12,844,1,30000
CP_grid_x3.0,64,211,0.0427461339937,7.17769897599,1.42853228767e-06,6.26051798426e-08,9.12,844,1,30000
CP_grid_x3.0,65,208,0.0428238499849,7.1955773119,1.49461194162e-06,1.9009647078e-06,9.12,832,1,30000
CP_grid_x3.0,66,210,0.0428355129808,7.2013747714,1.55014345234e-06,7.9761878335e-07,9.12,840,1,30000
CP_grid_x3.0,67,211,0.0428395039794,7.19929318926,1.88395285888e-06,1.54899831066e-06,9.12,844,1,30000
CP_grid_x3.0,68,210,0.042799765257,7.19071472234,2.0161525373e-06,7.24878060805e-06,9.12,840,1,30000
CP_grid_x3.0,69,207,0.042772625749,7.18478762561,7.7394677146e-06,1.06350638906e-05,9.12,828,1,30000
CP_grid_x3.0,70,211,0.0428262681177,7.19699246828,1.5581356104e-06,2.6930919616e-07,9.12,844,1,30000
CP_grid_x3.0,71,208,0.0428341790693,7.19667838045,7.33488064336e-06,1.03127017761e-05,9.12,832,1,30000
CP_grid_x3.0,72,209,0.0427463277054,7.18005168803,2.56353212777e-06,8.79898351096e-06,9.12,836,1,30000
CP_grid_x3.0,73,209,0.0428239516727,7.19628784395,2.95792620091e-06,1.09484806145e-06,9.12,836,1,30000
CP_grid_x3.0,74,211,0.0428615689936,7.20570015847,1.49552994343e-06,5.03081136165e-07,9.12,844,1,30000
CP_grid_x3.0,75,211,0.0428166974393,7.1953217237,2.96794888775e-06,2.99949253528e-07,9.12,844,1,30000
CP_grid_x3.0,76,210,0.0426954115443,7.16541827598,1.47783562927e-06,9.64102714253e-07,9.12,840,1,30000
CP_grid_x3.0,77,212,0.0426478927868,7.1551541834,1.43340059835e-06,2.14546425598e-06,9.12,848,1,30000
CP_grid_x3.0,78,211,0.0427209524518,7.17158610903,2.60770634147e-06,1.35845360259e-07,9.12,844,1,30000
CP_grid_x3.0,79,207,0.042798562606,7.1886872491,5.20551035853e-06,7.16526283224e-06,9.12,828,1,30000
CP_grid_x3.0,80,210,0.042686597161,7.16135489667,2.62163676862e-06,8.54380300402e-06,9.12,840,1,30000
CP_grid_x3.0,81,210,0.0427479593058,7.17634094999,1.04928666467e-06,3.99973988439e-06,9.12,840,1,30000
CP_grid_x3.0,82,212,0.0427641358246,7.17969940206,2.10424745083e-06,1.19486991272e-06,9.12,848,1,30000
CP_grid_x3.0,83,212,0.0427047066837,7.16654275684,1.81939440427e-06,1.49083917169e-06,9.12,848,1,30000
CP_grid_x3.0,84,211,0.0427664700755,7.18070176952,3.17971384811e-06,2.1350587341e-06,9.12,844,1,30000
CP_grid_x3.0,85,209,0.0427727662189,7.18232214852,2.81068836629e-06,6.56954804419e-08,9.12,836,1,30000
CP_grid_x3.0,86,209,0.0427788081502,7.18225151295,8.93004764345e-06,1.27250602791e-05,9.12,836,1,30000
CP_grid_x3.0,87,210,0.0429037690061,7.21740961785,1.27014513957e-06,8.06039094332e-07,9.12,840,1,30000
CP_grid_x3.0,88,211,0.0428448600013,7.20267037811,1.23005933923e-06,1.01000842839e-06,9.12,844,1,30000
CP_grid_x3.0,89,210,0.042770525731,7.18169653026,1.6207199233e-06,1.32012523659e-07,9.12,840,1,30000
CP_grid_x3.0,90,210,0.0427505200924,7.17836453344,1.1592642337e-06,2.67250703133e-06,9.12,840,1,30000
CP_grid_x3.0,91,207,0.042795689073,7.18939011214,2.31635269818e-07,2.22535467501e-07,9.12,828,1,30000
CP_grid_x3.0,92,211,0.0427806658589,7.18595272316,1.17735400465e-06,1.60267263399e-06,9.12,844,1,30000
CP_grid_x3.0,93,210,0.0428506133235,7.20282997267,2.93763803042e-06,4.41342374896e-07,9.12,840,1,30000
CP_grid_x3.0,94,207,0.04274920071,7.17912614344,1.28012773072e-07,1.65160277905e-07,9.12,828,1,30000
CP_grid_x3.0,95,211,0.0427727623819,7.18432078841,2.25106530568e-06,1.11111534145e-06,9.12,844,1,30000
CP_grid_x3.0,96,208,0.0427209612841,7.16983082762,1.40464193877e-06,2.30857995047e-06,9.12,832,1,30000
CP_grid_x3.0,97,212,0.0426754489535,7.15967091126,3.11543937157e-06,1.68851380482e-06,9.12,848,1,30000
CP_grid_x3.0,98,210,0.0428795301851,7.20919056704,1.67948403642e-06,3.96839916835e-06,9.12,840,1,30000
CP_grid_x3.0,99,207,0.0426934382878,7.16413862443,1.38822529306e-06,2.14802959812e-06,9.12,828,1,30000
CP_grid_x3.0,100,210,0.0427763909924,7.18374625737,1.67218880062e-06,4.05473622663e-06,9.12,840,1,30000
CP_grid_x10.0,1,117,0.0427855284744,7.30291477763,2.0280479229e-05,2.97445443788e-05,9.12,468,1,30000
CP_grid_x10.0,2,122,0.042805830655,7.31026907226,5.28434909578e-06,4.38943060843e-07,9.12,488,1,30000
CP_grid_x10.0,3,121,0.0429508091754,7.34324775222,5.75133729918e-06,4.69785658972e-06,9.12,484,1,30000
CP_grid_x10.0,4,122,0.0428085488815,7.31059853656,6.52560912362e-06,1.31255217354e-07,9.12,488,1,30000
CP_grid_x10.0,5,121,0.0427567355286,7.2985265456,3.58976680578e-06,1.04320832946e-05,9.12,484,1,30000
CP_grid_x10.0,6,121,0.042790092855,7.30711040715,5.04401899832e-06,5.61528927613e-07,9.12,484,1,30000
CP_grid_x10.0,7,121,0.0429714304547,7.349619023,4.76796452801e-06,1.89372401861e-06,9.12,484,1,30000
CP_grid_x10.0,8,120,0.0427588952942,7.29926920855,6.26982762655e-06,5.15687287756e-07,9.12,480,1,30000
CP_grid_x10.0,9,117,0.0427278636979,7.29021497306,1.18437686112e-05,1.60925463908e-05,9.12,468,1,30000
CP_grid_x10.0,10,121,0.0428599935177,7.32409971843,4.96754273482e-06,7.45581182158e-07,9.12,484,1,30000
CP_grid_x10.0,11,117,0.042698508069,7.28232027134,3.14427717528e-05,4.34239939723e-05,9.12,468,1,30000
CP_grid_x10.0,12,121,0.0428531621533,7.32032132536,4.95500850181e-06,6.06520792582e-07,9.12,484,1,30000
CP_grid_x10.0,13,120,0.042998582979,7.354230576,4.14441942687e-06,7.36140175384e-06,9.12,480,1,30000
CP_grid_x10.0,14,119,0.0427304132614,7.29115495966,3.31295850194e-06,1.31704936168e-05,9.12,476,1,30000
CP_grid_x10.0,15,117,0.0427554314541,7.29619129078,4.02522395792e-06,5.44705661005e-06,9.12,468,1,30000
CP_grid_x10.0,16,119,0.0428000229694,7.30766396378,1.4056035765e-05,1.4346777309e-06,9.12,476,1,30000
CP_grid_x10.0,17,121,0.0428726887535,7.32652583801,5.76156261004e-06,1.17907971771e-06,9.12,484,1,30000
CP_grid_x10.0,18,119,0.0426929224907,7.28240287784,1.86145173392e-05,8.43474269572e-07,9.12,476,1,30000
CP_grid_x10.0,19,117,0.0426492897523,7.27041946476,2.20261319087e-05,3.01136736355e-05,9.12,468,1,30000
CP_grid_x10.0,20,122,0.0428797439556,7.32705879478,6.78772219331e-06,1.23930604741e-07,9.12,488,1,30000
CP_grid_x10.0,21,122,0.042776653193,7.30444560988,5.05944849233e-06,7.25695855106e-07,9.12,488,1,30000
CP_grid_x10.0,22,122,0.0428032419283,7.30918213851,4.62152118379e-06,2.74663631564e-06,9.12,488,1,30000
CP_grid_x10.0,23,117,0.0427212296719,7.28931224762,3.78649742858e-06,4.90332179565e-06,9.12,468,1,30000
CP_grid_x10.0,24,119,0.0428717175803,7.32409263119,4.31928026434e-06,1.51309966796e-05,9.12,476,1,30000
CP_grid_x10.0,25,119,0.0427899535743,7.30569586405,5.85559841188e-06,4.95463287455e-06,9.12,476,1,30000
CP_grid_x10.0,26,117,0.0427046405929,7.28450262707,2.29324244981e-05,2.92405994654e-05,9.12,468,1,30000
CP_grid_x10.0,27,118,0.0430036523373,7.35454752469,1.89736606787e-05,1.79051953239e-06,9.12,472,1,30000
CP_grid_x10.0,28,119,0.0427166248674,7.28877116835,3.92593970002e-06,1.83489220081e-05,9.12,476,1,30000
CP_grid_x10.0,29,117,0.0427667910448,7.30019526345,8.89872193503e-06,1.23977482486e-05,9.12,468,1,30000
CP_grid_x10.0,30,117,0.0427492112454,7.29555984228,7.9779458084e-06,1.27912206068e-05,9.12,468,1,30000
CP_grid_x10.0,31,121,0.0428225661439,7.31373004312,4.90855090771e-06,8.74638567916e-07,9.12,484,1,30000
CP_grid_x10.0,32,122,0.0427590136231,7.29994294424,5.9857223787e-06,1.59983320706e-07,9.12,488,1,30000
CP_grid_x10.0,33,117,0.0427359940071,7.29153162596,1.5978515154e-05,2.19195804331e-05,9.12,468,1,30000
CP_grid_x10.0,34,122,0.0427906414534,7.30601320613,3.84478254687e-06,1.37718453172e-05,9.12,488,1,30000
CP_grid_x10.0,35,119,0.0427678772607,7.30080136625,4.85665067008e-06,6.02380770475e-06,9.12,476,1,30000
CP_grid_x10.0,36,121,0.0429143865161,7.33573422414,5.47388177507e-06,5.36945325883e-07,9.12,484,1,30000
CP_grid_x10.0,37,122,0.0428637206476,7.3248245176,5.47094454966e-06,3.4999362965e-07,9.12,488,1,30000
CP_grid_x10.0,38,117,0.042706689902,7.28476417419,1.53672802602e-05,2.10639093091e-05,9.12,468,1,30000
CP_grid_x10.0,39,117,0.0427862237631,7.30475909109,1.72672723592e-06,2.53081655301e-06,9.12,468,1,30000
CP_grid_x10.0,40,121,0.0427393011449,7.29475951204,5.93111747195e-06,1.97103288384e-06,9.12,484,1,30000
CP_grid_x10.0,41,117,0.0428114065947,7.31002008857,1.73506490675e-05,2.315968924e-05,9.12,468,1,30000
CP_grid_x10.0,42,122,0.0428133799954,7.31167425687,6.17797407138e-06,1.50715901295e-07,9.12,488,1,30000
CP_grid_x10.0,43,117,0.0427603072585,7.29816218025,9.05800384159e-08,3.63615210453e-08,9.12,468,1,30000
CP_grid_x10.0,44,119,0.0428063482559,7.30854147847,1.3183537341e-05,2.43101650475e-06,9.12,476,1,30000
CP_grid_x10.0,45,122,0.0427061660753,7.28696436137,4.67203021005e-06,1.91877505167e-06,9.12,488,1,30000
CP_grid_x10.0,46,118,0.0427674410728,7.29905990222,2.10378159495e-05,7.40485439608e-06,9.12,472,1,30000
CP_grid_x10.0,47,121,0.0427893850855,7.30716132942,5.40216029078e-06,2.60447587323e-07,9.12,484,1,30000
CP_grid_x10.0,48,117,0.0428968741759,7.32972992722,6.31317527237e-06,9.13186632274e-06,9.12,468,1,30000
CP_grid_x10.0,49,120,0.042736608254,7.29320254907,5.99564190307e-06,4.13734839601e-07,9.12,480,1,30000
CP_grid_x10.0,50,117,0.0427802181036,7.30192604172,1.02599472794e-05,1.41428277178e-05,9.12,468,1,30000
CP_grid_x10.0,51,120,0.0427315967206,7.29264491446,6.32300997432e-06,6.17709900394e-07,9.12,480,1,30000
CP_grid_x10.0,52,120,0.042750014833,7.29476082593,6.43376551618e-06,7.82652505368e-06,9.12,480,1,30000
CP_grid_x10.0,53,117,0.0427396797965,7.2939398606,2.44817331746e-06,3.41690142074e-06,9.12,468,1,30000
CP_grid_x10.0,54,120,0.0427494368461,7.29652931366,6.22474238061e-06,7.14817563142e-07,9.12,480,1,30000
CP_grid_x10.0,55,117,0.0426773175347,7.27949804212,2.0322502454e-06,2.99936606514e-06,9.12,468,1,30000
CP_grid_x10.0,56,119,0.0428922645975,7.32961160491,9.52796507863e-06,4.23064850037e-07,9.12,476,1,30000
CP_grid_x10.0,57,121,0.0427644098516,7.29980738016,5.44656012059e-06,2.66361903893e-07,9.12,484,1,30000
CP_grid_x10.0,58,122,0.0428607681166,7.32221488728,5.98095302982e-06,1.44510705877e-07,9.12,488,1,30000
CP_grid_x10.0,59,117,0.042784794989,7.304324491,1.67103282184e-06,2.44213808523e-06,9.12,468,1,30000
CP_grid_x10.0,60,121,0.0428044762276,7.3098405601,5.60928311298e-06,4.31284112574e-07,9.12,484,1,30000
CP_grid_x10.0,61,122,0.0429269715774,7.33806952926,6.47918796726e-06,1.75617773541e-07,9.12,488,1,30000
CP_grid_x10.0,62,119,0.0428040590922,7.30845581808,4.98255480391e-06,6.16707656522e-06,9.12,476,1,30000
CP_grid_x10.0,63,122,0.0428740846013,7.32600220589,5.41313125249e-06,2.15673712291e-07,9.12,488,1,30000
CP_grid_x10.0,64,117,0.042757146993,7.29803118517,3.89069794757e-07,3.15751232379e-07,9.12,468,1,30000
CP_grid_x10.0,65,117,0.0428363683338,7.31682304495,6.54072993576e-06,8.87715757577e-06,9.12,468,1,30000
CP_grid_x10.0,66,122,0.0428467821413,7.31931808733,1.00247742235e-05,1.37524137149e-06,9.12,488,1,30000
CP_grid_x10.0,67,121,0.0428516663157,7.32048210256,4.29036533548e-06,3.67079071515e-06,9.12,484,1,30000
CP_grid_x10.0,68,122,0.0428109883083,7.31229327078,4.56041740318e-06,3.57918875562e-06,9.12,488,1,30000
CP_grid_x10.0,69,121,0.0427831466845,7.30518320784,4.73231977072e-06,1.59319314291e-06,9.12,484,1,30000
CP_grid_x10.0,70,119,0.0428399297234,7.31661149405,1.19322329083e-05,2.10810906818e-07,9.12,476,1,30000
CP_grid_x10.0,71,122,0.0428450133794,7.319332141,4.52138958723e-06,3.44611958887e-06,9.12,488,1,30000
CP_grid_x10.0,72,119,0.0427580722954,7.29823873039,4.70970744419e-06,6.27857229182e-06,9.12,476,1,30000
CP_grid_x10.0,73,121,0.0428345757343,7.31656690357,5.22518952709e-06,3.01166403273e-07,9.12,484,1,30000
CP_grid_x10.0,74,117,0.0428731449189,7.32517676106,5.01553153059e-06,6.50912446913e-06,9.12,468,1,30000
CP_grid_x10.0,75,121,0.0428285194657,7.31639432562,3.56517388917e-06,1.07308239525e-05,9.12,484,1,30000
CP_grid_x10.0,76,117,0.042705799422,7.286707801,1.06890289691e-06,1.37247417118e-06,9.12,468,1,30000
CP_grid_x10.0,77,117,0.0426620656745,7.27619892065,1.13307139111e-05,1.54752395921e-05,9.12,468,1,30000
CP_grid_x10.0,78,120,0.0427340099065,7.2933825571,6.37443057485e-06,3.74384712662e-07,9.12,480,1,30000
CP_grid_x10.0,79,117,0.0428100153814,7.30811588721,9.55434236037e-06,1.41766197697e-05,9.12,468,1,30000
CP_grid_x10.0,80,121,0.0426983792055,7.28479389164,4.75441320792e-06,1.59698311739e-06,9.12,484,1,30000
CP_grid_x10.0,81,117,0.0427597065144,7.29768198766,3.88834197398e-06,5.06444710931e-06,9.12,468,1,30000
CP_grid_x10.0,82,120,0.0427786394881,7.30267998008,6.06989680192e-06,3.65680228738e-07,9.12,480,1,30000
CP_grid_x10.0,83,117,0.0427156555224,7.28657273621,2.16840894975e-06,3.48692167553e-06,9.12,468,1,30000
CP_grid_x10.0,84,119,0.0427798132382,7.30394969322,3.77625305472e-06,1.71964885319e-05,9.12,476,1,30000
CP_grid_x10.0,85,117,0.0427875742572,7.30407555389,1.94762808079e-05,2.66043902207e-05,9.12,468,1,30000
CP_grid_x10.0,86,121,0.0427908092527,7.30764972989,4.53284519313e-06,2.19680071822e-06,9.12,484,1,30000
CP_grid_x10.0,87,117,0.0429132215365,7.3341902402,1.26229157891e-06,2.0794231985e-06,9.12,468,1,30000
CP_grid_x10.0,88,117,0.0428558847872,7.32167265941,3.91371247662e-06,5.91503375431e-06,9.12,468,1,30000
CP_grid_x10.0,89,118,0.0427848582116,7.30293510688,1.78322893132e-05,1.59185968814e-06,9.12,472,1,30000
CP_grid_x10.0,90,119,0.0427663868513,7.30113196932,7.02822499809e-06,2.3071125891e-05,9.12,476,1,30000
CP_grid_x10.0,91,121,0.0428091014503,7.31120247261,5.71138164588e-06,3.6708261154e-06,9.12,484,1,30000
CP_grid_x10.0,92,117,0.0427951917771,7.30565161687,1.3169970298e-05,1.74302391813e-05,9.12,468,1,30000
CP_grid_x10.0,93,122,0.0428612557659,7.32282580708,3.94234887405e-06,1.24095466745e-05,9.12,488,1,30000
CP_grid_x10.0,94,117,0.0427606430119,7.29948938429,3.01305312396e-06,4.45117097147e-06,9.12,468,1,30000
CP_grid_x10.0,95,121,0.0427854268297,7.30607538256,5.9938296045e-06,2.78153589084e-06,9.12,484,1,30000
CP_grid_x10.0,96,121,0.0427339528228,7.29294755847,4.7669081998e-06,1.4302094572e-06,9.12,484,1,30000
CP_grid_x10.0,97,117,0.0426896625575,7.28175011989,1.32539755405e-05,1.99190045577e-05,9.12,468,1,30000
CP_grid_x10.0,98,119,0.0428963870504,7.32774088702,3.16331675118e-05,2.48673593366e-06,9.12,476,1,30000
CP_grid_x10.0,99,122,0.0427053242941,7.28618845294,5.36718033964e-06,2.75633931875e-07,9.12,488,1,30000
CP_grid_x10.0,100,119,0.0427897139265,7.30515728792,3.94422176049e-06,1.85680519876e-05,9.12,476,1,30000
AIPE_grid_x0.1,1,982,0.04658312583,7.14267605078,4.1691199508e-10,5.92975534867e-12,9.12,3928,0.75,22512
AIPE_grid_x0.1,2,983,0.0466035455428,7.14767907085,3.04014172145e-10,4.20526228697e-12,9.12,3932,0.75,22512
AIPE_grid_x0.1,3,988,0.0467493426094,7.18125492034,3.3171568948e-10,2.9838564991e-12,9.12,3952,0.75,22512
AIPE_grid_x0.1,4,984,0.0466076140917,7.14880061822,3.47842637512e-10,5.66977685452e-12,9.12,3936,0.75,22512
AIPE_grid_x0.1,5,983,0.0465558655474,7.13665315958,4.29252710354e-10,5.69168426582e-12,9.12,3932,0.75,22512
AIPE_grid_x0.1,6,985,0.0465872934432,7.14516314979,3.64512757075e-10,5.38594580755e-12,9.12,3940,0.75,22512
AIPE_grid_x0.1,7,985,0.0467720824392,7.18725586847,2.71739999462e-10,3.18613815864e-12,9.12,3940,0.75,22512
AIPE_grid_x0.1,8,980,0.0465537803225,7.13621742836,3.06678810275e-10,4.21220313318e-12,9.12,3920,0.75,22512
AIPE_grid_x0.1,9,982,0.0465215401634,7.12863628064,3.24382996663e-10,5.33218212179e-12,9.12,3928,0.75,22512
AIPE_grid_x0.1,10,986,0.046665750322,7.16252345514,2.58625292367e-10,4.26258253686e-12,9.12,3944,0.75,22512
AIPE_grid_x0.1,11,985,0.0464957754697,7.12286100443,3.3870377904e-10,4.07769762662e-12,9.12,3940,0.75,22512
AIPE_grid_x0.1,12,983,0.0466511736247,7.15844528151,3.42946405707e-10,3.63456756031e-12,9.12,3932,0.75,22512
AIPE_grid_x0.1,13,984,0.0467940405439,7.19303561626,3.04784883568e-10,4.46647652301e-12,9.12,3936,0.75,22512
AIPE_grid_x0.1,14,987,0.0465243635059,7.13001252122,3.06248100385e-10,3.72577839808e-12,9.12,3948,0.75,22512
AIPE_grid_x0.1,15,986,0.0465569299915,7.13661653299,2.96507618163e-10,4.90126847453e-12,9.12,3944,0.75,22512
AIPE_grid_x0.1,16,979,0.0465957250963,7.14612607655,3.07722747552e-10,4.8275533008e-12,9.12,3916,0.75,22512
AIPE_grid_x0.1,17,983,0.0466721259397,7.16404659393,3.15866296037e-10,5.10764529549e-12,9.12,3932,0.75,22512
AIPE_grid_x0.1,18,984,0.0464866425947,7.1210071407,2.86750418208e-10,3.64869027539e-12,9.12,3936,0.75,22512
AIPE_grid_x0.1,19,984,0.0464430277463,7.1102652467,3.90232962109e-10,5.46703192334e-12,9.12,3936,0.75,22512
AIPE_grid_x0.1,20,982,0.0466753615989,7.16509927777,2.98872965236e-10,5.02544514114e-12,9.12,3928,0.75,22512
AIPE_grid_x0.1,21,981,0.0465746654925,7.14200605305,2.59582177059e-10,4.45538575378e-12,9.12,3924,0.75,22512
AIPE_grid_x0.1,22,982,0.0466028840278,7.14830441462,3.14761591681e-10,4.11968524906e-12,9.12,3928,0.75,22512
AIPE_grid_x0.1,23,981,0.0465173345293,7.12887591878,3.56662075236e-10,4.91378445199e-12,9.12,3924,0.75,22512
AIPE_grid_x0.1,24,984,0.0466638431365,7.16195520133,3.76063898609e-10,6.04923765253e-12,9.12,3936,0.75,22512
AIPE_grid_x0.1,25,987,0.0465919655985,7.14456442024,3.10799174764e-10,6.78269588219e-12,9.12,3948,0.75,22512
AIPE_grid_x0.1,26,985,0.0465032284239,7.12422950894,3.23958255041e-10,3.98197683619e-12,9.12,3940,0.75,22512
AIPE_grid_x0.1,27,985,0.0467992317243,7.19265566526,4.15132494868e-10,6.73067781764e-12,9.12,3940,0.75,22512
AIPE_grid_x0.1,28,985,0.0465127500496,7.12795879347,3.2603393529e-10,6.1844939385e-12,9.12,3940,0.75,22512
AIPE_grid_x0.1,29,985,0.0465670014483,7.1406214593,2.85248617038e-10,6.47776334345e-12,9.12,3940,0.75,22512
AIPE_grid_x0.1,30,984,0.0465451777594,7.13533724931,2.57417628314e-10,4.45043838756e-12,9.12,3936,0.75,22512
AIPE_grid_x0.1,31,984,0.0466168378184,7.15154759384,3.55646488995e-10,6.10836542819e-12,9.12,3936,0.75,22512
AIPE_grid_x0.1,32,983,0.0465539179872,7.13753439774,4.02356478459e-10,4.36353187949e-12,9.12,3932,0.75,22512
AIPE_grid_x0.1,33,983,0.0465368958435,7.1317171451,3.49990461874e-10,7.9348323965e-12,9.12,3932,0.75,22512
AIPE_grid_x0.1,34,984,0.0465918957733,7.14492144316,3.27217032748e-10,4.7670263726e-12,9.12,3936,0.75,22512
AIPE_grid_x0.1,35,983,0.0465671535824,7.14001944386,3.74095051937e-10,5.08696039321e-12,9.12,3932,0.75,22512
AIPE_grid_x0.1,36,984,0.046713213454,7.17359576233,3.21109878095e-10,5.509913894e-12,9.12,3936,0.75,22512
AIPE_grid_x0.1,37,982,0.0466592208251,7.16197239403,3.48894514737e-10,4.72295012344e-12,9.12,3928,0.75,22512
AIPE_grid_x0.1,38,983,0.0465028861138,7.12419205302,3.00253358397e-10,4.65949611435e-12,9.12,3932,0.75,22512
AIPE_grid_x0.1,39,983,0.0465829491771,7.14343456074,3.49296884558e-10,5.64381560778e-12,9.12,3932,0.75,22512
AIPE_grid_x0.1,40,982,0.0465387421825,7.13264717516,3.64182354037e-10,3.24397120388e-12,9.12,3928,0.75,22512
AIPE_grid_x0.1,41,983,0.046605628664,7.14910676628,2.99421167961e-10,3.90676426425e-12,9.12,3932,0.75,22512
AIPE_grid_x0.1,42,986,0.0466131797103,7.14987681442,3.05788088631e-10,3.62535220293e-12,9.12,3944,0.75,22512
AIPE_grid_x0.1,43,983,0.046562766569,7.13753808396,2.6326012916e-10,3.36792079006e-12,9.12,3932,0.75,22512
AIPE_grid_x0.1,44,984,0.0466012320432,7.14692627576,4.16847975263e-10,3.41994679751e-12,9.12,3936,0.75,22512
AIPE_grid_x0.1,45,983,0.0465073301173,7.12598749935,3.10260534469e-10,4.38955891878e-12,9.12,3932,0.75,22512
AIPE_grid_x0.1,46,986,0.04656471957,7.13965907156,4.26880072386e-10,6.72079418226e-12,9.12,3944,0.75,22512
AIPE_grid_x0.1,47,981,0.0465922930862,7.14583647076,3.2691828437e-10,4.31938003527e-12,9.12,3924,0.75,22512
AIPE_grid_x0.1,48,984,0.0466917327914,7.16836082406,2.9191366804e-10,5.28313264704e-12,9.12,3936,0.75,22512
AIPE_grid_x0.1,49,981,0.0465297876168,7.13118452557,2.72468460977e-10,4.43074741705e-12,9.12,3924,0.75,22512
AIPE_grid_x0.1,50,984,0.0465735899501,7.14151196715,3.25361242573e-10,6.28914214111e-12,9.12,3936,0.75,22512
AIPE_grid_x0.1,51,984,0.0465295020279,7.13194182824,2.9884556176e-10,5.30151303724e-12,9.12,3936,0.75,22512
AIPE_grid_x0.1,52,988,0.0465514629445,7.13611375372,3.34908632446e-10,4.87739521285e-12,9.12,3952,0.75,22512
AIPE_grid_x0.1,53,981,0.0465374491238,7.13411323351,4.26672982608e-10,6.95978472641e-12,9.12,3924,0.75,22512
AIPE_grid_x0.1,54,980,0.0465434287057,7.13401328647,3.17354098579e-10,4.79060937939e-12,9.12,3920,0.75,22512
AIPE_grid_x0.1,55,983,0.0464706325035,7.1184620567,4.05021601893e-10,8.13410593214e-12,9.12,3932,0.75,22512
AIPE_grid_x0.1,56,983,0.0466852364971,7.16737716722,3.08240772032e-10,6.14572211717e-12,9.12,3932,0.75,22512
AIPE_grid_x0.1,57,982,0.046561830971,7.13910181099,3.10014222519e-10,4.43820646636e-12,9.12,3928,0.75,22512
AIPE_grid_x0.1,58,981,0.0466579389364,7.15944944505,3.15092758262e-10,4.37958100193e-12,9.12,3924,0.75,22512
AIPE_grid_x0.1,59,986,0.0465812117761,7.14354139439,3.45343455694e-10,4.39014923179e-12,9.12,3944,0.75,22512
AIPE_grid_x0.1,60,983,0.0466048027075,7.14871929468,2.85473955384e-10,3.61442687767e-12,9.12,3932,0.75,22512
AIPE_grid_x0.1,61,984,0.046728409708,7.17632370188,4.0642914894e-10,4.6354024038e-12,9.12,3936,0.75,22512
AIPE_grid_x0.1,62,985,0.0466108417581,7.14933156052,3.26608579615e-10,3.45601982151e-12,9.12,3940,0.75,22512
AIPE_grid_x0.1,63,982,0.0466695316251,7.16383218867,2.96739161288e-10,4.11805971959e-12,9.12,3928,0.75,22512
AIPE_grid_x0.1,64,986,0.0465567851408,7.13741038951,2.9724602666e-10,3.27037459082e-12,9.12,3944,0.75,22512
AIPE_grid_x0.1,65,981,0.0466379113936,7.15556262224,2.66054528583e-10,4.012417425e-12,9.12,3924,0.75,22512
AIPE_grid_x0.1,66,984,0.0466472127478,7.15830233384,3.39746655851e-10,8.26906546271e-12,9.12,3936,0.75,22512
AIPE_grid_x0.1,67,983,0.0466496933066,7.15901628987,3.03466866546e-10,2.9801837627e-12,9.12,3932,0.75,22512
AIPE_grid_x0.1,68,984,0.0466109704743,7.14947290791,2.65385037284e-10,4.44401106846e-12,9.12,3936,0.75,22512
AIPE_grid_x0.1,69,982,0.0465766797355,7.14263646044,3.38433651341e-10,5.8396226953e-12,9.12,3928,0.75,22512
AIPE_grid_x0.1,70,984,0.0466370792195,7.15527136412,2.83230477875e-10,5.58314453331e-12,9.12,3936,0.75,22512
AIPE_grid_x0.1,71,983,0.0466408913521,7.15629196386,4.05819646627e-10,7.82623793647e-12,9.12,3932,0.75,22512
AIPE_grid_x0.1,72,985,0.0465544693282,7.13723004237,3.31674347784e-10,5.31055129649e-12,9.12,3940,0.75,22512
AIPE_grid_x0.1,73,983,0.046633652297,7.15495126076,2.58414020037e-10,3.69746716671e-12,9.12,3932,0.75,22512
AIPE_grid_x0.1,74,982,0.0466752390412,7.16507718212,2.85558059918e-10,3.27035869132e-12,9.12,3928,0.75,22512
AIPE_grid_x0.1,75,984,0.0466299261892,7.15429407886,3.4882923868e-10,3.80834324854e-12,9.12,3936,0.75,22512
AIPE_grid_x0.1,76,983,0.0465047770634,7.12588781686,3.5269083878e-10,5.34381395515e-12,9.12,3932,0.75,22512
AIPE_grid_x0.1,77,981,0.0464553740257,7.11566817459,3.52748266716e-10,5.37928700623e-12,9.12,3924,0.75,22512
AIPE_grid_x0.1,78,981,0.0465311893296,7.13207312049,3.45340861818e-10,3.87307839764e-12,9.12,3924,0.75,22512
AIPE_grid_x0.1,79,983,0.046613873576,7.14886820485,3.45800661693e-10,4.6246003938e-12,9.12,3932,0.75,22512
AIPE_grid_x0.1,80,983,0.0465009688646,7.12300322361,2.68645995836e-10,3.57967000352e-12,9.12,3932,0.75,22512
AIPE_grid_x0.1,81,983,0.0465537548553,7.13657274255,3.40332687775e-10,5.72109621696e-12,9.12,3932,0.75,22512
AIPE_grid_x0.1,82,987,0.0465853124902,7.14157857587,3.19242693836e-10,4.09681362461e-12,9.12,3948,0.75,22512
AIPE_grid_x0.1,83,984,0.0465217871024,7.12821950698,4.28786880697e-10,4.91888154794e-12,9.12,3936,0.75,22512
AIPE_grid_x0.1,84,986,0.0465742065478,7.14203960541,3.14697906427e-10,5.20176377672e-12,9.12,3944,0.75,22512
AIPE_grid_x0.1,85,984,0.0465806776054,7.1432347786,2.86425200051e-10,3.50342342569e-12,9.12,3936,0.75,22512
AIPE_grid_x0.1,86,985,0.0465934519115,7.14624267488,2.93734916165e-10,4.46719879705e-12,9.12,3940,0.75,22512
AIPE_grid_x0.1,87,983,0.0467193568748,7.17449113511,2.96480828106e-10,4.47481500397e-12,9.12,3932,0.75,22512
AIPE_grid_x0.1,88,985,0.0466537154494,7.16004723262,2.87894905172e-10,5.05597843218e-12,9.12,3940,0.75,22512
AIPE_grid_x0.1,89,981,0.0465833757329,7.14167591677,2.73701563434e-10,4.48432565799e-12,9.12,3924,0.75,22512
AIPE_grid_x0.1,90,983,0.046554464049,7.13773248358,3.45098278836e-10,4.15971105254e-12,9.12,3932,0.75,22512
AIPE_grid_x0.1,91,983,0.0466115431969,7.15064060167,2.72055229254e-10,3.77514575342e-12,9.12,3932,0.75,22512
AIPE_grid_x0.1,92,982,0.046589433385,7.14522058531,3.54578468047e-10,5.22116015741e-12,9.12,3928,0.75,22512
AIPE_grid_x0.1,93,982,0.0466618038457,7.16121440645,3.09991549025e-10,4.58946421746e-12,9.12,3928,0.75,22512
AIPE_grid_x0.1,94,984,0.0465560533252,7.13821367911,3.50240966593e-10,3.96003747422e-12,9.12,3936,0.75,22512
AIPE_grid_x0.1,95,983,0.0465791259672,7.14357097875,4.28859267069e-10,7.15873051075e-12,9.12,3932,0.75,22512
AIPE_grid_x0.1,96,980,0.046531239217,7.13133519714,2.87823607504e-10,4.42456545008e-12,9.12,3920,0.75,22512
AIPE_grid_x0.1,97,984,0.0464894824531,7.12182028997,3.17742822279e-10,5.64441295308e-12,9.12,3936,0.75,22512
AIPE_grid_x0.1,98,985,0.0466918126945,7.16766359971,3.52574201214e-10,6.25531201551e-12,9.12,3940,0.75,22512
AIPE_grid_x0.1,99,984,0.046515863392,7.12652616821,2.77667513631e-10,3.69913612507e-12,9.12,3936,0.75,22512
AIPE_grid_x0.1,100,982,0.0465868017875,7.14440761871,2.92120787056e-10,5.19482856642e-12,9.12,3928,0.75,22512
AIPE_grid_x0.3,1,626,0.0465778776485,7.1543320998,3.09166082908e-10,4.39495297451e-12,9.12,2504,0.75,22512
AIPE_grid_x0.3,2,630,0.0465979355171,7.15894915791,2.2161695973e-10,3.05638874259e-12,9.12,2520,0.75,22512
AIPE_grid_x0.3,3,623,0.0467453269949,7.19440958507,2.4057363642e-10,2.13949142533e-12,9.12,2492,0.75,22512
AIPE_grid_x0.3,4,624,0.0466033636353,7.16151997072,2.5065664572e-10,4.06512898079e-12,9.12,2496,0.75,22512
AIPE_grid_x0.3,5,626,0.0465510446357,7.14891881718,3.08269882545e-10,4.07723150684e-12,9.12,2504,0.75,22512
AIPE_grid_x0.3,6,625,0.0465831138729,7.15821119324,2.56469042285e-10,3.76148343532e-12,9.12,2500,0.75,22512
AIPE_grid_x0.3,7,626,0.0467676239194,7.20009419894,1.91418189981e-10,2.21546691459e-12,9.12,2504,0.75,22512
AIPE_grid_x0.3,8,627,0.0465485272651,7.14758592346,2.14853546599e-10,2.92419827926e-12,9.12,2508,0.75,22512
AIPE_grid_x0.3,9,623,0.0465174975729,7.14177688492,2.427916544e-10,3.97712301386e-12,9.12,2492,0.75,22512
AIPE_grid_x0.3,10,621,0.0466618464404,7.17563358496,1.75477572646e-10,2.87849343834e-12,9.12,2484,0.75,22512
AIPE_grid_x0.3,11,630,0.0464898692242,7.13361154613,2.48496992917e-10,2.9854700083e-12,9.12,2520,0.75,22512
AIPE_grid_x0.3,12,624,0.046647053406,7.17131736623,2.45585274341e-10,2.58362460024e-12,9.12,2496,0.75,22512
AIPE_grid_x0.3,13,625,0.0467899514663,7.20661955122,2.25938615851e-10,3.29774744016e-12,9.12,2500,0.75,22512
AIPE_grid_x0.3,14,624,0.0465199810583,7.14253890231,2.21475330176e-10,2.67753519553e-12,9.12,2496,0.75,22512
AIPE_grid_x0.3,15,624,0.0465524305349,7.14877848508,2.08138961563e-10,3.43216333893e-12,9.12,2496,0.75,22512
AIPE_grid_x0.3,16,623,0.0465914266563,7.15924988666,2.23018801089e-10,3.48168595044e-12,9.12,2492,0.75,22512
AIPE_grid_x0.3,17,622,0.0466684658851,7.17807703157,2.21426742524e-10,3.5687567609e-12,9.12,2488,0.75,22512
AIPE_grid_x0.3,18,626,0.0464815211032,7.1329585532,2.04345363114e-10,2.57421509824e-12,9.12,2504,0.75,22512
AIPE_grid_x0.3,19,626,0.0464382448776,7.12230603084,2.80021388384e-10,3.90756933898e-12,9.12,2504,0.75,22512
AIPE_grid_x0.3,20,630,0.0466695340216,7.17609896193,2.06560149653e-10,3.46427150494e-12,9.12,2520,0.75,22512
AIPE_grid_x0.3,21,625,0.0465700614276,7.15450619878,1.8920456509e-10,3.24175135288e-12,9.12,2500,0.75,22512
AIPE_grid_x0.3,22,624,0.0465987248583,7.16164312427,2.25979913053e-10,2.93100071222e-12,9.12,2496,0.75,22512
AIPE_grid_x0.3,23,626,0.0465125520262,7.14084935613,2.5381535207e-10,3.46965670544e-12,9.12,2504,0.75,22512
AIPE_grid_x0.3,24,626,0.0466594032831,7.17444262835,2.67623767412e-10,4.30021910829e-12,9.12,2504,0.75,22512
AIPE_grid_x0.3,25,619,0.0465888806161,7.1585710573,2.17218135966e-10,4.74043605741e-12,9.12,2476,0.75,22512
AIPE_grid_x0.3,26,623,0.0464986648663,7.13639661022,2.26293571566e-10,2.77689230879e-12,9.12,2492,0.75,22512
AIPE_grid_x0.3,27,618,0.0467966018188,7.2077372137,3.02492815912e-10,4.89342804765e-12,9.12,2472,0.75,22512
AIPE_grid_x0.3,28,628,0.0465076030929,7.13926711248,2.36120396932e-10,4.47780004845e-12,9.12,2512,0.75,22512
AIPE_grid_x0.3,29,630,0.0465614759847,7.15163430931,2.08095421661e-10,4.72659840328e-12,9.12,2520,0.75,22512
AIPE_grid_x0.3,30,625,0.0465403937807,7.14714972113,1.83963666215e-10,3.17490961767e-12,9.12,2500,0.75,22512
AIPE_grid_x0.3,31,624,0.0466123662612,7.16412424932,2.57429018373e-10,4.42053722434e-12,9.12,2496,0.75,22512
AIPE_grid_x0.3,32,627,0.0465488674302,7.1497242878,3.00759210341e-10,3.234942209e-12,9.12,2508,0.75,22512
AIPE_grid_x0.3,33,625,0.0465322216043,7.14394943214,2.52515483604e-10,5.72624841281e-12,9.12,2500,0.75,22512
AIPE_grid_x0.3,34,624,0.0465876463329,7.15755303156,2.29422164145e-10,3.33125869738e-12,9.12,2496,0.75,22512
AIPE_grid_x0.3,35,623,0.0465629879127,7.15280439285,2.7842485373e-10,3.76952295649e-12,9.12,2492,0.75,22512
AIPE_grid_x0.3,36,626,0.0467084896132,7.18598274956,2.34195156957e-10,4.01697123393e-12,9.12,2504,0.75,22512
AIPE_grid_x0.3,37,625,0.0466548531933,7.17479882786,2.49921915713e-10,3.3686646632e-12,9.12,2500,0.75,22512
AIPE_grid_x0.3,38,627,0.0464978042802,7.13581810105,2.14733139677e-10,3.33011434179e-12,9.12,2508,0.75,22512
AIPE_grid_x0.3,39,627,0.0465781120631,7.15565023325,2.55051434152e-10,4.11523989068e-12,9.12,2508,0.75,22512
AIPE_grid_x0.3,40,623,0.0465345635188,7.14567632064,2.66496246268e-10,2.37373302391e-12,9.12,2492,0.75,22512
AIPE_grid_x0.3,41,619,0.0466022268352,7.16336732861,2.15827086969e-10,2.80086213898e-12,9.12,2476,0.75,22512
AIPE_grid_x0.3,42,619,0.0466100849167,7.16414338118,2.21429905913e-10,2.62260527246e-12,9.12,2476,0.75,22512
AIPE_grid_x0.3,43,625,0.0465584695524,7.15052322967,1.88710556486e-10,2.40225119177e-12,9.12,2500,0.75,22512
AIPE_grid_x0.3,44,623,0.0465970444898,7.15974030658,3.05621542387e-10,2.49393014721e-12,9.12,2492,0.75,22512
AIPE_grid_x0.3,45,626,0.0465024632835,7.13786884384,2.25309948025e-10,3.17450987347e-12,9.12,2504,0.75,22512
AIPE_grid_x0.3,46,631,0.0465589875712,7.15049237468,3.10264657883e-10,4.87567956335e-12,9.12,2524,0.75,22512
AIPE_grid_x0.3,47,628,0.046587202583,7.15813796974,2.45751662464e-10,3.24146648913e-12,9.12,2512,0.75,22512
AIPE_grid_x0.3,48,619,0.0466884890177,7.18204592308,2.12105515714e-10,3.82451833075e-12,9.12,2476,0.75,22512
AIPE_grid_x0.3,49,625,0.0465245155038,7.14278470839,1.96514410537e-10,3.18271216725e-12,9.12,2500,0.75,22512
AIPE_grid_x0.3,50,621,0.0465695899631,7.1543218152,2.37071964628e-10,4.57995652399e-12,9.12,2484,0.75,22512
AIPE_grid_x0.3,51,626,0.0465247091581,7.14390906953,2.14484593047e-10,3.8053361947e-12,9.12,2504,0.75,22512
AIPE_grid_x0.3,52,624,0.0465472121264,7.14873751505,2.47393473841e-10,3.60785255078e-12,9.12,2496,0.75,22512
AIPE_grid_x0.3,53,625,0.0465325588268,7.14632095333,3.05921634669e-10,4.99024656431e-12,9.12,2500,0.75,22512
AIPE_grid_x0.3,54,624,0.0465386773677,7.14597665602,2.25436352183e-10,3.39028493738e-12,9.12,2496,0.75,22512
AIPE_grid_x0.3,55,620,0.0464668361453,7.13154458042,2.82513989997e-10,5.67164320683e-12,9.12,2480,0.75,22512
AIPE_grid_x0.3,56,624,0.0466811768734,7.1808940891,2.20377342621e-10,4.39309012148e-12,9.12,2496,0.75,22512
AIPE_grid_x0.3,57,623,0.0465575121702,7.15177942214,2.24306860617e-10,3.19973591883e-12,9.12,2492,0.75,22512
AIPE_grid_x0.3,58,626,0.0466531543288,7.1714202865,2.24757782511e-10,3.10289202442e-12,9.12,2504,0.75,22512
AIPE_grid_x0.3,59,623,0.0465770651547,7.15644563393,2.48299218352e-10,3.12983693852e-12,9.12,2492,0.75,22512
AIPE_grid_x0.3,60,621,0.0466010132336,7.16186628853,2.14034539811e-10,2.70765033378e-12,9.12,2484,0.75,22512
AIPE_grid_x0.3,61,623,0.0467244920745,7.18952531566,2.87671157788e-10,3.25178698681e-12,9.12,2492,0.75,22512
AIPE_grid_x0.3,62,628,0.0466057240759,7.16090014368,2.42803437854e-10,2.56722461566e-12,9.12,2512,0.75,22512
AIPE_grid_x0.3,63,623,0.0466652266179,7.17662131718,2.05841537104e-10,2.8133300385e-12,9.12,2492,0.75,22512
AIPE_grid_x0.3,64,623,0.0465525452258,7.14992282255,2.20034098787e-10,2.38858713181e-12,9.12,2492,0.75,22512
AIPE_grid_x0.3,65,621,0.0466339670926,7.16957998156,1.95356502714e-10,2.94413841491e-12,9.12,2484,0.75,22512
AIPE_grid_x0.3,66,626,0.0466424275342,7.17054972484,2.50844457129e-10,6.10872214322e-12,9.12,2504,0.75,22512
AIPE_grid_x0.3,67,626,0.0466450034489,7.1709524089,2.21721690166e-10,2.15535424455e-12,9.12,2504,0.75,22512
AIPE_grid_x0.3,68,624,0.0466068184312,7.16213204559,1.93779523636e-10,3.24088116533e-12,9.12,2496,0.75,22512
AIPE_grid_x0.3,69,630,0.0465710010868,7.15359212107,2.36244510541e-10,4.06931717384e-12,9.12,2520,0.75,22512
AIPE_grid_x0.3,70,622,0.0466331708386,7.16846233031,2.03584577372e-10,4.00837170357e-12,9.12,2488,0.75,22512
AIPE_grid_x0.3,71,624,0.0466364111848,7.16847054312,2.93699090582e-10,5.6619927368e-12,9.12,2496,0.75,22512
AIPE_grid_x0.3,72,629,0.0465493431006,7.14923985486,2.37577541918e-10,3.79611037321e-12,9.12,2516,0.75,22512
AIPE_grid_x0.3,73,624,0.0466292071915,7.16804683133,1.84679761518e-10,2.62886254447e-12,9.12,2496,0.75,22512
AIPE_grid_x0.3,74,626,0.0466707500166,7.177797948,2.04618490819e-10,2.30881725822e-12,9.12,2504,0.75,22512
AIPE_grid_x0.3,75,627,0.0466249353766,7.1659103344,2.5248161607e-10,2.74180715191e-12,9.12,2508,0.75,22512
AIPE_grid_x0.3,76,624,0.0465003623684,7.13815903409,2.55337091609e-10,3.86395079441e-12,9.12,2496,0.75,22512
AIPE_grid_x0.3,77,626,0.0464502891489,7.1272520909,2.62016981164e-10,3.97833312326e-12,9.12,2504,0.75,22512
AIPE_grid_x0.3,78,624,0.0465267823603,7.14490723094,2.53724047936e-10,2.82185934366e-12,9.12,2496,0.75,22512
AIPE_grid_x0.3,79,625,0.0466092561832,7.16116578661,2.51779357499e-10,3.34931213207e-12,9.12,2500,0.75,22512
AIPE_grid_x0.3,80,624,0.046496449648,7.13543330753,1.83807458328e-10,2.42409453864e-12,9.12,2496,0.75,22512
AIPE_grid_x0.3,81,625,0.0465491641435,7.14872683574,2.44802197244e-10,4.10212196764e-12,9.12,2500,0.75,22512
AIPE_grid_x0.3,82,623,0.0465812340442,7.15423024424,2.25204321905e-10,2.86976890808e-12,9.12,2492,0.75,22512
AIPE_grid_x0.3,83,624,0.0465173576213,7.14058740657,3.11403323096e-10,3.57246505179e-12,9.12,2496,0.75,22512
AIPE_grid_x0.3,84,626,0.0465694322985,7.15432616355,2.24244392773e-10,3.70164890832e-12,9.12,2504,0.75,22512
AIPE_grid_x0.3,85,627,0.0465757315663,7.15499148925,2.0884227408e-10,2.52489756636e-12,9.12,2508,0.75,22512
AIPE_grid_x0.3,86,624,0.0465891942452,7.15909193448,2.24341594395e-10,3.40129548646e-12,9.12,2496,0.75,22512
AIPE_grid_x0.3,87,624,0.0467146942892,7.18653767169,2.16037933242e-10,3.25612990949e-12,9.12,2496,0.75,22512
AIPE_grid_x0.3,88,622,0.0466498181533,7.1732052934,2.07331533011e-10,3.63474539151e-12,9.12,2488,0.75,22512
AIPE_grid_x0.3,89,624,0.0465788488643,7.15411450977,2.08922856125e-10,3.41246598093e-12,9.12,2496,0.75,22512
AIPE_grid_x0.3,90,623,0.0465501204112,7.15071047929,2.51177408692e-10,3.02117105551e-12,9.12,2492,0.75,22512
AIPE_grid_x0.3,91,626,0.0466067403102,7.16242551758,1.89616551351e-10,2.61018071885e-12,9.12,2504,0.75,22512
AIPE_grid_x0.3,92,626,0.0465847324945,7.15741859588,2.57388298398e-10,3.77181940552e-12,9.12,2504,0.75,22512
AIPE_grid_x0.3,93,624,0.0466568831382,7.17333381129,2.2236506617e-10,3.28022040094e-12,9.12,2496,0.75,22512
AIPE_grid_x0.3,94,629,0.0465506879438,7.14927607603,2.50398909236e-10,2.81231033028e-12,9.12,2516,0.75,22512
AIPE_grid_x0.3,95,627,0.0465739201857,7.15531737343,3.12884565555e-10,5.22081635349e-12,9.12,2508,0.75,22512
AIPE_grid_x0.3,96,623,0.046526896632,7.14400136304,2.14062768629e-10,3.27847880039e-12,9.12,2492,0.75,22512
AIPE_grid_x0.3,97,629,0.0464839806864,7.13264661467,2.23693789833e-10,3.96705223719e-12,9.12,2516,0.75,22512
AIPE_grid_x0.3,98,622,0.0466879093426,7.18076459307,2.58728533927e-10,4.58925509881e-12,9.12,2488,0.75,22512
AIPE_grid_x0.3,99,623,0.0465114751746,7.13915347899,2.02880121534e-10,2.69536389492e-12,9.12,2492,0.75,22512
AIPE_grid_x0.3,100,624,0.0465823033274,7.1569657785,2.10084664449e-10,3.73041497222e-12,9.12,2496,0.75,22512
AIPE_grid_x3.0,1,231,0.0465577760581,7.25846622303,1.19997778896e-10,1.69557828084e-12,9.12,924,0.75,22512
AIPE_grid_x3.0,2,231,0.0465787069747,7.26571338855,8.72890294386e-11,1.18805895776e-12,9.12,924,0.75,22512
AIPE_grid_x3.0,3,231,0.0467244905749,7.29924330859,9.75567027115e-11,8.30744752909e-13,9.12,924,0.75,22512
AIPE_grid_x3.0,4,232,0.0465810592734,7.2631508716,1.02135049494e-10,1.64324927967e-12,9.12,928,0.75,22512
AIPE_grid_x3.0,5,233,0.0465301570384,7.254396401,1.27169462697e-10,1.67114029434e-12,9.12,932,0.75,22512
AIPE_grid_x3.0,6,232,0.0465612488283,7.26085826706,1.08489763738e-10,1.5770128977e-12,9.12,928,0.75,22512
AIPE_grid_x3.0,7,232,0.0467461307881,7.30351241974,7.85721681593e-11,8.83036060036e-13,9.12,928,0.75,22512
AIPE_grid_x3.0,8,232,0.0465265236479,7.25017371077,8.85934662392e-11,1.18854174306e-12,9.12,928,0.75,22512
AIPE_grid_x3.0,9,231,0.0464960401608,7.24526680217,9.43886280917e-11,1.54000158631e-12,9.12,924,0.75,22512
AIPE_grid_x3.0,10,232,0.0466399660864,7.2779874665,7.37533973527e-11,1.20056782675e-12,9.12,928,0.75,22512
AIPE_grid_x3.0,11,233,0.0464679364822,7.2359480926,9.76281967283e-11,1.15713699513e-12,9.12,932,0.75,22512
AIPE_grid_x3.0,12,231,0.0466272915589,7.27861600014,9.98493504388e-11,1.03253015279e-12,9.12,924,0.75,22512
AIPE_grid_x3.0,13,231,0.0467694537812,7.31341826486,8.80809044277e-11,1.26917402666e-12,9.12,924,0.75,22512
AIPE_grid_x3.0,14,232,0.046497493958,7.24354958613,8.83871334587e-11,1.0424654072e-12,9.12,928,0.75,22512
AIPE_grid_x3.0,15,232,0.0465311355288,7.25188966262,8.41238180956e-11,1.3839577143e-12,9.12,928,0.75,22512
AIPE_grid_x3.0,16,231,0.0465698635975,7.26220231435,8.7716263984e-11,1.34807900821e-12,9.12,924,0.75,22512
AIPE_grid_x3.0,17,231,0.0466470773772,7.28162257778,9.24276063961e-11,1.48092026188e-12,9.12,924,0.75,22512
AIPE_grid_x3.0,18,233,0.046459164832,7.23429885897,8.24899340531e-11,1.02263994857e-12,9.12,932,0.75,22512
AIPE_grid_x3.0,19,234,0.0464155311611,7.22189624398,1.14302688239e-10,1.58276451041e-12,9.12,936,0.75,22512
AIPE_grid_x3.0,20,233,0.0466479330982,7.27927512869,8.57330469751e-11,1.42042842235e-12,9.12,932,0.75,22512
AIPE_grid_x3.0,21,232,0.046547661087,7.25535904988,7.36943182869e-11,1.24579719537e-12,9.12,928,0.75,22512
AIPE_grid_x3.0,22,231,0.0465783170576,7.26682010283,9.1228317092e-11,1.16140817054e-12,9.12,924,0.75,22512
AIPE_grid_x3.0,23,233,0.0464914740496,7.24355236154,1.05143003964e-10,1.42196224516e-12,9.12,932,0.75,22512
AIPE_grid_x3.0,24,233,0.0466368755165,7.27614966354,1.09523867517e-10,1.7546524944e-12,9.12,932,0.75,22512
AIPE_grid_x3.0,25,232,0.0465654075389,7.25851971953,9.05408792249e-11,1.97589064339e-12,9.12,928,0.75,22512
AIPE_grid_x3.0,26,232,0.0464770968603,7.23813347724,9.37534735301e-11,1.13468632771e-12,9.12,928,0.75,22512
AIPE_grid_x3.0,27,230,0.0467753928145,7.3128757631,1.23016825263e-10,1.98088688429e-12,9.12,920,0.75,22512
AIPE_grid_x3.0,28,235,0.0464839280888,7.23855692142,9.33305079047e-11,1.76795404059e-12,9.12,940,0.75,22512
AIPE_grid_x3.0,29,231,0.0465416007416,7.25848882817,8.29725440524e-11,1.88509176216e-12,9.12,924,0.75,22512
AIPE_grid_x3.0,30,232,0.0465188423121,7.25017351601,7.2407215871e-11,1.23949977119e-12,9.12,928,0.75,22512
AIPE_grid_x3.0,31,231,0.046592141143,7.26925903957,1.01360366419e-10,1.731746543e-12,9.12,924,0.75,22512
AIPE_grid_x3.0,32,232,0.0465269274561,7.25167526697,1.19989421828e-10,1.26410641977e-12,9.12,928,0.75,22512
AIPE_grid_x3.0,33,233,0.0465092306395,7.24529667571,9.99519173036e-11,2.26951138416e-12,9.12,932,0.75,22512
AIPE_grid_x3.0,34,233,0.0465663665402,7.2606687434,9.47804500087e-11,1.36642700555e-12,9.12,932,0.75,22512
AIPE_grid_x3.0,35,232,0.046541141414,7.25565291732,1.10658672413e-10,1.48199014787e-12,9.12,928,0.75,22512
AIPE_grid_x3.0,36,233,0.046684798293,7.28640269426,9.42332939897e-11,1.61035266378e-12,9.12,932,0.75,22512
AIPE_grid_x3.0,37,232,0.0466342765999,7.28068669466,1.03035803109e-10,1.3754322006e-12,9.12,928,0.75,22512
AIPE_grid_x3.0,38,231,0.0464778691789,7.2409132349,8.68518360959e-11,1.3370575207e-12,9.12,924,0.75,22512
AIPE_grid_x3.0,39,232,0.0465558148086,7.25763822596,1.01564868873e-10,1.62779266817e-12,9.12,928,0.75,22512
AIPE_grid_x3.0,40,232,0.0465114472876,7.24617405712,1.05431632694e-10,9.16246501706e-13,9.12,928,0.75,22512
AIPE_grid_x3.0,41,231,0.0465793500006,7.26505817044,8.66549755027e-11,1.11043637573e-12,9.12,924,0.75,22512
AIPE_grid_x3.0,42,232,0.0465863946446,7.26344751314,8.72702619836e-11,1.0070991302e-12,9.12,928,0.75,22512
AIPE_grid_x3.0,43,232,0.0465371251865,7.25457502446,7.53635552145e-11,9.50081251325e-13,9.12,928,0.75,22512
AIPE_grid_x3.0,44,232,0.0465759899844,7.26385884355,1.244068016e-10,9.8581499996e-13,9.12,928,0.75,22512
AIPE_grid_x3.0,45,233,0.0464799434561,7.23764284245,8.89288698696e-11,1.24275181663e-12,9.12,932,0.75,22512
AIPE_grid_x3.0,46,232,0.0465384302945,7.25395769232,1.26254543677e-10,1.97259656405e-12,9.12,928,0.75,22512
AIPE_grid_x3.0,47,232,0.0465666379346,7.26289589502,9.42188513124e-11,1.22036164785e-12,9.12,928,0.75,22512
AIPE_grid_x3.0,48,231,0.0466672694442,7.28743866809,8.41958984637e-11,1.50575215603e-12,9.12,924,0.75,22512
AIPE_grid_x3.0,49,232,0.0465024972624,7.24537586304,7.78175266517e-11,1.25059344965e-12,9.12,928,0.75,22512
AIPE_grid_x3.0,50,231,0.0465486655879,7.25774600218,9.3940099636e-11,1.81027306246e-12,9.12,924,0.75,22512
AIPE_grid_x3.0,51,233,0.0465022942905,7.24469646265,8.62118628177e-11,1.52557235995e-12,9.12,932,0.75,22512
AIPE_grid_x3.0,52,233,0.0465237636596,7.24793185774,9.66673942217e-11,1.40811855645e-12,9.12,932,0.75,22512
AIPE_grid_x3.0,53,232,0.0465113992931,7.25007024172,1.22314690259e-10,1.99162518618e-12,9.12,928,0.75,22512
AIPE_grid_x3.0,54,233,0.0465146954862,7.24599680185,9.21233158646e-11,1.37269016307e-12,9.12,932,0.75,22512
AIPE_grid_x3.0,55,232,0.0464441165845,7.23329332155,1.19443087209e-10,2.3959260184e-12,9.12,928,0.75,22512
AIPE_grid_x3.0,56,231,0.0466599057404,7.28463539719,8.97584109895e-11,1.7879890435e-12,9.12,924,0.75,22512
AIPE_grid_x3.0,57,233,0.046534310405,7.2523656666,8.93829122567e-11,1.25797008662e-12,9.12,932,0.75,22512
AIPE_grid_x3.0,58,233,0.0466321718143,7.27575822702,9.21488317827e-11,1.24677476294e-12,9.12,932,0.75,22512
AIPE_grid_x3.0,59,232,0.0465547883038,7.25849037395,1.01215837938e-10,1.2574839347e-12,9.12,928,0.75,22512
AIPE_grid_x3.0,60,232,0.0465785864949,7.26455422966,8.23750432315e-11,1.01929188054e-12,9.12,928,0.75,22512
AIPE_grid_x3.0,61,233,0.0467009144132,7.28989277624,1.19695154621e-10,1.34302928405e-12,9.12,932,0.75,22512
AIPE_grid_x3.0,62,232,0.0465850439151,7.26556632305,9.30665888838e-11,9.62652858574e-13,9.12,928,0.75,22512
AIPE_grid_x3.0,63,232,0.0466428112175,7.279328264,8.62221388472e-11,1.15851324096e-12,9.12,928,0.75,22512
AIPE_grid_x3.0,64,232,0.0465303823739,7.25225576871,8.72925285794e-11,9.15918176059e-13,9.12,928,0.75,22512
AIPE_grid_x3.0,65,233,0.0466104208273,7.27080453511,7.50507582952e-11,1.11395769062e-12,9.12,932,0.75,22512
AIPE_grid_x3.0,66,232,0.0466225918267,7.27629847146,9.94892166995e-11,2.42775326791e-12,9.12,928,0.75,22512
AIPE_grid_x3.0,67,233,0.0466227784456,7.27387527354,8.7573972771e-11,8.30763742358e-13,9.12,932,0.75,22512
AIPE_grid_x3.0,68,232,0.0465848308319,7.26546921067,7.47401327675e-11,1.23781165871e-12,9.12,928,0.75,22512
AIPE_grid_x3.0,69,233,0.0465516506802,7.25905812039,9.80845333934e-11,1.6839928781e-12,9.12,932,0.75,22512
AIPE_grid_x3.0,70,232,0.0466110106675,7.27145771399,8.23048363503e-11,1.61217466676e-12,9.12,928,0.75,22512
AIPE_grid_x3.0,71,233,0.0466136919221,7.2712596962,1.18139679797e-10,2.27440713764e-12,9.12,932,0.75,22512
AIPE_grid_x3.0,72,231,0.0465292219929,7.2545800629,9.47622570977e-11,1.50403099099e-12,9.12,924,0.75,22512
AIPE_grid_x3.0,73,232,0.0466076406345,7.2709677546,7.42720819842e-11,1.03462550648e-12,9.12,928,0.75,22512
AIPE_grid_x3.0,74,232,0.0466489003016,7.28066182496,8.34108635079e-11,9.27822017619e-13,9.12,928,0.75,22512
AIPE_grid_x3.0,75,232,0.0466033038764,7.27019870647,1.05446880239e-10,1.12056833039e-12,9.12,928,0.75,22512
AIPE_grid_x3.0,76,232,0.0464780866887,7.24000039127,1.01719256539e-10,1.52771258129e-12,9.12,928,0.75,22512
AIPE_grid_x3.0,77,232,0.0464280360259,7.22908532321,1.01402495637e-10,1.52853183536e-12,9.12,928,0.75,22512
AIPE_grid_x3.0,78,232,0.0465040335649,7.245995189,9.94668854895e-11,1.08370836288e-12,9.12,928,0.75,22512
AIPE_grid_x3.0,79,232,0.0465879679991,7.26446090113,1.00380824731e-10,1.32256438846e-12,9.12,928,0.75,22512
AIPE_grid_x3.0,80,232,0.0464735839215,7.23658381907,7.74020696117e-11,1.0037423169e-12,9.12,928,0.75,22512
AIPE_grid_x3.0,81,232,0.0465264920263,7.25040772151,9.95745826978e-11,1.65624046655e-12,9.12,928,0.75,22512
AIPE_grid_x3.0,82,233,0.046557676575,7.25543165765,9.02445916362e-11,1.14279684901e-12,9.12,932,0.75,22512
AIPE_grid_x3.0,83,232,0.0464946218914,7.24178178945,1.25366446279e-10,1.43096842437e-12,9.12,928,0.75,22512
AIPE_grid_x3.0,84,233,0.0465470355086,7.25474988115,9.0493171429e-11,1.47979434316e-12,9.12,932,0.75,22512
AIPE_grid_x3.0,85,232,0.0465540129189,7.25685607486,8.21257629883e-11,9.6152175424e-13,9.12,928,0.75,22512
AIPE_grid_x3.0,86,232,0.0465646186888,7.25794069265,8.10685165124e-11,1.21946073715e-12,9.12,928,0.75,22512
AIPE_grid_x3.0,87,231,0.0466944740024,7.29262254094,8.45518718514e-11,1.26159021225e-12,9.12,924,0.75,22512
AIPE_grid_x3.0,88,232,0.0466277433863,7.2768301583,8.27183347807e-11,1.44015484758e-12,9.12,928,0.75,22512
AIPE_grid_x3.0,89,232,0.0465564757536,7.2567484399,7.75191173015e-11,1.24904353021e-12,9.12,928,0.75,22512
AIPE_grid_x3.0,90,232,0.0465272897987,7.25220182067,9.77812646102e-11,1.16382010779e-12,9.12,928,0.75,22512
AIPE_grid_x3.0,91,232,0.0465851537121,7.26518357944,7.91527746459e-11,1.07486340056e-12,9.12,928,0.75,22512
AIPE_grid_x3.0,92,232,0.0465628891091,7.26008324103,1.05204329453e-10,1.529343081e-12,9.12,928,0.75,22512
AIPE_grid_x3.0,93,231,0.0466362353813,7.27749529937,8.93500279775e-11,1.29975856778e-12,9.12,924,0.75,22512
AIPE_grid_x3.0,94,232,0.046529851573,7.25358197139,1.0343250968e-10,1.13050449348e-12,9.12,928,0.75,22512
AIPE_grid_x3.0,95,232,0.0465523736796,7.25818013724,1.25317034763e-10,2.07810730574e-12,9.12,928,0.75,22512
AIPE_grid_x3.0,96,233,0.046503518493,7.24463597753,8.40585859123e-11,1.27377972961e-12,9.12,932,0.75,22512
AIPE_grid_x3.0,97,232,0.0464615532247,7.23459061361,9.19170977492e-11,1.62516553047e-12,9.12,928,0.75,22512
AIPE_grid_x3.0,98,234,0.0466657194295,7.28412912304,1.03343938404e-10,1.82937459578e-12,9.12,936,0.75,22512
AIPE_grid_x3.0,99,232,0.0464895253835,7.24083909463,7.92616162068e-11,1.04416704156e-12,9.12,928,0.75,22512
AIPE_grid_x3.0,100,232,0.0465605483248,7.25838190698,8.40874302631e-11,1.48616418305e-12,9.12,928,0.75,22512
AIPE_grid_x10.0,1,141,0.0465361445058,7.38583467612,7.80954979593e-11,1.09771986833e-12,9.12,564,0.75,22512
AIPE_grid_x10.0,2,141,0.0465554254401,7.39048973953,5.73345134574e-11,7.74647041228e-13,9.12,564,0.75,22512
AIPE_grid_x10.0,3,142,0.0467022185957,7.42407109743,6.38644690205e-11,5.32229095664e-13,9.12,568,0.75,22512
AIPE_grid_x10.0,4,142,0.046558456443,7.39112609811,6.77678545877e-11,1.08722394122e-12,9.12,568,0.75,22512
AIPE_grid_x10.0,5,143,0.0465072578684,7.37925447685,8.26206442963e-11,1.08305324245e-12,9.12,572,0.75,22512
AIPE_grid_x10.0,6,142,0.0465397283171,7.3876591992,7.12725193488e-11,1.02916496751e-12,9.12,568,0.75,22512
AIPE_grid_x10.0,7,142,0.0467238112923,7.43077987426,5.09229244519e-11,5.65441512571e-13,9.12,568,0.75,22512
AIPE_grid_x10.0,8,141,0.0465060165899,7.38000754998,5.75663282952e-11,7.65812949332e-13,9.12,564,0.75,22512
AIPE_grid_x10.0,9,142,0.0464745539912,7.37240901068,6.02133126585e-11,9.79585920112e-13,9.12,568,0.75,22512
AIPE_grid_x10.0,10,142,0.0466183436436,7.40593225373,4.89007253134e-11,7.94557167249e-13,9.12,568,0.75,22512
AIPE_grid_x10.0,11,142,0.0464486652849,7.36572672491,6.3191209721e-11,7.44235503969e-13,9.12,568,0.75,22512
AIPE_grid_x10.0,12,141,0.0466031927111,7.40099204195,6.53000791575e-11,6.68015843274e-13,9.12,564,0.75,22512
AIPE_grid_x10.0,13,143,0.0467439491674,7.43551430416,5.65855321169e-11,8.08008748255e-13,9.12,572,0.75,22512
AIPE_grid_x10.0,14,141,0.0464769102729,7.37228101044,5.84242587429e-11,6.8469529295e-13,9.12,564,0.75,22512
AIPE_grid_x10.0,15,142,0.0465105703359,7.37918180702,5.46102983975e-11,8.94500030661e-13,9.12,568,0.75,22512
AIPE_grid_x10.0,16,142,0.0465479626247,7.38949670554,5.74742366395e-11,8.76875976126e-13,9.12,568,0.75,22512
AIPE_grid_x10.0,17,142,0.0466236623605,7.40772116398,6.08792669334e-11,9.72054061729e-13,9.12,568,0.75,22512
AIPE_grid_x10.0,18,142,0.0464398786647,7.36424632269,5.3478294418e-11,6.583425881e-13,9.12,568,0.75,22512
AIPE_grid_x10.0,19,142,0.0463971739021,7.35311355261,7.53984501682e-11,1.03789058902e-12,9.12,568,0.75,22512
AIPE_grid_x10.0,20,142,0.0466258817887,7.40706715345,5.60494666112e-11,9.24608298393e-13,9.12,568,0.75,22512
AIPE_grid_x10.0,21,142,0.0465260822131,7.38469707952,4.81631119911e-11,8.10585218812e-13,9.12,568,0.75,22512
AIPE_grid_x10.0,22,142,0.046554334667,7.38985886594,6.00143881248e-11,7.59844426715e-13,9.12,568,0.75,22512
AIPE_grid_x10.0,23,142,0.0464711356313,7.37147803863,6.85360037216e-11,9.19369212367e-13,9.12,568,0.75,22512
AIPE_grid_x10.0,24,142,0.0466170900253,7.40520537152,7.24579094472e-11,1.15848873603e-12,9.12,568,0.75,22512
AIPE_grid_x10.0,25,142,0.0465446101622,7.38818328729,5.84198199006e-11,1.27488348165e-12,9.12,568,0.75,22512
AIPE_grid_x10.0,26,142,0.0464573990693,7.36776634464,6.07822693487e-11,7.3111896692e-13,9.12,568,0.75,22512
AIPE_grid_x10.0,27,142,0.0467516494418,7.43643763409,8.00409437279e-11,1.28618810589e-12,9.12,568,0.75,22512
AIPE_grid_x10.0,28,142,0.0464653634372,7.37025831181,6.02836416436e-11,1.1410933107e-12,9.12,568,0.75,22512
AIPE_grid_x10.0,29,142,0.0465204043647,7.38320011747,5.45751584353e-11,1.23998116549e-12,9.12,568,0.75,22512
AIPE_grid_x10.0,30,142,0.0464976884579,7.37787214397,4.59137665133e-11,7.8088915152e-13,9.12,568,0.75,22512
AIPE_grid_x10.0,31,142,0.0465689471097,7.39388192257,6.7843754889e-11,1.15700098974e-12,9.12,568,0.75,22512
AIPE_grid_x10.0,32,142,0.0465047739532,7.3798504857,7.9783890649e-11,8.3449185443e-13,9.12,568,0.75,22512
AIPE_grid_x10.0,33,142,0.0464901493381,7.37493633206,6.52072341618e-11,1.48209845532e-12,9.12,568,0.75,22512
AIPE_grid_x10.0,34,142,0.0465445782105,7.38701121976,6.26813865969e-11,9.02007015486e-13,9.12,568,0.75,22512
AIPE_grid_x10.0,35,142,0.0465196078387,7.38294845798,7.27664366506e-11,9.69851111813e-13,9.12,568,0.75,22512
AIPE_grid_x10.0,36,142,0.0466653509625,7.41666364382,6.07907439851e-11,1.03753789308e-12,9.12,568,0.75,22512
AIPE_grid_x10.0,37,142,0.0466103031915,7.40471279356,6.68161917524e-11,8.892893082e-13,9.12,568,0.75,22512
AIPE_grid_x10.0,38,142,0.0464564022963,7.36733881221,5.6112209146e-11,8.60476533233e-13,9.12,568,0.75,22512
AIPE_grid_x10.0,39,142,0.0465356538782,7.3869382654,6.67255913267e-11,1.06648363094e-12,9.12,568,0.75,22512
AIPE_grid_x10.0,40,142,0.0464906883105,7.37596700833,7.00347819112e-11,6.02644686154e-13,9.12,568,0.75,22512
AIPE_grid_x10.0,41,142,0.0465589616366,7.3923086393,5.59829412593e-11,7.0994399011e-13,9.12,568,0.75,22512
AIPE_grid_x10.0,42,142,0.0465644818515,7.39228268334,5.67480200315e-11,6.48178380879e-13,9.12,568,0.75,22512
AIPE_grid_x10.0,43,142,0.0465159309612,7.38111429883,4.94252591904e-11,6.17524275184e-13,9.12,568,0.75,22512
AIPE_grid_x10.0,44,142,0.046554555649,7.39043657933,8.25698752344e-11,6.47336678804e-13,9.12,568,0.75,22512
AIPE_grid_x10.0,45,141,0.0464599033543,7.36785453191,5.82512484725e-11,8.10841487932e-13,9.12,564,0.75,22512
AIPE_grid_x10.0,46,143,0.0465177604832,7.38180458767,8.32840577638e-11,1.29853569582e-12,9.12,572,0.75,22512
AIPE_grid_x10.0,47,142,0.0465438742784,7.38878974486,6.17112954716e-11,7.94874607188e-13,9.12,568,0.75,22512
AIPE_grid_x10.0,48,141,0.0466442731316,7.41185954482,5.46309608356e-11,9.74196036635e-13,9.12,564,0.75,22512
AIPE_grid_x10.0,49,142,0.0464814594816,7.37381217592,5.03524659281e-11,8.06404759977e-13,9.12,568,0.75,22512
AIPE_grid_x10.0,50,141,0.0465264632647,7.38403469967,6.21078881939e-11,1.19530287832e-12,9.12,564,0.75,22512
AIPE_grid_x10.0,51,142,0.0464816609431,7.37405979428,5.60949675535e-11,9.90221128278e-13,9.12,568,0.75,22512
AIPE_grid_x10.0,52,142,0.046503737539,7.37692000633,6.24004598706e-11,9.07143896321e-13,9.12,568,0.75,22512
AIPE_grid_x10.0,53,141,0.0464896855395,7.37635913094,8.05923228732e-11,1.31031930629e-12,9.12,564,0.75,22512
AIPE_grid_x10.0,54,141,0.0464951200995,7.37726687181,6.00132143548e-11,8.91560880769e-13,9.12,564,0.75,22512
AIPE_grid_x10.0,55,142,0.0464237541299,7.3612710612,7.78333612148e-11,1.56058553723e-12,9.12,568,0.75,22512
AIPE_grid_x10.0,56,142,0.0466370139992,7.41095466248,5.76840992439e-11,1.14885045399e-12,9.12,568,0.75,22512
AIPE_grid_x10.0,57,141,0.0465141994613,7.38067714381,5.82452436324e-11,8.15727040822e-13,9.12,564,0.75,22512
AIPE_grid_x10.0,58,142,0.0466088168375,7.40233329365,5.98851517506e-11,8.04992780993e-13,9.12,568,0.75,22512
AIPE_grid_x10.0,59,141,0.0465339855175,7.3864859549,6.67179592299e-11,8.23916515081e-13,9.12,564,0.75,22512
AIPE_grid_x10.0,60,142,0.0465568775362,7.3910180433,5.36928091443e-11,6.58696497872e-13,9.12,568,0.75,22512
AIPE_grid_x10.0,61,142,0.046679918798,7.41881345227,7.8160530641e-11,8.73088006199e-13,9.12,568,0.75,22512
AIPE_grid_x10.0,62,141,0.0465642981755,7.39168247463,6.16239175517e-11,6.30280358704e-13,9.12,564,0.75,22512
AIPE_grid_x10.0,63,141,0.0466201802835,7.4059887351,5.60035022026e-11,7.47095988369e-13,9.12,564,0.75,22512
AIPE_grid_x10.0,64,141,0.0465100695818,7.38075765017,5.68573065772e-11,5.90317260555e-13,9.12,564,0.75,22512
AIPE_grid_x10.0,65,142,0.0465902158783,7.39963274688,4.87791936672e-11,7.19935474402e-13,9.12,568,0.75,22512
AIPE_grid_x10.0,66,142,0.0465975135241,7.40029181509,6.50727530702e-11,1.58962334448e-12,9.12,568,0.75,22512
AIPE_grid_x10.0,67,142,0.0466019449105,7.40112673343,5.73704098073e-11,5.40287100251e-13,9.12,568,0.75,22512
AIPE_grid_x10.0,68,141,0.0465627254782,7.39294637462,4.85335281441e-11,8.00456283743e-13,9.12,564,0.75,22512
AIPE_grid_x10.0,69,142,0.0465294734248,7.38532782102,6.44380188531e-11,1.10502764772e-12,9.12,568,0.75,22512
AIPE_grid_x10.0,70,142,0.04658917058,7.39842467313,5.19409781447e-11,1.01493963589e-12,9.12,568,0.75,22512
AIPE_grid_x10.0,71,142,0.0465922034345,7.39939573284,7.79689780414e-11,1.50009117647e-12,9.12,568,0.75,22512
AIPE_grid_x10.0,72,142,0.046507015405,7.37984915759,6.26729381555e-11,9.91673881883e-13,9.12,568,0.75,22512
AIPE_grid_x10.0,73,142,0.0465851656396,7.39737576562,4.79550643385e-11,6.61911580848e-13,9.12,568,0.75,22512
AIPE_grid_x10.0,74,142,0.0466280379736,7.40822497212,5.4321911801e-11,5.98497374589e-13,9.12,568,0.75,22512
AIPE_grid_x10.0,75,142,0.0465816548653,7.39747998756,6.8823080688e-11,7.28884773653e-13,9.12,568,0.75,22512
AIPE_grid_x10.0,76,142,0.046457203844,7.36933580433,6.61313570934e-11,9.89312002969e-13,9.12,568,0.75,22512
AIPE_grid_x10.0,77,141,0.0464078960934,7.35828271242,6.64634368183e-11,9.95149262851e-13,9.12,564,0.75,22512
AIPE_grid_x10.0,78,142,0.0464828959193,7.37450466965,6.56252811877e-11,7.05545194198e-13,9.12,568,0.75,22512
AIPE_grid_x10.0,79,142,0.0465666325189,7.39153952042,6.58426257334e-11,8.64741919776e-13,9.12,568,0.75,22512
AIPE_grid_x10.0,80,142,0.0464526011333,7.36614071352,5.07136282875e-11,6.53709227853e-13,9.12,568,0.75,22512
AIPE_grid_x10.0,81,141,0.0465070201238,7.379680445,6.55472372181e-11,1.08874341491e-12,9.12,564,0.75,22512
AIPE_grid_x10.0,82,142,0.046537994033,7.38523584623,5.88280090327e-11,7.36594126616e-13,9.12,568,0.75,22512
AIPE_grid_x10.0,83,141,0.0464740047056,7.37003409023,8.13748368169e-11,9.25690915648e-13,9.12,564,0.75,22512
AIPE_grid_x10.0,84,142,0.0465263966351,7.38517212242,5.90187618516e-11,9.61468617395e-13,9.12,568,0.75,22512
AIPE_grid_x10.0,85,141,0.0465330608589,7.38635809412,5.32895506454e-11,6.15192287365e-13,9.12,564,0.75,22512
AIPE_grid_x10.0,86,142,0.0465453062516,7.38907233147,5.20721986778e-11,7.77964832529e-13,9.12,568,0.75,22512
AIPE_grid_x10.0,87,142,0.0466721816972,7.41760796119,5.64948129645e-11,8.40366748298e-13,9.12,568,0.75,22512
AIPE_grid_x10.0,88,142,0.0466064911825,7.40401113227,5.34776517516e-11,9.2734079356e-13,9.12,568,0.75,22512
AIPE_grid_x10.0,89,142,0.046534854029,7.38554744056,5.10739346748e-11,8.1808024267e-13,9.12,568,0.75,22512
AIPE_grid_x10.0,90,142,0.0465076897172,7.38170160848,6.32413892741e-11,7.44323627949e-13,9.12,568,0.75,22512
AIPE_grid_x10.0,91,142,0.0465638884034,7.39290174618,5.16511119013e-11,6.96440636938e-13,9.12,568,0.75,22512
AIPE_grid_x10.0,92,142,0.0465426290479,7.38791054672,6.78168958246e-11,9.84420381376e-13,9.12,568,0.75,22512
AIPE_grid_x10.0,93,142,0.0466135391835,7.40358996757,5.90398004427e-11,8.54494500068e-13,9.12,568,0.75,22512
AIPE_grid_x10.0,94,142,0.0465087243531,7.38159674703,6.73686501476e-11,7.32065202334e-13,9.12,568,0.75,22512
AIPE_grid_x10.0,95,142,0.0465312279638,7.38645338589,8.2655435895e-11,1.36437298281e-12,9.12,568,0.75,22512
AIPE_grid_x10.0,96,142,0.0464825697287,7.37346363602,5.48519327053e-11,8.27283575419e-13,9.12,568,0.75,22512
AIPE_grid_x10.0,97,142,0.0464426492997,7.3647339813,6.02907913444e-11,1.06393822089e-12,9.12,568,0.75,22512
AIPE_grid_x10.0,98,143,0.0466418799898,7.40973885264,6.86646429985e-11,1.21482120951e-12,9.12,572,0.75,22512
AIPE_grid_x10.0,99,142,0.0464665337177,7.36835101089,5.22770889164e-11,6.84053108788e-13,9.12,568,0.75,22512
AIPE_grid_x10.0,100,142,0.0465396995898,7.38673384435,5.49317326141e-11,9.6942935962e-13,9.12,568,0.75,22512
