0,1,1,1.05,0,0,0.05
0.00025,0.9996418253633852,0.9996418268224329,1.049616831612344,2.499375104153545e-05,2.499521008922366e-05,0.05
0.0005,0.9992837850510318,0.9992837908855046,1.049233810042701,4.997500833124891e-05,4.998084280409809e-05,0.05
0.00075,0.9989258790129291,0.998925892136629,1.048850935234815,7.494377811445574e-05,7.495690181437622e-05,0.05
0.001,0.998568107199085,0.99856813052324,1.048468207132452,9.990006663334606e-05,9.992339078838422e-05,0.05
0.00125,0.9982104695595255,0.9982105059927916,1.048085625679398,0.0001248438801269958,0.0001248803133930722,0.05
0.0015,0.9978529660442953,0.9978530184927579,1.047703190819464,0.00014977522483135,0.0001498276732939637,0.05
0.00175,0.9974955966034571,0.997495667970633,1.047320902496478,0.0001746941069792563,0.0001747654741551915,0.05
0.002,0.9971383611870928,0.9971384543739318,1.046938760654292,0.0001996005328004258,0.0001996937196394618,0.05
0.00225,0.9967812597453016,0.9967813776501883,1.04655676523678,0.0002244945085214722,0.0002246124134081118,0.05
0.0025,0.9964242922282023,0.9964244377469574,1.046174916187836,0.000249376040365884,0.0002495215591210379,0.05
0.00275,0.9960674585859309,0.9960676346118136,1.045793213451377,0.0002742451345540465,0.0002744211604367744,0.05
0.003,0.9957107587686427,0.9957109681923519,1.045411656971339,0.0002991017973032362,0.0002993112210124149,0.05
0.00325,0.995354192726511,0.9953544384361871,1.045030246691683,0.0003239460348276158,0.0003241917445036766,0.05
0.0035,0.9949977604097274,0.9949980452909541,1.044648982556389,0.0003487778533382447,0.0003490627345648646,0.05
0.00375,0.994641461768502,0.9946417887043079,1.044267864509459,0.0003735972590430792,0.0003739241948489006,0.05
0.004,0.9942852967530632,0.9942856686239235,1.043886892494916,0.0003984042581469671,0.0003987761290072797,0.05
0.00425,0.9939292653136579,0.9939296849974962,1.043506066456806,0.0004231988568516643,0.0004236185406901138,0.05
0.0045,0.9935733674005508,0.9935738377727411,1.043125386339195,0.0004479810613558177,0.0004484514335461239,0.05
0.00475,0.9932176029640258,0.9932181268973934,1.042744852086171,0.0004727508778549772,0.0004732748112226119,0.05
0.005,0.9928619719543843,0.9928625523192082,1.042364463641843,0.0004975083125415947,0.0004980886773655035,0.05
0.00525,0.9925064743219466,0.9925071139859609,1.041984220950342,0.000522253371605036,0.0005228930356193122,0.05
0.0055,0.992151110017051,0.9921518118454465,1.041604123955819,0.0005469860612315636,0.0005476878896271607,0.05
0.00575,0.9917958789900542,0.9917966458454806,1.04122417260245,0.0005717063876043482,0.0005724732430307817,0.05
0.006,0.9914407811913312,0.9914416159338981,1.040844366834428,0.0005964143569034742,0.0005972490994704952,0.05
0.00625,0.9910858165712753,0.9910867220585545,1.040464706595969,0.0006211099753059279,0.0006220154625852454,0.05
0.0065,0.990730985080298,0.990731964167325,1.040085191831312,0.0006457932489856212,0.0006467723360125713,0.05
0.00675,0.9903762866688292,0.9903773422081045,1.039705822484716,0.0006704641841133674,0.0006715197233886287,0.05
0.007,0.9900217212873171,0.9900228561288084,1.03932659850046,0.0006951227868569054,0.0006962576283481614,0.05
0.00725,0.9896672888862281,0.9896685058773718,1.038947519822847,0.0007197690633808818,0.0007209860545245369,0.05
0.0075,0.9893129894160467,0.9893142914017495,1.0385685863962,0.0007444030198468677,0.0007457050055497319,0.05
0.00775,0.988958822827276,0.988960212649917,1.038189798164863,0.0007690246624133534,0.0007704144850543115,0.05
0.008,0.988604789070437,0.9886062695698687,1.037811155073201,0.0007936339972357432,0.0007951144966674716,0.05
0.00825,0.9882508880960693,0.9882524621096199,1.037432657065603,0.000818231030466382,0.000819805044017003,0.05
0.008500000000000001,0.9878971198547303,0.9878987902172051,1.037054304086476,0.000842815768254518,0.0008444861307293207,0.05
0.008750000000000001,0.987543484296996,0.987545253840679,1.03667609608025,0.0008673882167463398,0.0008691577604294347,0.05
0.008999999999999999,0.9871899813734604,0.9871918529281164,1.036298032991375,0.0008919483820849617,0.0008938199367409786,0.05
0.00925,0.9868366110347359,0.9868385874276115,1.035920114764325,0.0009164962704104274,0.0009184726632861889,0.05
0.0095,0.9864833732314529,0.9864854572872791,1.035542341343593,0.0009410318878597002,0.0009431159436859109,0.05
0.00975,0.9861302679142602,0.9861324624552531,1.035164712673693,0.0009655552405666902,0.0009677497815596214,0.05
0.01,0.9857772950338245,0.9857796028796877,1.034787228699162,0.0009900663346622373,0.0009923741805253922,0.05
0.01025,0.9854244545408311,0.9854268785087569,1.034409889364557,0.001014565176274107,0.001016989144199912,0.05
0.0105,0.985071746385983,0.9850742892906545,1.034032694614456,0.001039051771527022,0.001041594676198493,0.05
0.01075,0.984719170520002,0.9847218351735945,1.033655644393459,0.001063526126542619,0.00106619078013505,0.05
0.011,0.9843667268936276,0.9843695161058102,1.033278738646188,0.001087988247439498,0.001090777459622114,0.05
0.01125,0.9840144154576174,0.9840173320355551,1.032901977317284,0.001112438140333183,0.00111535471827084,0.05
0.0115,0.9836622361627474,0.9836652829111022,1.032525360351411,0.001136875811336147,0.001139922559691002,0.05
0.01175,0.9833101889598116,0.9833133686807448,1.032148887693254,0.001161301266557807,0.00116448098749098,0.05
0.012,0.9829582737996225,0.9829615892927958,1.031772559287518,0.001185714512104535,0.001189030005277765,0.05
0.01225,0.9826064906330101,0.9826099446955874,1.03139637507893,0.001210115554079633,0.001213569616656994,0.05
0.0125,0.9822548394108229,0.9822584348374724,1.03102033501224,0.001234504398583369,0.001238099825232899,0.05
0.01275,0.9819033200839277,0.9819070596668231,1.030644439032215,0.001258881051712946,0.001262620634608329,0.05
0.013,0.9815519326032091,0.9815558191320314,1.030268687083647,0.001283245519562532,0.001287132048384769,0.05
0.01325,0.9812006769195698,0.9812047131815089,1.029893079111347,0.001307597808223249,0.001311634070162317,0.05
0.0135,0.9808495529839311,0.9808537417636876,1.029517615060148,0.001331937923783161,0.001336126703539678,0.05
0.01375,0.9804985607472315,0.9805029048270184,1.029142294874904,0.0013562658723273,0.001360609952114203,0.05
0.014,0.9801477001604285,0.9801522023199727,1.028767118500491,0.001380581659937658,0.001385083819481848,0.05
0.01425,0.9797969711744969,0.979801634191041,1.028392085881804,0.00140488529269317,0.001409548309237195,0.05
0.0145,0.9794463737404304,0.9794512003887341,1.028017196963761,0.001429176776669761,0.001434003424973448,0.05
0.01475,0.9790959078092401,0.9791009008615823,1.0276424516913,0.001453456117940288,0.001458449170282432,0.05
0.015,0.9787455733319554,0.9787507355581355,1.027267850009381,0.001477723322574592,0.001482885548754595,0.05
0.01525,0.9783953702596238,0.9784007044269634,1.026893391862984,0.001501978396639475,0.001507312563979027,0.05
0.0155,0.9780452985433107,0.9780508074166554,1.026519077197112,0.001526221346198703,0.001531730219543418,0.05
0.01575,0.9776953581340996,0.9777010444758207,1.026144905956787,0.001550452177313017,0.001556138519034096,0.05
0.016,0.9773455489830922,0.9773514155530881,1.025770878087052,0.00157467089604012,0.001580537466036014,0.05
0.01625,0.9769958710414081,0.9770019205971061,1.025396993532973,0.001598877508434698,0.001604927064132748,0.05
0.0165,0.9766463242601848,0.976652559556543,1.025023252239637,0.001623072020548399,0.0016293073169065,0.05
0.01675,0.9762969085905782,0.9763033323800865,1.024649654152148,0.001647254438429857,0.001653678227938108,0.05
0.017,0.9759476239837616,0.975954239016444,1.024276199215637,0.001671424768124669,0.001678039800807035,0.05
0.01725,0.9755984703909268,0.9756052794143428,1.023902887375251,0.001695583015675423,0.001702392039091361,0.05
0.0175,0.9752494477632837,0.9752564535225298,1.023529718576162,0.001719729187121677,0.001726734946367804,0.05
0.01775,0.9749005560520595,0.9749077612897713,1.02315669276356,0.001743863288499975,0.001751068526211721,0.05
0.018,0.9745517952085001,0.9745592026648533,1.022783809882656,0.001767985325843846,0.001775392782197085,0.05
0.01825,0.9742031651838691,0.9742107775965818,1.022411069878685,0.0017920953051838,0.001799707717896493,0.05
0.0185,0.9738546659294479,0.9738624860337818,1.022038472696901,0.001816193232547325,0.001824013336881202,0.05
0.01875,0.9735062973965363,0.9735143279252985,1.021666018282577,0.001840279113958909,0.001848309642721066,0.05
0.019,0.9731580595364515,0.9731663032199961,1.021293706581011,0.001864352955440024,0.001872596638984604,0.05
0.01925,0.9728099523005291,0.9728184118667589,1.02092153753752,0.001888414763009122,0.001896874329238938,0.05
0.0195,0.9724619756401226,0.9724706538144907,1.020549511097441,0.001912464542681663,0.001921142717049837,0.05
0.01975,0.972114129506603,0.9721230290121147,1.020177627206133,0.001936502300470089,0.001945401805981712,0.05
0.02,0.97176641385136,0.9717755374085737,1.019805885808976,0.001960528042383841,0.001969651599597595,0.05
0.02025,0.9714188286258002,0.9714281789528301,1.019434286851371,0.001984541774429349,0.001993892101459161,0.05
0.0205,0.9710713737813492,0.9710809535938659,1.019062830278739,0.002008543502610055,0.002018123315126711,0.05
0.02075,0.97072404926945,0.9707338612806827,1.018691516036524,0.002032533232926387,0.002042345244159182,0.05
0.021,0.9703768550415632,0.9703869019623016,1.018320344070187,0.002056510971375775,0.002066557892114166,0.05
0.02125,0.9700297910491678,0.9700400755877631,1.017949314325215,0.002080476723952651,0.00209076126254787,0.05
0.0215,0.9696828572437605,0.9696933821061272,1.017578426747112,0.002104430496648468,0.002114955359015149,0.05
0.02175,0.9693360535768558,0.9693468214664737,1.017207681281404,0.002128372295451653,0.002139140185069494,0.05
0.022,0.9689893799999864,0.9690003936179017,1.016837077873639,0.002152302126347666,0.002163315744263036,0.05
0.02225,0.9686428364647023,0.9686540985095299,1.016466616469383,0.002176219995318962,0.002187482040146544,0.05
0.0225,0.968296422922572,0.9683079360904965,1.016096297014227,0.002200125908345002,0.002211639076269417,0.05
0.02275,0.9679501393251816,0.967961906309959,1.015726119453779,0.002224019871402277,0.00223578685617971,0.05
0.023,0.9676039856241349,0.9676160091170947,1.015356083733671,0.002247901890464266,0.002259925383424106,0.05
0.02325,0.9672579617710535,0.9672702444610999,1.014986189799552,0.002271771971501485,0.002284054661547942,0.05
0.0235,0.9669120677175772,0.966924612291191,1.014616437597096,0.002295630120481445,0.00230817469409518,0.05
0.02375,0.9665663034153635,0.9665791125566032,1.014246827071995,0.002319476343368682,0.002332285484608441,0.05
0.024,0.9662206688160876,0.9662337452065918,1.013877358169963,0.002343310646124763,0.002356387036628977,0.05
0.02425,0.9658751638714426,0.965888510190431,1.013508030836734,0.002367133034708258,0.00238047935369668,0.05
0.0245,0.9655297885331393,0.9655434074574146,1.013138845018065,0.002390943515074756,0.002404562439350101,0.05
0.02475,0.9651845427529068,0.9651984369568563,1.01276980065973,0.002414742093176892,0.002428636297126415,0.05
0.025,0.964839426482491,0.9648535986380882,1.012400897707527,0.002438528774964299,0.002452700930561471,0.05
0.02525,0.9644944396736567,0.9645088924504628,1.012032136107273,0.002462303566383656,0.002476756343189729,0.05
0.0255,0.9641495822781858,0.9641643183433515,1.011663515804807,0.002486066473378651,0.002500802538544315,0.05
0.02575,0.9638048542478783,0.9638198762661453,1.011295036745988,0.002509817501890022,0.002524839520156996,0.05
0.026,0.9634602555345516,0.9634755661682544,1.010926698876696,0.002533556657855518,0.002548867291558194,0.05
0.02625,0.9631157860900414,0.9631313879991085,1.010558502142832,0.002557283947209938,0.002572885856276962,0.05
0.0265,0.9627714458662009,0.9627873417081568,1.010190446490316,0.00258099937588509,0.002596895217841014,0.05
0.02675,0.9624272348149009,0.9624434272448678,1.009822531865091,0.002604702949809845,0.002620895379776706,0.05
0.027,0.96208315288803,0.962099644558729,1.00945475821312,0.002628394674910084,0.002644886345609046,0.05
0.02725,0.9617392000374949,0.9617559935992479,1.009087125480386,0.002652074557108752,0.002668868118861687,0.05
0.0275,0.9613953762152196,0.9614124743159508,1.008719633612894,0.002675742602325809,0.002692840703056944,0.05
0.02775,0.9610516813731461,0.9610690866583835,1.008352282556668,0.002699398816478266,0.002716804101715762,0.05
0.028,0.960708115463234,0.9607258305761115,1.007985072257754,0.002723043205480186,0.002740758318357754,0.05
0.02825,0.9603646784374605,0.960382706018719,1.007618002662218,0.002746675775242663,0.002764703356501176,0.05
0.0285,0.9600213702478209,0.96003971293581,1.007251073716147,0.002770296531673833,0.002788639219662941,0.05
0.02875,0.9596781908463278,0.9596968512770074,1.006884285365649,0.002793905480678894,0.002812565911358612,0.05
0.029,0.9593351401850115,0.9593541209919539,1.006517637556851,0.002817502628160074,0.002836483435102408,0.05
0.02925,0.9589922182159206,0.9590115220303111,1.006151130235904,0.002841087980016671,0.002860391794407189,0.05
0.0295,0.9586494248911206,0.9586690543417601,1.005784763348976,0.002864661542145014,0.002884290992784486,0.05
0.02975,0.9583067601626951,0.9583267178760011,1.005418536842257,0.002888223320438499,0.002908181033744469,0.05
0.03,0.9579642239827452,0.9579845125827536,1.005052450661958,0.002911773320787564,0.002932061920795986,0.05
0.03025,0.9576218163033899,0.9576424384117568,1.00468650475431,0.002935311549079717,0.002955933657446507,0.05
0.0305,0.9572795370767657,0.9573004953127684,1.004320699065566,0.002958838011199516,0.002979796247202193,0.05
0.03075,0.9569373862550267,0.9569586832355659,1.003955033541998,0.002982352713028569,0.003003649693567832,0.05
0.031,0.9565953637903446,0.9566170021299459,1.003589508129899,0.003005855660445556,0.003027494000046887,0.05
0.03125,0.9562534696349091,0.9562754519457244,1.003224122775583,0.00302934685932621,0.003051329170141473,0.05
0.0315,0.9559117037409272,0.9559340326327361,1.002858877425384,0.003052826315543339,0.003075155207352365,0.05
0.03175,0.9555700660606233,0.9555927441408355,1.002493772025657,0.003076294034966798,0.003098972115178998,0.05
0.032,0.9552285565462403,0.9552515864198962,1.002128806522777,0.003099750023463527,0.003122779897119454,0.05
0.03225,0.9548871751500377,0.9549105594198106,1.00176398086314,0.003123194286897513,0.003146578556670495,0.05
0.0325,0.9545459218242933,0.954569663090491,1.001399294993163,0.003146626831129829,0.003170368097327523,0.05
0.03275,0.954204796521302,0.954228897381868,1.001034748859283,0.003170047662018605,0.003194148522584622,0.05
0.033,0.9538637991933768,0.9538882622438923,1.000670342407958,0.003193456785419058,0.003217919835934512,0.05
0.03325,0.953522929792848,0.9535477576265332,1.000306075585665,0.003216854207183462,0.003241682040868591,0.05
0.0335,0.9531821882720635,0.9532073834797793,0.9999419483389024,0.003240239933161171,0.003265435140876923,0.05
0.03375,0.9528415745833887,0.9528671397536383,0.9995779606141901,0.003263613969198626,0.003289179139448224,0.05
0.034,0.9525010886792068,0.9525270263981374,0.9992141123580676,0.003286976321139324,0.00331291404006987,0.05
0.03425,0.9521607305119183,0.9521870433633224,0.9988504035170945,0.003310326994823859,0.003336639846227922,0.05
0.0345,0.9518205000339416,0.9518471905992588,0.9984868340378518,0.003333665996089902,0.003360356561407077,0.05
0.03475,0.9514803971977124,0.9515074680560309,0.9981234038669402,0.003356993330772201,0.003384064189090713,0.05
0.035,0.9511404219556837,0.9511678756837421,0.9977601129509812,0.003380309004702587,0.003407762732760877,0.05
0.03525,0.9508005742603266,0.9508284134325149,0.9973969612366167,0.003403613023709984,0.003431452195898276,0.05
0.0355,0.9504608540641295,0.9504890812524913,0.9970339486705091,0.003426905393620394,0.003455132581982277,0.05
0.03575,0.950121261319598,0.950149879093832,0.9966710751993411,0.00345018612025691,0.003478803894490929,0.05
0.036,0.9497817959792557,0.9498108069067169,0.996308340769816,0.003473455209439713,0.003502466136900926,0.05
0.03625,0.9494424579956434,0.949471864641345,0.9959457453286574,0.00349671266698608,0.003526119312687653,0.05
0.0365,0.9491032473213197,0.9491330522479345,0.9955832888226094,0.003519958498710363,0.003549763425325152,0.05
0.03675,0.9487641639088603,0.9487943696767224,0.9952209711984363,0.003543192710424037,0.003573398478286136,0.05
0.037,0.9484252077108589,0.9484558168779652,0.9948587924029233,0.003566415307935639,0.003597024475041976,0.05
0.03725,0.9480863786799261,0.9481173938019379,0.9944967523828753,0.00358962629705083,0.003620641419062739,0.05
0.0375,0.9477476767686903,0.9477791003989351,0.994134851085118,0.003612825683572357,0.003644249313817139,0.05
0.03775,0.9474091019297974,0.94744093661927,0.9937730884564975,0.003636013473300059,0.003667848162772572,0.05
0.038,0.947070654115911,0.9471029024132751,0.9934114644438801,0.003659189672030888,0.0036914379693951,0.05
0.03825,0.9467323332797113,0.9467649977313018,0.9930499789941525,0.003682354285558898,0.003715018737149461,0.05
0.0385,0.946394139373897,0.9464272225237209,0.9926886320542219,0.003705507319675233,0.00373859046949906,0.05
0.03875,0.9460560723511838,0.9460895767409216,0.9923274235710157,0.003728648780168159,0.003762153169905976,0.05
0.039,0.9457181321643046,0.9457520603333125,0.9919663534914815,0.003751778672823036,0.003785706841830971,0.05
0.03925,0.9453803187660099,0.945414673251321,0.9916054217625876,0.003774897003422345,0.003809251488733473,0.05
0.0395,0.9450426321090679,0.9450774154453938,0.9912446283313223,0.003798003777745662,0.00383278711407158,0.05
0.03975,0.944705072146264,0.9447402868659964,0.9908839731446943,0.003821099001569683,0.003856313721302076,0.05
0.04,0.9443676388304009,0.944403287463613,0.9905234561497327,0.003844182680668213,0.003879831313880415,0.05
0.04025,0.944030332114299,0.9440664171887475,0.9901630772934868,0.003867254820812172,0.003903339895260715,0.05
0.0405,0.9436931519507957,0.9437296759919219,0.9898028365230261,0.003890315427769598,0.003926839468895803,0.05
0.04075,0.9433560982927462,0.9433930638236778,0.9894427337854407,0.003913364507305639,0.003950330038237146,0.05
0.041,0.943019171093023,0.9430565806345754,0.9890827690278405,0.003936402065182565,0.003973811606734911,0.05
0.04125,0.942682370304516,0.9427202263751941,0.9887229421973562,0.003959428107159774,0.003997284177837932,0.05
0.0415,0.9423456958801321,0.9423840009961321,0.9883632532411384,0.003982442638993766,0.004020747754993731,0.05
0.04175,0.9420091477727961,0.9420479044480065,0.988003702106358,0.004005445666438179,0.004044202341648497,0.05
0.042,0.9416727259354499,0.9417119366814533,0.9876442887402062,0.004028437195243767,0.004067647941247117,0.05
0.04225,0.9413364303210527,0.9413760976471275,0.9872850130898944,0.004051417231158416,0.004091084557233138,0.05
0.0425,0.9410002608825813,0.9410403872957029,0.9869258751026542,0.004074385779927131,0.004114512193048802,0.05
0.04275,0.9406642175730294,0.9407048055778724,0.9865668747257375,0.004097342847292057,0.004137930852135028,0.05
0.043,0.9403283003454089,0.9403693524443478,0.9862080119064165,0.004120288438992448,0.0041613405379314,0.05
0.04325,0.9399925091527479,0.9400340278458594,0.9858492865919832,0.004143222560764714,0.00418474125387622,0.05
0.0435,0.9396568439480927,0.9396988317331567,0.9854906987297504,0.004166145218342388,0.004208133003406439,0.05
0.04375,0.9393213046845067,0.9393637640570083,0.9851322482670506,0.004189056417456117,0.0042315157899577,0.05
0.044,0.9389858913150703,0.9390288247682008,0.9847739351512366,0.004211956163833719,0.004254889616964345,0.05
0.04425,0.9386506037928815,0.9386940138175407,0.9844157593296814,0.004234844463200121,0.004278254487859384,0.05
0.0445,0.9383154420710557,0.9383593311558527,0.9840577207497783,0.004257721321277397,0.004301610406074514,0.05
0.04475,0.9379804061027253,0.9380247767339807,0.9836998193589406,0.00428058674378477,0.004324957375040115,0.05
0.045,0.9376454958410403,0.9376903505027869,0.9833420551046017,0.004303440736438591,0.004348295398185265,0.05
0.04525,0.9373107112391676,0.937356052413153,0.9829844279342154,0.004326283304952355,0.004371624478937712,0.05
0.0455,0.9369760522502919,0.9370218824159791,0.9826269377952552,0.004349114455036707,0.004394944620723906,0.05
0.04575,0.9366415188276147,0.9366878404621842,0.9822695846352153,0.00437193419239944,0.004418255826968968,0.05
0.046,0.936307110924355,0.9363539265027062,0.9819123684016096,0.004394742522745482,0.004441558101096715,0.05
0.04625,0.9359728284937489,0.9360201404885016,0.981555289041972,0.004417539451776914,0.004464851446529665,0.05
0.0465,0.9356386714890499,0.9356864823705459,0.981198346503857,0.004440324985192973,0.004488135866688998,0.05
0.04675,0.9353046398635287,0.9353529520998333,0.9808415407348388,0.00446309912869004,0.0045114113649946,0.05
0.047,0.9349707335704734,0.9350195496273769,0.9804848716825119,0.004485861887961651,0.00453467794486504,0.05
0.04725,0.934636952563189,0.9346862749042081,0.9801283392944905,0.004508613268698503,0.004557935609717596,0.05
0.0475,0.9343032967949979,0.9343531278813777,0.9797719435184096,0.004531353276588429,0.004581184362968198,0.05
0.04775,0.9339697662192398,0.9340201085099549,0.9794156843019234,0.004554081917316439,0.004604424208031512,0.05
0.048,0.9336363607892716,0.9336872167410277,0.9790595615927069,0.00457679919656469,0.004627655148320854,0.05
0.04825,0.9333030804584671,0.9333544525257028,0.9787035753384546,0.00459950512001251,0.004650877187248268,0.05
0.0485,0.9329699251802177,0.9330218158151059,0.9783477254868814,0.004622199693336365,0.004674090328224469,0.05
0.04875,0.932636894907932,0.932689306560381,0.9779920119857222,0.004644882922209915,0.004697294574658865,0.05
0.049,0.9323039895950355,0.932356924712691,0.9776364347827315,0.004667554812303953,0.004720489929959572,0.05
0.04925,0.9319712091949709,0.9320246702232178,0.9772809938256845,0.00469021536928646,0.004743676397533389,0.05
0.0495,0.9316385536611984,0.9316925430431616,0.9769256890623759,0.004712864598822575,0.004766853980785804,0.05
0.04975,0.9313060229471951,0.9313605431237415,0.9765705204406205,0.004735502506574602,0.004790022683121017,0.05
0.05,0.9309736170064553,0.9310286704161952,0.9762154879082533,0.004758129098202024,0.004813182507941915,0.05
0.05025,0.9306413357924905,0.9306969248717791,0.9758605914131291,0.00478074437936148,0.004836333458650077,0.05
0.0505,0.9303091792588295,0.9303653064417684,0.9755058309031227,0.004803348355706794,0.004859475538645782,0.05
0.05075,0.9299771473590178,0.9300338150774569,0.9751512063261289,0.004825941032888964,0.004882608751328008,0.05
0.051,0.9296452400466187,0.929702450730157,0.9747967176300626,0.004848522416556156,0.004905733100094428,0.05
0.05125,0.9293134572752121,0.9293712133511998,0.9744423647628584,0.00487109251235372,0.004928848588341413,0.05
0.0515,0.9289817989983951,0.9290401028919348,0.9740881476724709,0.004893651325924175,0.004951955219464044,0.05
0.05175,0.9286502651697819,0.9287091193037308,0.9737340663068748,0.004916198862907228,0.004975052996856084,0.05
0.052,0.9283188557430044,0.9283782625379747,0.9733801206140648,0.004938735128939759,0.004998141923909991,0.05
0.05225,0.9279875706717108,0.928047532546072,0.973026310542055,0.004961260129655843,0.005021222004016957,0.05
0.0525,0.9276564099095669,0.927716929279447,0.9726726360388802,0.00498377387068672,0.005044293240566836,0.05
0.05275,0.9273253734102552,0.9273864526895426,0.9723190970525944,0.005006276357660833,0.005067355636948209,0.05
0.053,0.9269944611274759,0.9270561027278205,0.9719656935312722,0.005028767596203798,0.005090409196548339,0.05
0.05325,0.9266636730149456,0.9267258793457603,0.9716124254230072,0.00505124759193843,0.005113453922753215,0.05
0.0535,0.9263330090263984,0.9263957824948612,0.9712592926759137,0.005073716350484725,0.005136489818947505,0.05
0.05375,0.9260024691155855,0.9260658121266402,0.9709062952381257,0.00509617387745987,0.005159516888514585,0.05
0.054,0.9256720532362749,0.9257359681926332,0.9705534330577966,0.005118620178478256,0.005182535134836552,0.05
0.05425,0.9253417613422517,0.9254062506443944,0.9702007060831003,0.005141055259151451,0.00520554456129419,0.05
0.0545,0.9250115933873183,0.9250766594334972,0.9698481142622302,0.005163479125088227,0.005228545171266987,0.05
0.05475,0.924681549325294,0.9247471945115326,0.9694956575433995,0.005185891781894553,0.005251536968133149,0.05
0.055,0.924351629110015,0.924417855830111,0.9691433358748415,0.005208293235173589,0.005274519955269581,0.05
0.05525,0.9240218326953348,0.9240886433408609,0.9687911492048091,0.005230683490525701,0.005297494136051885,0.05
0.0555,0.9236921600351238,0.9237595569954298,0.9684390974815754,0.005253062553548449,0.005320459513854374,0.05
0.05575,0.9233626110832693,0.9234305967454829,0.9680871806534328,0.005275430429836608,0.005343416092050084,0.05
0.056,0.9230331857936759,0.9231017625427045,0.9677353986686937,0.00529778712498214,0.005366363874010745,0.05
0.05625,0.9227038841202648,0.9227730543387974,0.9673837514756907,0.005320132644574216,0.005389302863106785,0.05
0.0565,0.9223747060169748,0.9224444720854829,0.9670322390227756,0.005342466994199224,0.005412233062707359,0.05
0.05675,0.9220456514377608,0.9221160157345005,0.9666808612583202,0.005364790179440748,0.00543515447618033,0.05
0.057,0.9217167203365959,0.9217876852376086,0.9663296181307164,0.005387102205879585,0.005458067106892252,0.05
0.05725,0.9213879126674691,0.9214594805465838,0.9659785095883754,0.005409403079093739,0.00548097095820841,0.05
0.0575,0.9210592283843868,0.9211314016132212,0.9656275355797285,0.005431692804658434,0.005503866033492787,0.05
0.05775,0.9207306674413727,0.9208034483893347,0.9652766960532266,0.005453971388146095,0.005526752336108077,0.05
0.058,0.9204022297924668,0.920475620826756,0.9649259909573404,0.005476238835126369,0.005549629869415699,0.05
0.05825,0.9200739153917263,0.920147918877336,0.9645754202405603,0.005498495151166122,0.005572498636775774,0.05
0.0585,0.919745724193226,0.9198203424929436,0.9642249838513965,0.005520740341829433,0.005595358641547128,0.05
0.05875,0.9194176561510565,0.9194928916254662,0.963874681738379,0.005542974412677599,0.005618209887087312,0.05
0.059,0.9190897112193264,0.9191655662268099,0.9635245138500573,0.005565197369269132,0.005641052376752583,0.05
0.05925,0.9187618893521605,0.9188383662488987,0.9631744801350008,0.005587409217159778,0.005663886113897919,0.05
0.0595,0.918434190503701,0.9185112916436755,0.9628245805417985,0.005609609961902496,0.005686711101877011,0.05
0.05975,0.9181066146281066,0.9181843423631014,0.9624748150190592,0.005631799609047472,0.005709527344042262,0.05
0.06,0.9177791616795533,0.917857518359156,0.9621251835154112,0.005653978164142127,0.005732334843744793,0.05
0.06025,0.9174518316122339,0.9175308195838372,0.9617756859795028,0.005676145632731083,0.005755133604334433,0.05
0.0605,0.9171246243803579,0.9172042459891614,0.9614263223600017,0.005698302020356222,0.005777923629159739,0.05
0.06075,0.9167975399381519,0.9168777975271634,0.9610770926055954,0.005720447332556633,0.005800704921567978,0.05
0.061,0.9164705782398596,0.916551474149896,0.960727996664991,0.005742581574868644,0.005823477484905137,0.05
0.06125,0.9161437392397411,0.9162252758094311,0.9603790344869153,0.005764704752825822,0.005846241322515916,0.05
0.0615,0.9158170228920737,0.9158992024578585,0.9600302060201148,0.005786816871958956,0.005868996437743739,0.05
0.06175,0.9154904291511514,0.9155732540472862,0.9596815112133554,0.005808917937796077,0.005891742833930753,0.05
0.062,0.9151639579712854,0.9152474305298407,0.959332950015423,0.005831007955862455,0.005914480514417815,0.05
0.06225,0.9148376093068032,0.9149217318576671,0.9589845223751227,0.005853086931680591,0.005937209482544507,0.05
0.0625,0.9145113831120497,0.9145961579829287,0.9586362282412796,0.005875154870770227,0.005959929741649124,0.05
0.06275,0.9141852793413864,0.9142707088578067,0.9582880675627381,0.00589721177864836,0.005982641295068701,0.05
0.063,0.9138592979491917,0.9139453844345015,0.9579400402883625,0.005919257660829198,0.006005344146138966,0.05
0.06325,0.9135334388898608,0.913620184665231,0.9575921463670366,0.005941292522824227,0.00602803829819439,0.05
0.0635,0.9132077021178056,0.9132951095022316,0.9572443857476635,0.005963316370142153,0.006050723754568168,0.05
0.06375,0.9128820875874551,0.9129701588977583,0.9568967583791662,0.005985329208288948,0.006073400518592199,0.05
0.064,0.9125565952532551,0.9126453328040843,0.9565492642104872,0.006007331042767811,0.006096068593597123,0.05
0.06425,0.9122312250696678,0.9123206311735008,0.9562019031905886,0.006029321879079202,0.006118727982912296,0.05
0.0645,0.9119059769911727,0.9119960539583176,0.9558546752684519,0.006051301722720843,0.006141378689865799,0.05
0.06475,0.9115808509722659,0.9116716011108627,0.9555075803930783,0.006073270579187679,0.006164020717784442,0.05
0.065,0.9112558469674603,0.9113472725834821,0.9551606185134884,0.006095228453971935,0.006186654069993749,0.05
0.06525,0.9109309649312856,0.9110230683285405,0.9548137895787225,0.006117175352563076,0.006209278749817987,0.05
0.0655,0.9106062048182881,0.9106989882984204,0.9544670935378403,0.006139111280447824,0.006231894760580138,0.05
0.06575,0.9102815665830313,0.910375032445523,0.9541205303399212,0.006161036243110163,0.006254502105601905,0.05
0.066,0.909957050180095,0.9100512007222674,0.9537740999340637,0.006182950246031338,0.006277100788203737,0.05
0.06625,0.9096326555640762,0.9097274930810911,0.9534278022693864,0.006204853294689844,0.006299690811704785,0.05
0.0665,0.9093083826895882,0.9094039094744497,0.9530816372950268,0.006226745394561445,0.006322272179422957,0.05
0.06675,0.9089842315112615,0.9090804498548173,0.9527356049601424,0.006248626551119164,0.006344844894674864,0.05
0.067,0.908660201983743,0.9087571141746856,0.9523897052139098,0.006270496769833301,0.00636740896077587,0.05
0.06725,0.9083362940616966,0.9084339023865652,0.9520439380055252,0.006292356056171395,0.006389964381040043,0.05
0.0675,0.9080125076998026,0.9081108144429845,0.9516983032842043,0.006314204415598279,0.006412511158780206,0.05
0.06775,0.9076888428527585,0.9077878502964903,0.9513528009991825,0.006336041853576036,0.006435049297307887,0.05
0.068,0.907365299475278,0.9074650098996473,0.951007431099714,0.006357868375564036,0.006457578799933378,0.05
0.06825000000000001,0.907041877522092,0.9071422932050387,0.9506621935350731,0.006379683987018898,0.006480099669965666,0.05
0.06850000000000001,0.9067185769479477,0.9068197001652656,0.9503170882545532,0.00640148869339453,0.006502611910712495,0.05
0.06875000000000001,0.9063953977076092,0.9064972307329474,0.9499721152074672,0.006423282500142108,0.006525115525480338,0.05
0.06900000000000001,0.9060723397558573,0.9061748848607216,0.9496272743431473,0.006445065412710083,0.006547610517574397,0.05
0.06925000000000001,0.9057494030474897,0.9058526625012442,0.9492825656109456,0.006466837436544188,0.006570096890298595,0.05
0.06950000000000001,0.9054265875373203,0.9055305636071885,0.948937988960233,0.006488598577087424,0.006592574646955616,0.05
0.06975000000000001,0.9051038931801799,0.9052085881312467,0.9485935443403999,0.006510348839780073,0.006615043790846867,0.05
0.07000000000000001,0.9047813199309162,0.9048867360261289,0.9482492317008565,0.006532088230059708,0.006637504325272477,0.05
0.07025000000000001,0.9044588677443932,0.9045650072445633,0.9479050509910321,0.006553816753361175,0.006659956253531326,0.05
0.07049999999999999,0.9041365365754919,0.9042434017392963,0.9475610021603753,0.006575534415116602,0.006682399578921021,0.05
0.07074999999999999,0.9038143263791096,0.9039219194630921,0.9472170851583542,0.006597241220755412,0.006704834304737915,0.05
0.07099999999999999,0.9034922371101606,0.9036005603687334,0.9468732999344563,0.006618937175704298,0.006727260434277089,0.05
0.07124999999999999,0.9031702687235756,0.9032793244090207,0.9465296464381884,0.006640622285387254,0.006749677970832367,0.05
0.07149999999999999,0.902848421174302,0.9029582115367727,0.9461861246190765,0.00666229655522555,0.006772086917696308,0.05
0.07174999999999999,0.9025266944173038,0.9026372217048263,0.9458427344266661,0.006683959990637767,0.006794487278160211,0.05
0.07199999999999999,0.9022050884075619,0.9023163548660362,0.9454994758105222,0.006705612597039751,0.006816879055514109,0.05
0.07224999999999999,0.9018836031000733,0.9019956109732754,0.9451563487202287,0.006727254379844661,0.006839262253046784,0.05
0.0725,0.9015622384498521,0.9016749899794348,0.9448133531053892,0.006748885344462935,0.006861636874045749,0.05
0.07275,0.9012409944119286,0.9013544918374236,0.9444704889156263,0.006770505496302326,0.006884002921797261,0.05
0.073,0.9009198709413502,0.9010341165001686,0.9441277561005823,0.00679211484076786,0.006906360399586319,0.05
0.07325,0.9005988679931802,0.900713863920615,0.9437851546099184,0.006813713383261888,0.006928709310696659,0.05
0.0735,0.9002779855224993,0.900393734051726,0.9434426843933152,0.00683530112918403,0.006951049658410768,0.05
0.07375,0.899957223484404,0.9000737268464827,0.9431003454004728,0.006856878083931229,0.00697338144600986,0.05
0.074,0.8996365818340081,0.8997538422578842,0.9427581375811104,0.006878444252897731,0.006995704676773902,0.05
0.07425,0.8993160605264413,0.8994340802389479,0.9424160608849663,0.006899999641475064,0.007018019353981604,0.05
0.0745,0.8989956595168503,0.8991144407427086,0.9420741152617983,0.006921544255052087,0.007040325480910425,0.05
0.07475,0.8986753787603983,0.8987949237222199,0.9417323006613834,0.006943078099014949,0.007062623060836557,0.05
0.075,0.8983552182122648,0.8984755291305527,0.9413906170335178,0.00696460117874711,0.007084912097034936,0.05
0.07525,0.8980351778276463,0.8981562569207963,0.941049064328017,0.006986113499629343,0.007107192592779249,0.05
0.0755,0.8977152575617554,0.8978371070460576,0.9407076424947157,0.007007615067039724,0.007129464551341935,0.05
0.07575,0.8973954573698214,0.8975180794594619,0.9403663514834678,0.007029105886353648,0.007151727975994167,0.05
0.076,0.8970757772070901,0.8971991741141522,0.9400251912441463,0.007050585962943823,0.007173982870005877,0.05
0.07625,0.8967562170288239,0.8968803909632894,0.9396841617266437,0.007072055302180269,0.007196229236645726,0.05
0.0765,0.8964367767903018,0.8965617299600526,0.9393432628808714,0.007093513909430311,0.00721846707918114,0.05
0.07675,0.8961174564468188,0.8962431910576386,0.9390024946567603,0.007114961790058605,0.007240696400878281,0.05
0.077,0.8957982559536872,0.8959247742092622,0.9386618570042602,0.007136398949427126,0.007262917205002071,0.05
0.07725,0.8954791752662351,0.8956064793681562,0.93832134987334,0.007157825392895162,0.007285129494816178,0.05
0.0775,0.8951602143398076,0.8952883064875713,0.9379809732139883,0.007179241125819325,0.007307333273583004,0.05
0.07775,0.8948413731297659,0.894970255520776,0.9376407269762124,0.007200646153553542,0.007329528544563721,0.05
0.078,0.8945226515914877,0.8946523264210569,0.9373006111100387,0.007222040481449078,0.007351715311018245,0.05
0.07825,0.8942040496803676,0.8943345191417184,0.9369606255655132,0.007243424114854508,0.007373893576205233,0.05
0.0785,0.8938855673518162,0.8940168336360826,0.9366207702927005,0.007264797059115747,0.007396063343382114,0.05
0.07875,0.8935672045612607,0.8936992698574898,0.9362810452416848,0.007286159319576025,0.007418224615805051,0.05
0.079,0.8932489612641449,0.893381827759298,0.935941450362569,0.007307510901575914,0.007440377396728966,0.05
0.07925,0.8929308374159288,0.8930645072948831,0.9356019856054756,0.007328851810453303,0.007462521689407534,0.05
0.0795,0.8926128329720893,0.8927473084176389,0.9352626509205458,0.007350182051543425,0.007484657497093177,0.05
0.07975,0.892294947888119,0.8924302310809773,0.9349234462579402,0.007371501630178834,0.007506784823037077,0.05
0.08,0.8919771821195275,0.8921132752383273,0.9345843715678381,0.007392810551689433,0.007528903670489179,0.05
0.08025,0.8916595356218409,0.8917964408431366,0.9342454268004384,0.007414108821402443,0.007551014042698162,0.05
0.0805,0.8913420083506012,0.8914797278488702,0.9339066119059588,0.007435396444642445,0.007573115942911471,0.05
0.08075,0.8910246002613672,0.8911631362090112,0.933567926834636,0.007456673426731331,0.007595209374375315,0.05
0.081,0.8907073113097141,0.8908466658770604,0.9332293715367258,0.007477939772988352,0.007617294340334649,0.05
0.08125,0.8903901414512333,0.8905303168065364,0.9328909459625032,0.007499195488730093,0.007639370844033187,0.05
0.0815,0.8900730906415328,0.8902140889509758,0.9325526500622624,0.007520440579270488,0.00766143888871339,0.05
0.08175,0.8897561588362368,0.8898979822639326,0.9322144837863161,0.007541675049920805,0.007683498477616501,0.05
0.082,0.8894393459909862,0.889581996698979,0.9318764470849965,0.007562898905989663,0.0077055496139825,0.05
0.08225,0.8891226520614378,0.889266132209705,0.9315385399086549,0.00758411215278303,0.007727592301050123,0.05
0.0825,0.8888060770032652,0.8889503887497179,0.931200762207661,0.007605314795604213,0.007749626542056893,0.05
0.08275,0.8884896207721582,0.8886347662726434,0.9308631139324044,0.007626506839753866,0.007771652340239053,0.05
0.083,0.8881732833238228,0.8883192647321245,0.9305255950332929,0.00764768829053002,0.007793669698831641,0.05
0.08325,0.8878570646139817,0.8880038840818222,0.9301882054607538,0.00766885915322802,0.007815678621068441,0.05
0.0835,0.8875409645983737,0.8876886242754151,0.9298509451652331,0.007690019433140589,0.007837679110181992,0.05
0.08375,0.887224983232754,0.8873734852665998,0.9295138140971962,0.007711169135557795,0.007859671169403597,0.05
0.08400000000000001,0.8869091204728942,0.8870584670090904,0.9291768122071271,0.007732308265767063,0.007881654801963331,0.05
0.08425000000000001,0.8865933762745819,0.8867435694566188,0.9288399394455288,0.007753436829053179,0.007903630011090023,0.05
0.08450000000000001,0.8862777505936217,0.8864287925629346,0.9285031957629234,0.007774554830698283,0.007925596800011266,0.05
0.08475000000000001,0.8859622433858336,0.8861141362818052,0.9281665811098518,0.007795662275981875,0.007947555171953419,0.05
0.08500000000000001,0.8856468546070549,0.8857996005670158,0.9278300954368742,0.007816759170180815,0.007969505130141597,0.05
0.08525000000000001,0.8853315842131387,0.8854851853723691,0.9274937386945694,0.007837845518569331,0.007991446677799685,0.05
0.08550000000000001,0.8850164321599542,0.8851708906516855,0.9271575108335353,0.007858921326419006,0.008013379818150333,0.05
0.08575000000000001,0.8847013984033872,0.8848567163588034,0.9268214118043885,0.00787998659899879,0.008035304554414957,0.05
0.08599999999999999,0.8843864828993397,0.8845426624475785,0.9264854415577648,0.007901041341575005,0.008057220889813737,0.05
0.08624999999999999,0.8840716856037301,0.8842287288718844,0.9261496000443188,0.007922085559411336,0.00807912882756562,0.05
0.08649999999999999,0.8837570064724927,0.8839149155856122,0.9258138872147239,0.007943119257768838,0.008101028370888323,0.05
0.08674999999999999,0.8834424454615787,0.883601222542671,0.9254783030196728,0.007964142441905936,0.008122919522998312,0.05
0.08699999999999999,0.883128002526955,0.8832876496969875,0.9251428474098766,0.007985155117078424,0.008144802287110845,0.05
0.08724999999999999,0.8828136776246049,0.8829741970025053,0.9248075203360655,0.008006157288539479,0.008166676666439939,0.05
0.08749999999999999,0.8824994707105283,0.8826608644131869,0.9244723217489886,0.008027148961539632,0.008188542664198372,0.05
0.08774999999999999,0.8821853817407406,0.8823476518830115,0.9241372515994138,0.008048130141326803,0.008210400283597706,0.05
0.08799999999999999,0.8818714106712743,0.8820345593659763,0.9238023098381281,0.008069100833146298,0.008232249527848252,0.05
0.08825,0.8815575574581778,0.8817215868160961,0.9234674964159371,0.008090061042240781,0.008254090400159097,0.05
0.0885,0.8812438220575153,0.8814087341874031,0.923132811283665,0.008111010773850309,0.008275922903738129,0.05
0.08875,0.8809302044253678,0.8810960014339475,0.9227982543921556,0.008131950033212305,0.008297747041791956,0.05
0.089,0.8806167045178324,0.8807833885097968,0.9224638256922708,0.008152878825561594,0.008319562817525996,0.05
0.08925,0.8803033222910222,0.8804708953690361,0.9221295251348918,0.008173797156130374,0.008341370234144422,0.05
0.0895,0.8799900577010663,0.8801585219657683,0.9217953526709182,0.008194705030148226,0.008363169294850191,0.05
0.08975,0.879676910704111,0.8798462682541139,0.9214613082512689,0.008215602452842113,0.008384960002845009,0.05
0.09,0.8793638812563178,0.8795341341882107,0.9211273918268814,0.008236489429436401,0.008406742361329376,0.05
0.09025,0.8790509693138645,0.8792221197222143,0.9207936033487117,0.008257365965152825,0.00842851637350257,0.05
0.0905,0.8787381748329456,0.8789102248102977,0.9204599427677351,0.008278232065210523,0.008450282042562622,0.05
0.09075,0.8784254977697713,0.8785984494066517,0.9201264100349453,0.008299087734826021,0.008472039371706354,0.05
0.091,0.8781129380805681,0.8782867934654843,0.919793005101355,0.008319932979213235,0.008493788364129361,0.05
0.09125,0.8778004957215789,0.8779752569410214,0.9194597279179955,0.008340767803583476,0.008515529023026007,0.05
0.0915,0.8774881706490623,0.8776638397875063,0.9191265784359168,0.008361592213145452,0.008537261351589446,0.05
0.09175,0.8771759628192934,0.8773525419591998,0.9187935566061882,0.008382406213105265,0.00855898535301158,0.05
0.092,0.8768638721885635,0.8770413634103803,0.9184606623798972,0.008403209808666412,0.008580701030483112,0.05
0.09225,0.8765518987131797,0.8767303040953435,0.91812789570815,0.008424003005029801,0.00860240838719353,0.05
0.0925,0.8762400423494656,0.8764193639684029,0.9177952565420719,0.008444785807393718,0.008624107426331072,0.05
0.09275,0.8759283030537607,0.8761085429838896,0.9174627448328069,0.008465558220953873,0.008645798151082771,0.05
0.093,0.8756166807824206,0.8757978410961517,0.9171303605315173,0.008486320250903368,0.008667480564634442,0.05
0.09325,0.8753051754918172,0.8754872582595551,0.9167981035893845,0.008507071902432706,0.008689154670170672,0.05
0.0935,0.8749937871383383,0.8751767944284833,0.9164659739576085,0.008527813180729805,0.00871082047087483,0.05
0.09375,0.874682515678388,0.8748664495573371,0.9161339715874081,0.008548544090979982,0.008732477969929065,0.05
0.094,0.8743713610683863,0.8745562236005346,0.9158020964300204,0.00856926463836597,0.00875412717051431,0.05
0.09425,0.8740603232647697,0.8742461165125121,0.9154703484367018,0.008589974828067897,0.008775768075810268,0.05
0.0945,0.8737494022239901,0.8739361282477223,0.9151387275587268,0.008610674665263319,0.008797400688995443,0.05
0.09475,0.8734385979025163,0.8736262587606362,0.9148072337473891,0.008631364155127191,0.008819025013247089,0.05
0.095,0.8731279102568323,0.8733165080057418,0.9144758669540005,0.008652043302831886,0.00884064105174129,0.05
0.09525,0.872817339243439,0.8730068759375447,0.9141446271298919,0.008672712113547188,0.00886224880765287,0.05
0.0955,0.8725068848188529,0.872697362510568,0.9138135142264125,0.008693370592440309,0.008883848284155456,0.05
0.09575,0.8721965469396064,0.872387967679352,0.9134825281949306,0.008714018744675856,0.008905439484421457,0.05
0.096,0.8718863255622484,0.8720786913984546,0.9131516689868326,0.008734656575415879,0.008927022411622066,0.05
0.09625,0.8715762206433438,0.8717695336224512,0.912820936553524,0.008755284089819832,0.008948597068927255,0.05
0.0965,0.8712662321394732,0.8714604943059343,0.9124903308464286,0.008775901293044591,0.008970163459505793,0.05
0.09675,0.8709563600072333,0.8711515734035141,0.9121598518169889,0.008796508190244457,0.008991721586525227,0.05
0.097,0.8706466042032373,0.870842770869818,0.9118294994166661,0.008817104786571162,0.009013271453151884,0.05
0.09725,0.8703369646841137,0.8705340866594908,0.9114992735969399,0.008837691087173838,0.009034813062550894,0.05
0.0975,0.8700274414065077,0.8702255207271947,0.9111691743093087,0.00885826709719908,0.009056346417886163,0.05
0.09775,0.8697180343270799,0.8699170730276095,0.9108392015052891,0.008878832821790883,0.009077871522320393,0.05
0.098,0.8694087434025075,0.8696087435154318,0.9105093551364168,0.00889938826609067,0.009099388379015059,0.05
0.09825,0.8690995685894832,0.8693005321453763,0.9101796351542459,0.008919933435237315,0.00912089699113044,0.05
0.0985,0.8687905098447162,0.8689924388721746,0.9098500415103491,0.008940468334367102,0.009142397361825587,0.05
0.09875,0.868481567124931,0.8686844636505756,0.9095205741563173,0.008960992968613763,0.009163889494258367,0.05
0.099,0.8681727403868686,0.8683766064353456,0.9091912330437603,0.008981507343108453,0.009185373391585415,0.05
0.09925,0.867864029587286,0.8680688671812684,0.9088620181243063,0.009002011462979759,0.009206849056962165,0.05
0.09950000000000001,0.8675554346829559,0.8677612458431451,0.9085329293496023,0.00902250533335372,0.009228316493542841,0.05
0.09975000000000001,0.8672469556306673,0.867453742375794,0.9082039666713135,0.009042988959353798,0.009249775704480446,0.05
0.1,0.8669385923872245,0.8671463567340504,0.9078751300411236,0.00906346234610091,0.009271226692926808,0.05
0.10025,0.8666303449094487,0.8668390888727678,0.9075464194107353,0.009083925498713386,0.009292669462032502,0.05
0.1005,0.8663222131541761,0.866531938746816,0.9072178347318691,0.009104378422307031,0.009314104014946941,0.05
0.10075,0.8660141970782597,0.8662249063110828,0.9068893759562646,0.009124821121995063,0.009335530354818293,0.05
0.101,0.8657062966385677,0.865917991520473,0.9065610430356795,0.009145253602888171,0.009356948484793544,0.05
0.10125,0.8653985117919847,0.8656111943299087,0.9062328359218903,0.009165675870094458,0.009378358408018464,0.05
0.1015,0.8650908424954111,0.8653045146943292,0.9059047545666916,0.009186087928719505,0.009399760127637624,0.05
0.10175,0.864783288705763,0.8649979525686912,0.9055767989218968,0.009206489783866317,0.009421153646794389,0.05
0.102,0.864475850379973,0.8646915079079686,0.9052489689393377,0.009226881440635366,0.009442538968630905,0.05
0.10225,0.864168527474989,0.8643851806671525,0.9049212645708644,0.009247262904124564,0.009463916096288136,0.05
0.1025,0.8638613199477749,0.8640789708012514,0.9045936857683456,0.009267634179429274,0.009485285032905829,0.05
0.10275,0.8635542277553105,0.8637728782652908,0.9042662324836683,0.009287995271642313,0.00950664578162254,0.05
0.103,0.8632472508545922,0.8634669030143138,0.9039389046687383,0.009308346185853966,0.009527998345575599,0.05
0.10325,0.8629403892026312,0.8631610450033804,0.9036117022754793,0.009328686927151946,0.009549342727901157,0.05
0.1035,0.8626336427564552,0.8628553041875678,0.9032846252558338,0.009349017500621448,0.009570678931734151,0.05
0.10375,0.8623270114731075,0.8625496805219708,0.9029576735617625,0.009369337911345116,0.009592006960208324,0.05
0.104,0.8620204953096476,0.8622441739617008,0.9026308471452447,0.009389648164403047,0.009613326816456217,0.05
0.10425,0.8617140942231507,0.861938784461887,0.9023041459582779,0.009409948264872814,0.009634638503609166,0.05
0.1045,0.8614078081707075,0.8616335119776755,0.9019775699528781,0.009430238217829429,0.009655942024797314,0.05
0.10475,0.8611016371094252,0.8613283564642294,0.9016511190810799,0.00945051802834539,0.009677237383149594,0.05
0.105,0.8607955809964265,0.8610233178767296,0.9013247932949359,0.009470787701490646,0.009698524581793743,0.05
0.10525,0.8604896397888497,0.8607183961703734,0.9009985925465172,0.009491047242332618,0.009719803623856313,0.05
0.1055,0.8601838134438493,0.8604135913003758,0.9006725167879132,0.009511296655936186,0.009741074512462653,0.05
0.10575,0.8598781019185955,0.8601089032219688,0.9003465659712319,0.009531535947363712,0.009762337250736899,0.05
0.106,0.8595725051702745,0.8598043318904015,0.9000207400485996,0.009551765121675005,0.009783591841801997,0.05
0.10625,0.8592670231560879,0.8594998772609403,0.8996950389721606,0.009571984183927374,0.00980483828877971,0.05
0.1065,0.8589616558332536,0.8591955392888686,0.899369462694078,0.009592193139175581,0.00982607659479059,0.05
0.10675,0.8586564031590047,0.8588913179294868,0.8990440111665329,0.00961239199247186,0.009847306762954006,0.05
0.107,0.8583512650905908,0.8585872131381129,0.8987186843417249,0.009632580748865928,0.009868528796388111,0.05
0.10725,0.8580462415852766,0.8582832248700816,0.8983934821718718,0.009652759413404972,0.009889742698209884,0.05
0.1075,0.8577413326003434,0.8579793530807448,0.8980684046092098,0.009672927991133657,0.009910948471535097,0.05
0.10775,0.8574365380930874,0.8576755977254716,0.8977434516059933,0.009693086487094132,0.009932146119478336,0.05
0.108,0.8571318580208211,0.8573719587596481,0.8974186231144952,0.009713234906326019,0.009953335645152994,0.05
0.10825,0.8568272923408728,0.8570684361386777,0.8970939190870064,0.009733373253866417,0.00997451705167126,0.05
0.1085,0.8565228410105862,0.8567650298179803,0.8967693394758363,0.009753501534749926,0.009995690342144146,0.05
0.10875,0.8562185039873209,0.8564617397529938,0.8964448842333124,0.009773619754008606,0.01001685551968146,0.05
0.109,0.8559142812284527,0.8561585658991725,0.8961205533117808,0.009793727916672018,0.01003801258739182,0.05
0.10925,0.8556101726913724,0.855855508211988,0.8957963466636053,0.009813826027767198,0.01005916154838266,0.05
0.1095,0.8553061783334872,0.8555525666469287,0.8954722642411685,0.009833914092318674,0.01008030240576021,0.05
0.10975,0.8550022981122194,0.8552497411595005,0.895148305996871,0.009853992115348466,0.01010143516262954,0.05
0.11,0.8546985319850077,0.8549470317052261,0.8948244718831316,0.009874060101876076,0.01012255982209448,0.05
0.11025,0.854394879909306,0.8546444382396452,0.8945007618523875,0.009894118056918505,0.01014367638725772,0.05
0.1105,0.8540913418425841,0.8543419607183146,0.8941771758570939,0.009914165985490237,0.01016478486122073,0.05
0.11075,0.8537879177423275,0.8540395990968082,0.8938537138497243,0.009934203892603256,0.01018588524708381,0.05
0.111,0.8534846075660377,0.8537373533307168,0.8935303757827707,0.009954231783267042,0.01020697754794605,0.05
0.11125,0.8531814112712314,0.8534352233756481,0.8932071616087428,0.009974249662488567,0.01022806176690538,0.05
0.1115,0.8528783288154411,0.8531332091872273,0.8928840712801689,0.009994257535272289,0.01024913790705853,0.05
0.11175,0.8525753601562153,0.8528313107210962,0.8925611047495952,0.0100142554066202,0.01027020597150104,0.05
0.112,0.852272505251118,0.8525295279329135,0.8922382619695862,0.01003424328153175,0.01029126596332727,0.05
0.11225,0.8519697640577286,0.8522278607783551,0.8919155428927248,0.01005422116500391,0.01031231788563038,0.05
0.1125,0.8516671365336429,0.8519263092131141,0.8915929474716118,0.01007418906203115,0.01033336174150237,0.05
0.11275,0.8513646226364715,0.8516248731929,0.8912704756588661,0.01009414697760545,0.01035439753403403,0.05
0.113,0.8510622223238412,0.8513235526734398,0.8909481274071249,0.01011409491671629,0.01037542526631498,0.05
0.11325,0.8507599355533942,0.8510223476104772,0.8906259026690436,0.01013403288435065,0.01039644494143367,0.05
0.1135,0.8504577622827887,0.8507212579597729,0.8903038013972957,0.01015396088549302,0.01041745656247733,0.05
0.11375,0.8501557024696981,0.8504202836771046,0.8899818235445727,0.0101738789251254,0.01043846013253203,0.05
0.114,0.8498537560718118,0.8501194247182671,0.8896599690635845,0.01019378700822732,0.01045945565468265,0.05
0.11425,0.8495519230468344,0.8498186810390715,0.8893382379070587,0.01021368513977577,0.01048044313201291,0.05
0.1145,0.8492502033524868,0.8495180525953469,0.8890166300277416,0.0102335733247453,0.01050142256760531,0.05
0.11475,0.8489485969465048,0.8492175393429381,0.8886951453783969,0.01025345156810796,0.01052239396454121,0.05
0.115,0.8486471037866402,0.8489171412377077,0.888373783911807,0.0102733198748333,0.01054335732590076,0.05
0.11525,0.8483457238306604,0.848616858235535,0.8880525455807721,0.0102931782498884,0.01056431265476293,0.05
0.1155,0.8480444570363483,0.848316690292316,0.8877314303381105,0.01031302669823786,0.01058525995420553,0.05
0.11575,0.8477433033615025,0.8480166373639639,0.8874104381366588,0.01033286522484379,0.01060619922730518,0.05
0.116,0.8474422627639371,0.8477166994064086,0.8870895689292713,0.01035269383466582,0.01062713047713732,0.05
0.11625,0.8471413352014817,0.8474168763755968,0.8867688226688206,0.01037251253266109,0.01064805370677621,0.05
0.1165,0.8468405206319818,0.8471171682274924,0.8864481993081975,0.0103923213237843,0.01066896891929492,0.05
0.11675,0.846539819013298,0.8468175749180757,0.8861276988003104,0.01041212021298763,0.01068987611776539,0.05
0.117,0.8462392303033071,0.8465180964033445,0.8858073210980862,0.01043190920522081,0.01071077530525832,0.05
0.11725,0.8459387544599007,0.8462187326393129,0.8854870661544697,0.01045168830543108,0.01073166648484328,0.05
0.1175,0.8456383914409867,0.8459194835820121,0.8851669339224235,0.01047145751856322,0.01075254965958864,0.05
0.11775,0.845338141204488,0.8456203491874901,0.8848469243549285,0.01049121684955954,0.0107734248325616,0.05
0.118,0.8450380037083434,0.8453213294118117,0.8845270374049835,0.01051096630335986,0.0107942920068282,0.05
0.11825,0.8447379789105069,0.8450224242110587,0.8842072730256054,0.01053070588490155,0.01081515118545327,0.05
0.1185,0.8444380667689484,0.8447236335413294,0.8838876311698289,0.01055043559911951,0.0108360023715005,0.05
0.11875,0.8441382672416531,0.8444249573587392,0.8835681117907069,0.01057015545094617,0.0108568455680324,0.05
0.119,0.8438385802866217,0.8441263956194205,0.8832487148413103,0.01058986544531148,0.01087768077811029,0.05
0.11925,0.8435390058618707,0.843827948279522,0.8829294402747278,0.01060956558714294,0.01089850800479433,0.05
0.1195,0.8432395439254318,0.8435296152952096,0.8826102880440662,0.01062925588136561,0.01091932725114349,0.05
0.11975,0.8429401944353521,0.8432313966226657,0.8822912581024501,0.01064893633290203,0.01094013852021561,0.05
0.12,0.8426409573496948,0.8429332922180898,0.8819723504030225,0.01066860694667233,0.0109609418150673,0.05
0.12025,0.8423418326265379,0.8426353020376979,0.8816535648989439,0.01068826772759417,0.01098173713875405,0.05
0.1205,0.8420428202239755,0.8423374260377229,0.8813349015433928,0.01070791868058272,0.01100252449433015,0.05
0.12075,0.8417439201001167,0.8420396641744147,0.881016360289566,0.01072755981055075,0.01102330388484873,0.05
0.121,0.8414451322130861,0.8417420164040393,0.8806979410906777,0.01074719112240853,0.01104407531336176,0.05
0.12125,0.8411464565210243,0.8414444826828804,0.8803796438999605,0.01076681262106388,0.01106483878292,0.05
0.1215,0.8408478929820867,0.8411470629672376,0.8800614686706646,0.01078642431142218,0.0110855942965731,0.05
0.12175,0.8405494415544447,0.8408497572134278,0.8797434153560584,0.01080602619838635,0.01110634185736949,0.05
0.122,0.8402511021962847,0.8405525653777843,0.8794254839094279,0.01082561828685688,0.01112708146835647,0.05
0.12225,0.8399528748658088,0.8402554874166572,0.8791076742840771,0.01084520058173176,0.01114781313258014,0.05
0.1225,0.8396547595212347,0.8399585232864136,0.8787899864333282,0.01086477308790659,0.01116853685308546,0.05
0.12275,0.8393567561207952,0.839661672943437,0.8784724203105208,0.01088433581027449,0.0111892526329162,0.05
0.123,0.8390588646227387,0.8393649363441276,0.8781549758690126,0.01090388875372614,0.01120996047511499,0.05
0.12325,0.838761084985329,0.8390683134449024,0.8778376530621792,0.01092343192314977,0.01123066038272327,0.05
0.1235,0.8384634171668452,0.8387718042021954,0.8775204518434141,0.01094296532343118,0.01125135235878134,0.05
0.12375,0.8381658611255822,0.8384754085724568,0.8772033721661285,0.01096248895945372,0.01127203640632829,0.05
0.124,0.8378684168198499,0.8381791265121538,0.8768864139837517,0.01098200283609829,0.0112927125284021,0.05
0.12425,0.8375710842079738,0.83788295797777,0.8765695772497305,0.01100150695824337,0.01131338072803955,0.05
0.1245,0.8372738632482948,0.8375869029258061,0.8762528619175298,0.01102100133076498,0.01133404100827628,0.05
0.12475,0.836976753899169,0.837290961312779,0.8759362679406324,0.01104048595853673,0.01135469337214673,0.05
0.125,0.8366797561189684,0.8369951330952228,0.8756197952725386,0.01105996084642976,0.01137533782268421,0.05
0.12525,0.8363828698660796,0.8366994182296876,0.8753034438667668,0.0110794259993128,0.01139597436292087,0.05
0.1255,0.8360860950989053,0.8364038166727408,0.8749872136768532,0.01109888142205213,0.01141660299588768,0.05
0.12575,0.8357894317758631,0.8361083283809658,0.8746711046563515,0.01111832711951162,0.01143722372461446,0.05
0.126,0.8354928798553861,0.8358129533109633,0.8743551167588335,0.01113776309655269,0.01145783655212985,0.05
0.12625,0.8351964392959229,0.83551769141935,0.8740392499378886,0.01115718935803433,0.01147844148146137,0.05
0.1265,0.8349001100559373,0.8352225426627596,0.8737235041471243,0.01117660590881311,0.01149903851563534,0.05
0.12675,0.8346038920939087,0.8349275069978425,0.8734078793401656,0.01119601275374316,0.01151962765767692,0.05
0.127,0.8343077853683314,0.8346325843812653,0.8730923754706552,0.0112154098976762,0.01154020891061016,0.05
0.12725,0.8340117898377153,0.8343377747697117,0.8727769924922538,0.01123479734546151,0.01156078227745789,0.05
0.1275,0.8337159054605856,0.8340430781198815,0.8724617303586397,0.01125417510194595,0.01158134776124181,0.05
0.12775,0.8334201321954831,0.8337484943884916,0.8721465890235092,0.01127354317197397,0.01160190536498247,0.05
0.128,0.8331244700009632,0.8334540235322749,0.8718315684405757,0.01129290156038758,0.01162245509169926,0.05
0.12825,0.8328289188355977,0.8331596655079817,0.8715166685635714,0.01131225027202638,0.01164299694441038,0.05
0.1285,0.8325334786579724,0.8328654202723779,0.871201889346245,0.01133158931172755,0.01166353092613292,0.05
0.12875,0.8322381494266895,0.8325712877822465,0.8708872307423637,0.01135091868432584,0.0116840570398828,0.05
0.129,0.831942931100366,0.8322772679943872,0.8705726927057125,0.0113702383946536,0.01170457528867477,0.05
0.12925,0.8316478236376341,0.8319833608656159,0.8702582751900935,0.01138954844754075,0.01172508567552244,0.05
0.1295,0.8313528269971419,0.8316895663527653,0.8699439781493271,0.01140884884781482,0.01174558820343823,0.05
0.12975,0.8310579411375518,0.8313958844126844,0.869629801537251,0.01142813960030091,0.01176608287543347,0.05
0.13,0.8307631660175425,0.8311023150022391,0.8693157453077208,0.01144742070982169,0.01178656969451829,0.05
0.13025,0.8304685015958072,0.8308088580783114,0.8690018094146098,0.01146669218119744,0.01180704866370166,0.05
0.1305,0.8301739478310546,0.8305155135978,0.8686879938118086,0.01148595401924604,0.01182751978599144,0.05
0.13075,0.829879504682009,0.8302222815176203,0.8683742984532261,0.01150520622878295,0.01184798306439429,0.05
0.131,0.8295851721074096,0.8299291617947041,0.8680607232927884,0.01152444881462121,0.01186843850191575,0.05
0.13125,0.8292909500660107,0.8296361543859995,0.8677472682844393,0.01154368178157147,0.01188888610156019,0.05
0.1315,0.8289968385165822,0.8293432592484711,0.8674339333821403,0.01156290513444199,0.01190932586633085,0.05
0.13175,0.8287028374179092,0.8290504763391003,0.8671207185398706,0.01158211887803858,0.0119297577992298,0.05
0.132,0.8284089467287916,0.8287578056148849,0.866807623711627,0.01160132301716469,0.01195018190325796,0.05
0.13225,0.8281151664080453,0.8284652470328391,0.866494648851424,0.01162051755662136,0.01197059818141511,0.05
0.1325,0.8278214964145005,0.8281728005499933,0.8661817939132934,0.01163970250120722,0.01199100663669989,0.05
0.13275,0.8275279367070036,0.8278804661233948,0.8658690588512852,0.0116588778557185,0.01201140727210975,0.05
0.133,0.8272344872444154,0.8275882437101074,0.8655564436194664,0.01167804362494904,0.01203180009064104,0.05
0.13325,0.8269411479856121,0.8272961332672107,0.8652439481719219,0.0116971998136903,0.01205218509528893,0.05
0.1335,0.8266479188894855,0.8270041347518016,0.8649315724627542,0.01171634642673131,0.01207256228904745,0.05
0.13375,0.8263547999149421,0.8267122481209929,0.8646193164460834,0.01173548346885872,0.0120929316749095,0.05
0.134,0.8260617910209036,0.8264204733319137,0.8643071800760469,0.0117546109448568,0.01211329325586681,0.05
0.13425,0.8257688921663076,0.82612881034171,0.8639951633068002,0.01177372885950742,0.01213364703490998,0.05
0.1345,0.8254761033101058,0.8258372591075441,0.8636832660925158,0.01179283721759006,0.01215399301502844,0.05
0.13475,0.8251834244112658,0.8255458195865946,0.8633714883873841,0.0118119360238818,0.01217433119921051,0.05
0.135,0.8248908554287704,0.8252544917360564,0.863059830145613,0.01183102528315734,0.01219466159044334,0.05
0.13525,0.8245983963216169,0.8249632755131409,0.8627482913214279,0.01185010500018901,0.01221498419171294,0.05
0.1355,0.8243060470488185,0.8246721708750759,0.8624368718690718,0.01186917517974673,0.01223529900600417,0.05
0.13575,0.8240138075694031,0.8243811777791059,0.8621255717428051,0.01188823582659805,0.01225560603630077,0.05
0.136,0.8237216778424139,0.8240902961824911,0.8618143908969058,0.01190728694550812,0.01227590528558532,0.05
0.13625,0.8234296578269094,0.8237995260425088,0.8615033292856696,0.01192632854123974,0.01229619675683924,0.05
0.1365,0.8231377474819628,0.8235088673164522,0.8611923868634095,0.01194536061855329,0.01231648045304284,0.05
0.13675,0.8228459467666626,0.823218319961631,0.8608815635844558,0.0119643831822068,0.01233675637717528,0.05
0.137,0.8225542556401126,0.8229278839353713,0.8605708594031568,0.0119833962369559,0.01235702453221455,0.05
0.13725,0.8222626740614319,0.8226375591950156,0.8602602742738781,0.01200239978755386,0.01237728492113753,0.05
0.1375,0.821971201989754,0.8223473456979224,0.8599498081510025,0.01202139383875158,0.01239753754691996,0.05
0.13775,0.8216798393842282,0.822057243401467,0.8596394609889306,0.01204037839529755,0.01241778241253643,0.05
0.138,0.8213885862040184,0.8217672522630408,0.8593292327420805,0.01205935346193793,0.01243801952096037,0.05
0.13825,0.821097442408304,0.8214773722400516,0.8590191233648875,0.01207831904341648,0.01245824887516411,0.05
0.1385,0.8208064079562791,0.8211876032899234,0.8587091328118046,0.01209727514447458,0.01247847047811881,0.05
0.13875,0.8205154828071534,0.8208979453700966,0.8583992610373021,0.01211622176985128,0.01249868433279452,0.05
0.139,0.8202246669201509,0.8206083984380279,0.8580895079958678,0.01213515892428322,0.01251889044216012,0.05
0.13925,0.8199339602545116,0.8203189624511903,0.8577798736420069,0.0121540866125047,0.01253908880918338,0.05
0.1395,0.8196433627694899,0.8200296373670731,0.8574703579302423,0.01217300483924763,0.0125592794368309,0.05
0.13975,0.8193528744243552,0.8197404231431819,0.8571609608151137,0.01219191360924158,0.0125794623280682,0.05
0.14,0.8190624951783927,0.8194513197370386,0.856851682251179,0.01221081292721373,0.01259963748585959,0.05
0.14025,0.8187722249909019,0.8191623271061812,0.856542522193013,0.01222970279788891,0.0126198049131683,0.05
0.1405,0.8184820638211975,0.8188734452081643,0.8562334805952079,0.0122485832259896,0.01263996461295641,0.05
0.14075,0.8181920116286096,0.8185846740005586,0.8559245574123737,0.0122674542162359,0.01266011658818485,0.05
0.141,0.8179020683724828,0.8182960134409506,0.8556157525991372,0.01228631577334555,0.01268026084181344,0.05
0.14125,0.8176122340121772,0.8180074634869441,0.8553070661101433,0.01230516790203395,0.01270039737680084,0.05
0.1415,0.8173225085070677,0.8177190240961582,0.8549984979000536,0.01232401060701414,0.0127205261961046,0.05
0.14175,0.817032891816544,0.8174306952262284,0.8546900479235473,0.01234284389299677,0.01274064730268113,0.05
0.142,0.8167433839000114,0.817142476834807,0.8543817161353213,0.01236166776469019,0.01276076069948568,0.05
0.14225,0.8164539847168897,0.8168543688795618,0.8540735024900894,0.01238048222680035,0.01278086638947242,0.05
0.1425,0.8161646942266139,0.8165663713181773,0.8537654069425831,0.01239928728403087,0.01280096437559433,0.05
0.14275,0.8158755123886339,0.8162784841083541,0.8534574294475509,0.01241808294108301,0.01282105466080331,0.05
0.143,0.8155864391624146,0.815990707207809,0.8531495699597589,0.0124368692026557,0.01284113724805011,0.05
0.14325,0.8152974745074359,0.8157030405742748,0.8528418284339905,0.01245564607344549,0.01286121214028432,0.05
0.1435,0.8150086183831928,0.8154154841655007,0.8525342048250463,0.0124744135581466,0.01288127934045444,0.05
0.14375,0.8147198707491952,0.815128037939252,0.8522266990877443,0.01249317166145091,0.01290133885150784,0.05
0.144,0.8144312315649678,0.8148407018533106,0.8519193111769199,0.01251192038804794,0.01292139067639072,0.05
0.14425,0.8141427007900506,0.8145534758654739,0.8516120410474257,0.01253065974262486,0.0129414348180482,0.05
0.1445,0.8138542783839982,0.8142663599335559,0.8513048886541317,0.01254938972986653,0.01296147127942422,0.05
0.14475,0.8135659643063803,0.8139793540153865,0.8509978539519248,0.01256811035445544,0.01298150006346166,0.05
0.145,0.8132777585167815,0.813692458068812,0.8506909368957098,0.01258682162107174,0.0130015211731022,0.05
0.14525,0.8129896609748016,0.8134056720516948,0.8503841374404084,0.01260552353439325,0.01302153461128645,0.05
0.1455,0.812701671640055,0.8131189959219134,0.8500774555409596,0.01262421609909545,0.01304154038095386,0.05
0.14575,0.8124137904721712,0.8128324296373625,0.8497708911523197,0.01264289931985148,0.01306153848504276,0.05
0.146,0.8121260174307944,0.8125459731559527,0.8494644442294623,0.01266157320133214,0.01308152892649036,0.05
0.14625,0.8118383524755842,0.812259626435611,0.8491581147273783,0.01268023774820591,0.01310151170823273,0.05
0.1465,0.8115507955662146,0.8119733894342805,0.8488519026010757,0.01269889296513893,0.01312148683320486,0.05
0.14675,0.8112633466623747,0.8116872621099203,0.8485458078055798,0.01271753885679499,0.01314145430434055,0.05
0.147,0.8109760057237686,0.8114012444205055,0.8482398302959331,0.01273617542783557,0.01316141412457252,0.05
0.14725,0.8106887727101153,0.8111153363240278,0.8479339700271955,0.01275480268291981,0.01318136629683235,0.05
0.1475,0.8104016475811483,0.8108295377784943,0.8476282269544438,0.01277342062670454,0.01320131082405051,0.05
0.14775,0.8101146302966167,0.8105438487419288,0.8473226010327725,0.01279202926384422,0.01322124770915634,0.05
0.148,0.8098277208162838,0.8102582691723708,0.8470170922172928,0.01281062859899102,0.01324117695507803,0.05
0.14825,0.809540919099928,0.8099727990278759,0.8467117004631333,0.01282921863679478,0.01326109856474271,0.05
0.1485,0.8092542251073428,0.809687438266516,0.8464064257254398,0.01284779938190301,0.01328101254107633,0.05
0.14875,0.8089676387983362,0.8094021868463791,0.8461012679593753,0.01286637083896088,0.01330091888700375,0.05
0.149,0.8086811601327314,0.8091170447255688,0.8457962271201201,0.01288493301261128,0.01332081760544869,0.05
0.14925,0.8083947890703662,0.8088320118622052,0.8454913031628715,0.01290348590749474,0.01334070869933377,0.05
0.1495,0.8081085255710934,0.8085470882144243,0.8451864960428439,0.01292202952824947,0.01336059217158047,0.05
0.14975,0.8078223695947803,0.8082622737403781,0.8448818057152689,0.0129405638795114,0.01338046802510918,0.05
0.15,0.8075363211013097,0.8079775683982346,0.8445772321353956,0.01295908896591411,0.01340033626283914,0.05
0.15025,0.8072503800505786,0.8076929721461782,0.8442727752584898,0.01297760479208886,0.01342019688768848,0.05
0.1505,0.8069645464024993,0.8074084849424088,0.8439684350398347,0.01299611136266462,0.01344004990257421,0.05
0.15075,0.8066788201169983,0.8071241067451426,0.8436642114347304,0.01301460868226803,0.01345989531041224,0.05
0.151,0.8063932011540177,0.8068398375126116,0.8433601043984943,0.01303309675552341,0.01347973311411736,0.05
0.15125,0.8061076894735137,0.8065556772030641,0.843056113886461,0.01305157558705279,0.01349956331660321,0.05
0.1515,0.8058222850354579,0.8062716257747644,0.8427522398539821,0.01307004518147588,0.01351938592078234,0.05
0.15175,0.8055369877998362,0.8059876831859923,0.8424484822564262,0.01308850554341006,0.01353920092956619,0.05
0.152,0.8052517977266496,0.8057038493950442,0.8421448410491792,0.01310695667747044,0.01355900834586508,0.05
0.15225,0.8049667147759139,0.8054201243602322,0.8418413161876441,0.0131253985882698,0.0135788081725882,0.05
0.1525,0.8046817389076593,0.8051365080398842,0.8415379076272407,0.01314383128041862,0.01359860041264364,0.05
0.15275,0.8043968700819313,0.8048530003923446,0.8412346153234063,0.01316225475852506,0.01361838506893837,0.05
0.153,0.8041121082587898,0.8045696013759731,0.8409314392315949,0.01318066902719499,0.01363816214437824,0.05
0.15325,0.8038274533983097,0.8042863109491457,0.8406283793072777,0.013199074091032,0.01365793164186801,0.05
0.1535,0.8035429054605804,0.8040031290702543,0.8403254355059431,0.01321746995463734,0.0136776935643113,0.05
0.15375,0.8032584644057064,0.803720055697707,0.8400226077830965,0.01323585662260997,0.01369744791461063,0.05
0.154,0.8029741301938066,0.8034370907899275,0.8397198960942601,0.01325423409954656,0.0137171946956674,0.05
0.15425,0.8026899027850148,0.8031542343053553,0.8394173003949734,0.01327260239004149,0.01373693391038192,0.05
0.1545,0.8024057821394798,0.8028714862024463,0.839114820640793,0.01329096149868683,0.01375666556165337,0.05
0.15475,0.8021217682173646,0.8025888464396721,0.8388124567872923,0.01330931143007235,0.0137763896523798,0.05
0.155,0.8018378609788473,0.8023063149755201,0.8385102087900619,0.01332765218878554,0.01379610618545819,0.05
0.15525,0.8015540603841206,0.8020238917684934,0.8382080766047091,0.01334598377941158,0.01381581516378441,0.05
0.1555,0.8012703663933921,0.8017415767771119,0.8379060601868588,0.01336430620653338,0.01383551659025316,0.05
0.15575,0.8009867789668836,0.8014593699599102,0.8376041594921522,0.01338261947473153,0.01385521046775811,0.05
0.156,0.8007032980648324,0.8011772712754398,0.8373023744762481,0.01340092358858437,0.01387489679919176,0.05
0.15625,0.8004199236474899,0.8008952806822676,0.8370007050948221,0.01341921855266791,0.01389457558744554,0.05
0.1565,0.8001366556751223,0.8006133981389761,0.8366991513035664,0.0134375043715559,0.01391424683540975,0.05
0.15675,0.7998534941080105,0.8003316236041643,0.8363977130581908,0.01345578104981979,0.0139339105459736,0.05
0.157,0.7995704389064502,0.8000499570364467,0.8360963903144215,0.01347404859202875,0.01395356672202517,0.05
0.15725,0.7992874900307518,0.7997683983944536,0.8357951830280022,0.01349230700274968,0.01397321536645147,0.05
0.1575,0.7990046474412403,0.7994869476368315,0.8354940911546932,0.01351055628654716,0.01399285648213835,0.05
0.15775,0.7987219110982553,0.7992056047222423,0.8351931146502718,0.01352879644798353,0.01401249007197061,0.05
0.158,0.7984392809621511,0.7989243696093642,0.8348922534705323,0.01354702749161881,0.01403211613883191,0.05
0.15825,0.7981567569932967,0.7986432422568908,0.834591507571286,0.01356524942201078,0.01405173468560481,0.05
0.1585,0.7978743391520758,0.7983622226235317,0.834290876908361,0.01358346224371492,0.01407134571517077,0.05
0.15875,0.7975920273988868,0.7980813106680126,0.8339903614376024,0.01360166596128442,0.01409094923041016,0.05
0.159,0.7973098216941424,0.7978005063490744,0.8336899611148723,0.01361986057927023,0.01411054523420221,0.05
0.15925,0.7970277219982702,0.7975198096254743,0.8333896758960493,0.01363804610222099,0.0141301337294251,0.05
0.1595,0.7967457282717126,0.7972392204559854,0.8330895057370296,0.01365622253468309,0.01414971471895585,0.05
0.15975,0.7964638404749262,0.796958738799396,0.8327894505937257,0.01367438988120063,0.01416928820567041,0.05
0.16,0.7961820585683825,0.7966783646145107,0.8324895104220671,0.01369254814631545,0.01418885419244364,0.05
0.16025,0.7959003825125677,0.7963980978601498,0.8321896851780006,0.01371069733456712,0.01420841268214925,0.05
0.1605,0.7956188122679824,0.7961179384951493,0.8318899748174895,0.01372883745049294,0.0142279636776599,0.05
0.16075,0.7953373477951419,0.7958378864783611,0.831590379296514,0.01374696849862793,0.01424750718184712,0.05
0.161,0.795055989054576,0.7955579417686525,0.8312908985710712,0.01376509048350486,0.01426704319758135,0.05
0.16125,0.7947747360068292,0.795278104324907,0.8309915325971751,0.01378320340965422,0.01428657172773194,0.05
0.1615,0.7944935886124608,0.7949983741060237,0.8306922813308566,0.01380130728160424,0.0143060927751671,0.05
0.16175,0.794212546832044,0.7947187510709172,0.8303931447281632,0.01381940210388089,0.01432560634275401,0.05
0.162,0.7939316106261675,0.7944392351785182,0.8300941227451596,0.01383748788100788,0.01434511243335868,0.05
0.16225,0.7936507799554338,0.7941598263877732,0.8297952153379271,0.01385556461750666,0.01436461104984606,0.05
0.1625,0.7933700547804602,0.7938805246576438,0.8294964224625638,0.01387363231789639,0.01438410219508001,0.05
0.16275,0.7930894350618789,0.7936013299471081,0.8291977440751849,0.01389169098669402,0.01440358587192326,0.05
0.163,0.7928089207603363,0.7933222422151596,0.8288991801319221,0.01390974062841421,0.01442306208323747,0.05
0.16325,0.7925285118364933,0.7930432614208072,0.828600730588924,0.01392778124756937,0.01444253083188319,0.05
0.1635,0.7922482082510258,0.792764387523076,0.8283023954023562,0.01394581284866965,0.01446199212071989,0.05
0.16375,0.7919680099646237,0.7924856204810067,0.8280041745284008,0.01396383543622295,0.01448144595260591,0.05
0.164,0.7916879169379917,0.7922069602536552,0.8277060679232567,0.01398184901473494,0.01450089233039854,0.05
0.16425,0.791407929131849,0.7919284068000939,0.82740807554314,0.01399985358870898,0.01452033125695395,0.05
0.1645,0.7911280465069293,0.7916499600794102,0.827110197344283,0.01401784916264624,0.01453976273512721,0.05
0.16475,0.7908482690239809,0.7913716200507076,0.8268124332829353,0.01403583574104559,0.01455918676777231,0.05
0.165,0.7905685966437664,0.7910933866731049,0.8265147833153628,0.01405381332840369,0.01457860335774214,0.05
0.16525,0.7902890293270634,0.7908152599057369,0.8262172473978484,0.01407178192921494,0.0145980125078885,0.05
0.1655,0.7900095670346634,0.790537239707754,0.825919825486692,0.01408974154797149,0.01461741422106209,0.05
0.16575,0.7897302097273727,0.7902593260383221,0.8256225175382096,0.01410769218916324,0.01463680850011252,0.05
0.166,0.7894509573660122,0.7899815188566227,0.8253253235087344,0.01412563385727784,0.01465619534788832,0.05
0.16625,0.7891718099114171,0.7897038181218533,0.8250282433546164,0.01414356655680072,0.01467557476723692,0.05
0.1665,0.788892767324437,0.7894262237932267,0.824731277032222,0.01416149029221505,0.01469494676100465,0.05
0.16675,0.7886138295659363,0.7891487358299712,0.8244344244979346,0.01417940506800177,0.01471431133203677,0.05
0.167,0.7883349965967937,0.7888713541913315,0.8241376857081542,0.01419731088863958,0.01473366848317741,0.05
0.16725,0.7880562683779021,0.7885940788365668,0.8238410606192972,0.01421520775860492,0.01475301821726968,0.05
0.1675,0.7877776448701693,0.7883169097249529,0.8235445491877974,0.01423309568237201,0.01477236053715553,0.05
0.16775,0.7874991260345174,0.7880398468157804,0.8232481513701047,0.01425097466441283,0.01479169544567586,0.05
0.168,0.7872207118318829,0.7877628900683563,0.8229518671226859,0.01426884470919714,0.01481102294567046,0.05
0.16825,0.7869424022232169,0.7874860394420025,0.8226556964020245,0.01428670582119243,0.01483034303997804,0.05
0.1685,0.7866641971694845,0.7872092948960568,0.8223596391646206,0.014304558004864,0.01484965573143625,0.05
0.16875,0.7863860966316658,0.7869326563898725,0.822063695366991,0.01432240126467488,0.01486896102288161,0.05
0.169,0.7861081005707551,0.7866561238828187,0.8217678649656692,0.01434023560508589,0.01488825891714956,0.05
0.16925,0.7858302089477608,0.7863796973342797,0.8214721479172052,0.01435806103055561,0.0149075494170745,0.05
0.1695,0.7855524217237063,0.7861033767036556,0.821176544178166,0.01437587754554042,0.01492683252548967,0.05
0.16975,0.7852747388596292,0.785827161950362,0.8208810537051348,0.01439368515449441,0.01494610824522729,0.05
0.17,0.7849971603165812,0.7855510530338301,0.8205856764547117,0.01441148386186951,0.01496537657911845,0.05
0.17025,0.7847196860556288,0.7852750499135066,0.8202904123835134,0.0144292736721154,0.01498463752999319,0.05
0.1705,0.7844423160378527,0.7849991525488537,0.8199952614481733,0.01444705458967951,0.01500389110068043,0.05
0.17075,0.7841650502243481,0.7847233608993491,0.8197002236053411,0.01446482661900709,0.01502313729400803,0.05
0.171,0.7838878885762245,0.7844476749244862,0.8194052988116834,0.01448258976454114,0.01504237611280277,0.05
0.17125,0.7836108310546058,0.7841720945837737,0.8191104870238834,0.01450034403072245,0.01506160755989033,0.05
0.1715,0.7833338776206304,0.7838966198367362,0.8188157881986409,0.01451808942198957,0.01508083163809532,0.05
0.17175,0.7830570282354509,0.7836212506429132,0.818521202292672,0.01453582594277887,0.01510004835024126,0.05
0.172,0.7827802828602342,0.7833459869618603,0.8182267292627098,0.01455355359752446,0.01511925769915058,0.05
0.17225,0.7825036414561618,0.7830708287531483,0.8179323690655036,0.01457127239065827,0.01513845968764467,0.05
0.1725,0.7822271039844296,0.7827957759763634,0.8176381216578197,0.01458898232661,0.01515765431854377,0.05
0.17275,0.7819506704062475,0.7825208285911076,0.8173439869964405,0.01460668340980712,0.0151768415946671,0.05
0.173,0.78167434068284,0.782245986556998,0.8170499650381652,0.01462437564467491,0.01519602151883278,0.05
0.17325,0.781398114775446,0.7819712498336674,0.8167560557398096,0.01464205903563644,0.01521519409385784,0.05
0.1735,0.7811219926453185,0.7816966183807642,0.816462259058206,0.01465973358711253,0.01523435932255824,0.05
0.17375,0.7808459742537249,0.781422092157952,0.8161685749502031,0.01467739930352183,0.01525351720774887,0.05
0.174,0.7805700595619472,0.78114767112491,0.8158750033726665,0.01469505618928078,0.01527266775224351,0.05
0.17425,0.7802942485312813,0.7808733552413326,0.8155815442824778,0.01471270424880359,0.0152918109588549,0.05
0.1745,0.7800185411230378,0.7805991444669302,0.8152881976365356,0.01473034348650228,0.01531094683039467,0.05
0.17475,0.7797429372985413,0.780325038761428,0.8149949633917547,0.01474797390678666,0.0153300753696734,0.05
0.175,0.7794674370191309,0.7800510380845672,0.8147018415050666,0.01476559551406433,0.01534919657950057,0.05
0.17525,0.7791920402461598,0.7797771423961037,0.8144088319334192,0.01478320831274069,0.01536831046268462,0.05
0.1755,0.7789167469409959,0.7795033516558098,0.814115934633777,0.01480081230721895,0.01538741702203285,0.05
0.17575,0.7786415570650208,0.7792296658234722,0.8138231495631207,0.01481840750190011,0.01540651626035154,0.05
0.176,0.7783664705796309,0.7789560848588939,0.813530476678448,0.01483599390118295,0.01542560818044589,0.05
0.17625,0.7780914874462367,0.7786826087218925,0.8132379159367726,0.01485357150946409,0.01544469278511999,0.05
0.1765,0.7778166076262627,0.7784092373723017,0.8129454672951248,0.01487114033113792,0.01546377007717689,0.05
0.17675,0.7775418310811482,0.7781359707699701,0.8126531307105516,0.01488870037059665,0.01548284005941856,0.05
0.177,0.7772671577723463,0.777862808874762,0.8123609061401161,0.01490625163223029,0.01550190273464587,0.05
0.17725,0.7769925876613247,0.7775897516465567,0.8120687935408981,0.01492379412042667,0.01552095810565866,0.05
0.1775,0.7767181207095651,0.7773167990452494,0.8117767928699938,0.01494132783957138,0.01554000617525565,0.05
0.17775,0.7764437568785636,0.7770439510307503,0.8114849040845158,0.01495885279404787,0.01555904694623453,0.05
0.178,0.7761694961298303,0.7767712075629848,0.811193127141593,0.01497636898823738,0.0155780804213919,0.05
0.17825,0.7758953384248899,0.7764985686018943,0.810901461998371,0.01499387642651896,0.01559710660352328,0.05
0.1785,0.7756212837252811,0.7762260341074347,0.8106099086120117,0.01501137511326945,0.01561612549542313,0.05
0.17875,0.7753473319925568,0.7759536040395781,0.8103184669396933,0.01502886505286354,0.01563513709988483,0.05
0.179,0.7750734831882843,0.7756812783583112,0.8100271369386106,0.01504634624967371,0.0156541414197007,0.05
0.17925,0.7747997372740449,0.7754090570236367,0.8097359185659747,0.01506381870807027,0.015673138457662,0.05
0.1795,0.7745260942114345,0.775136939995572,0.8094448117790132,0.01508128243242132,0.01569212821655888,0.05
0.17975,0.7742525539620625,0.7748649272341502,0.8091538165349698,0.0150987374270928,0.01571111069918047,0.05
0.18,0.7739791164875531,0.7745930186994195,0.8088629327911048,0.01511618369644845,0.0157300859083148,0.05
0.18025,0.7737057817495449,0.7743212143514439,0.808572160504695,0.01513362124484984,0.01574905384674884,0.05
0.1805,0.7734325497096898,0.7740495141503019,0.8082814996330334,0.01515105007665636,0.01576801451726849,0.05
0.18075,0.7731594203296546,0.7737779180560879,0.8079909501334294,0.01516847019622523,0.01578696792265859,0.05
0.181,0.77288639357112,0.7735064260289114,0.8077005119632086,0.01518588160791145,0.01580591406570291,0.05
0.18125,0.772613469395781,0.7732350380288973,0.8074101850797132,0.0152032843160679,0.01582485294918414,0.05
0.1815,0.7723406477653469,0.7729637540161856,0.8071199694403017,0.01522067832504525,0.01584378457588392,0.05
0.18175,0.7720679286415407,0.7726925739509316,0.8068298650023488,0.01523806363919199,0.01586270894858283,0.05
0.182,0.7717953119861001,0.7724214977933059,0.8065398717232456,0.01525544026285447,0.01588162607006037,0.05
0.18225,0.7715227977607764,0.7721505255034945,0.8062499895603996,0.01527280820037683,0.01590053594309496,0.05
0.1825,0.7712503859273355,0.7718796570416985,0.8059602184712346,0.01529016745610106,0.015919438570464,0.05
0.18275,0.7709780764475573,0.7716088923681342,0.8056705584131905,0.01530751803436697,0.01593833395494379,0.05
0.183,0.770705869283236,0.7713382314430335,0.8053810093437239,0.01532485993951221,0.01595722209930957,0.05
0.18325,0.7704337643961796,0.7710676742266429,0.8050915712203074,0.01534219317587225,0.01597610300633552,0.05
0.1835,0.7701617617482104,0.7707972206792247,0.80480224400043,0.01535951774778042,0.01599497667879478,0.05
0.18375,0.7698898613011647,0.7705268707610562,0.8045130276415968,0.01537683365956783,0.01601384311945939,0.05
0.184,0.7696180630168931,0.7702566244324299,0.8042239221013296,0.01539414091556348,0.01603270233110035,0.05
0.18425,0.7693463668572603,0.7699864816536538,0.8039349273371662,0.01541143952009418,0.01605155431648759,0.05
0.1845,0.769074772784145,0.7697164423850505,0.8036460433066606,0.01542872947748458,0.01607039907838999,0.05
0.18475,0.7688032807594404,0.7694465065869585,0.8033572699673832,0.01544601079205716,0.01608923661957534,0.05
0.185,0.7685318907450528,0.7691766742197309,0.8030686072769205,0.01546328346813227,0.01610806694281042,0.05
0.18525,0.7682606027029035,0.7689069452437364,0.8027800551928755,0.01548054751002806,0.01612689005086091,0.05
0.1855,0.7679894165949279,0.7686373196193588,0.8024916136728674,0.01549780292206055,0.01614570594649144,0.05
0.18575,0.7677183323830749,0.7683677973069969,0.8022032826745313,0.01551504970854359,0.01616451463246557,0.05
0.186,0.767447350029308,0.7680983782670648,0.8019150621555191,0.01553228787378888,0.01618331611154583,0.05
0.18625,0.7671764694956044,0.7678290624599921,0.8016269520734984,0.01554951742210596,0.01620211038649366,0.05
0.1865,0.7669056907439555,0.7675598498462228,0.8013389523861534,0.01556673835780221,0.01622089746006945,0.05
0.18675,0.7666350137363669,0.7672907403862166,0.801051063051184,0.01558395068518287,0.01623967733503257,0.05
0.187,0.766364438434858,0.7670217340404483,0.800763284026307,0.01560115440855103,0.01625845001414127,0.05
0.18725,0.7660939648014627,0.7667528307694079,0.8004756152692551,0.01561834953220761,0.01627721550015278,0.05
0.1875,0.7658235927982283,0.7664840305336001,0.8001880567377769,0.0156355360604514,0.01629597379582327,0.05
0.18775,0.7655533223872166,0.7662153332935454,0.7999006083896376,0.01565271399757901,0.01631472490390786,0.05
0.188,0.7652831535305034,0.7659467390097789,0.7996132701826184,0.01566988334788495,0.0163334688271606,0.05
0.18825,0.7650130861901782,0.7656782476428511,0.7993260420745166,0.01568704411566155,0.01635220556833449,0.05
0.1885,0.764743120328345,0.7654098591533275,0.799038924023146,0.01570419630519899,0.01637093513018146,0.05
0.18875,0.7644732559071215,0.7651415735017885,0.7987519159863361,0.01572133992078534,0.01638965751545244,0.05
0.189,0.7642034928886394,0.7648733906488302,0.798465017921933,0.01573847496670648,0.01640837272689722,0.05
0.18925,0.7639338312350448,0.7646053105550632,0.7981782297877986,0.01575560144724619,0.01642708076726461,0.05
0.1895,0.7636642709084973,0.7643373331811135,0.7978915515418112,0.01577271936668609,0.01644578163930234,0.05
0.18975,0.7633948118711708,0.7640694584876222,0.7976049831418651,0.01578982872930565,0.01646447534575709,0.05
0.19,0.7631254540852529,0.7638016864352452,0.7973185245458707,0.01580692953938221,0.01648316188937447,0.05
0.19025,0.7628561975129456,0.7635340169846537,0.7970321757117547,0.01582402180119098,0.01650184127289907,0.05
0.1905,0.7625870421164648,0.7632664500965342,0.7967459365974598,0.01584110551900502,0.01652051349907438,0.05
0.19075,0.7623179878580399,0.7629989857315876,0.7964598071609448,0.01585818069709526,0.01653917857064292,0.05
0.191,0.762049034699915,0.7627316238505306,0.7961737873601846,0.0158752473397305,0.01655783649034607,0.05
0.19125,0.7617801826043477,0.7624643644140945,0.7958878771531703,0.01589230545117739,0.01657648726092421,0.05
0.1915,0.7615114315336095,0.7621972073830257,0.795602076497909,0.01590935503570047,0.01659513088511666,0.05
0.19175,0.7612427814499862,0.7619301527180857,0.7953163853524241,0.01592639609756213,0.01661376736566168,0.05
0.192,0.7609742323157772,0.7616632003800511,0.7950308036747546,0.01594342864102264,0.01663239670529651,0.05
0.19225,0.7607057840932964,0.7613963503297135,0.7947453314229562,0.01596045267034014,0.01665101890675731,0.05
0.1925,0.7604374367448709,0.7611296025278794,0.7944599685551003,0.01597746818977062,0.01666963397277919,0.05
0.19275,0.7601691902328422,0.7608629569353704,0.7941747150292743,0.01599447520356797,0.01668824190609624,0.05
0.193,0.7599010445195657,0.7605964135130232,0.7938895708035818,0.01601147371598395,0.01670684270944149,0.05
0.19325,0.7596329995674107,0.7603299722216894,0.7936045358361425,0.01602846373126818,0.01672543638554691,0.05
0.1935,0.7593650553387604,0.7600636330222357,0.7933196100850923,0.01604544525366816,0.01674402293714343,0.05
0.19375,0.7590972117960119,0.7597973958755435,0.7930347935085826,0.01606241828742928,0.01676260236696095,0.05
0.194,0.758829468901576,0.7595312607425095,0.7927500860647813,0.0160793828367948,0.0167811746777283,0.05
0.19425,0.758561826617878,0.7592652275840455,0.7924654877118722,0.01609633890600585,0.01679973987217328,0.05
0.1945,0.7582942849073564,0.7589992963610777,0.792180998408055,0.01611328649930144,0.01681829795302264,0.05
0.19475,0.7580268437324643,0.7587334670345479,0.7918966181115459,0.01613022562091849,0.01683684892300208,0.05
0.195,0.757759503055668,0.7584677395654125,0.7916123467805762,0.01614715627509177,0.01685539278483627,0.05
0.19525,0.7574922628394481,0.758202113914643,0.7913281843733942,0.01616407846605393,0.01687392954124881,0.05
0.1955,0.7572251230462992,0.7579365900432259,0.7910441308482636,0.01618099219803554,0.01689245919496228,0.05
0.19575,0.7569580836387293,0.7576711679121625,0.7907601861634643,0.01619789747526502,0.01691098174869822,0.05
0.196,0.7566911445792607,0.7574058474824691,0.790476350277292,0.0162147943019687,0.01692949720517711,0.05
0.19625,0.7564243058304292,0.7571406287151768,0.7901926231480585,0.01623168268237078,0.0169480055671184,0.05
0.1965,0.756157567354785,0.7568755115713321,0.7899090047340918,0.01624856262069334,0.01696650683724047,0.05
0.19675,0.7558909291148916,0.7566104960119959,0.7896254949937352,0.01626543412115639,0.01698500101826072,0.05
0.197,0.7556243910733268,0.7563455819982444,0.789342093885349,0.01628229718797779,0.01700348811289542,0.05
0.19725,0.7553579531926816,0.7560807694911682,0.7890588013673083,0.01629915182537332,0.0170219681238599,0.05
0.1975,0.7550916154355618,0.7558160584518735,0.7887756173980052,0.01631599803755662,0.01704044105386837,0.05
0.19775,0.7548253777645861,0.755551448841481,0.7884925419358469,0.01633283582873926,0.01705890690563402,0.05
0.198,0.7545592401423876,0.755286940621126,0.788209574939257,0.01634966520313068,0.01707736568186904,0.05
0.19825,0.7542932025316132,0.7550225337519596,0.7879267163666751,0.01636648616493823,0.01709581738528452,0.05
0.1985,0.7540272648949233,0.7547582281951467,0.7876439661765562,0.01638329871836713,0.01711426201859056,0.05
0.19875,0.7537614271949924,0.754494023911868,0.7873613243273719,0.01640010286762055,0.01713269958449619,0.05
0.199,0.7534956893945086,0.7542299208633185,0.7870787907776091,0.01641689861689951,0.01715113008570943,0.05
0.19925,0.7532300514561742,0.7539659190107084,0.7867963654857713,0.01643368597040295,0.01716955352493722,0.05
0.1995,0.7529645133427046,0.7537020183152624,0.786514048410377,0.01645046493232771,0.01718796990488551,0.05
0.19975,0.7526990750168298,0.7534382187382204,0.7862318395099612,0.01646723550686852,0.0172063792282592,0.05
0.2,0.7524337364412929,0.7531745202408369,0.7859497387430748,0.01648399769821804,0.01722478149776213,0.05
0.20025,0.7521684975788514,0.7529109227843817,0.7856677460682846,0.0165007515105668,0.01724317671609711,0.05
0.2005,0.7519033583922758,0.7526474263301386,0.7853858614441727,0.01651749694810327,0.01726156488596596,0.05
0.20075,0.7516383188443516,0.7523840308394072,0.7851040848293378,0.0165342340150138,0.0172799460100694,0.05
0.201,0.7513733788978767,0.7521207362735013,0.7848224161823941,0.01655096271548267,0.01729832009110716,0.05
0.20125,0.7511085385156637,0.7518575425937496,0.7845408554619717,0.01656768305369203,0.01731668713177791,0.05
0.2015,0.7508437976605387,0.7515944497614959,0.7842594026267167,0.01658439503382199,0.0173350471347793,0.05
0.20175,0.7505791562953411,0.7513314577380985,0.7839780576352906,0.01660109866005053,0.01735340010280794,0.05
0.202,0.7503146143829248,0.7510685664849306,0.7836968204463712,0.01661779393655356,0.01737174603855942,0.05
0.20225,0.750050171886157,0.7508057759633804,0.7834156910186522,0.0166344808675049,0.01739008494472827,0.05
0.2025,0.7497858287679189,0.7505430861348507,0.7831346693108426,0.01665115945707628,0.01740841682400802,0.05
0.20275,0.7495215849911051,0.7502804969607588,0.7828537552816678,0.01666782970943735,0.01742674167909114,0.05
0.203,0.7492574405186241,0.7500180084025375,0.7825729488898685,0.01668449162875568,0.01744505951266909,0.05
0.20325,0.7489933953133985,0.749755620421634,0.7822922500942018,0.01670114521919674,0.01746337032743226,0.05
0.2035,0.7487294493383638,0.7494933329795099,0.7820116588534399,0.01671779048492394,0.01748167412607008,0.05
0.20375,0.7484656025564699,0.7492311460376422,0.7817311751263714,0.01673442743009858,0.01749997091127088,0.05
0.204,0.7482018549306801,0.7489690595575222,0.7814507988718002,0.0167510560588799,0.017518260685722,0.05
0.20425,0.7479382064239716,0.7487070735006562,0.7811705300485465,0.01676767637542507,0.01753654345210973,0.05
0.2045,0.747674656999335,0.7484451878285652,0.7808903686154459,0.01678428838388916,0.01755481921311935,0.05
0.20475,0.747411206619775,0.7481834025027849,0.7806103145313499,0.01680089208842517,0.01757308797143509,0.05
0.205,0.7471478552483098,0.747921717484866,0.7803303677551259,0.01681748749318403,0.01759134972974014,0.05
0.20525,0.7468846028479711,0.7476601327363732,0.7800505282456566,0.01683407460231459,0.01760960449071673,0.05
0.2055,0.7466214493818045,0.7473986482188869,0.779770795961841,0.01685065341996363,0.01762785225704598,0.05
0.20575,0.7463583948128694,0.7471372638940016,0.7794911708625936,0.01686722395027585,0.01764609303140802,0.05
0.206,0.7460954391042383,0.7468759797233264,0.7792116529068445,0.01688378619739389,0.01766432681648197,0.05
0.20625,0.7458325822189982,0.7466147956684858,0.7789322420535399,0.0169003401654583,0.01768255361494589,0.05
0.2065,0.7455698241202491,0.7463537116911183,0.7786529382616415,0.01691688585860758,0.01770077342947683,0.05
0.20675,0.7453071647711047,0.7460927277528774,0.7783737414901266,0.01693342328097816,0.01771898626275081,0.05
0.207,0.745044604134693,0.7458318438154314,0.7780946516979886,0.01694995243670437,0.01773719211744283,0.05
0.20725,0.7447821421741547,0.745571059840463,0.7778156688442363,0.01696647332991854,0.01775539099622686,0.05
0.2075,0.744519778852645,0.74531037578967,0.7775367928878941,0.01698298596475085,0.01777358290177585,0.05
0.20775,0.7442575141333321,0.7450497916247643,0.7772580237880026,0.01699949034532949,0.01779176783676172,0.05
0.208,0.743995347979398,0.7447893073074729,0.7769793615036176,0.01701598647578055,0.01780994580385538,0.05
0.20825,0.7437332803540387,0.7445289227995374,0.7767008059938108,0.01703247436022804,0.01782811680572669,0.05
0.2085,0.7434713112204633,0.7442686380627138,0.7764223572176694,0.01704895400279396,0.01784628084504452,0.05
0.20875,0.743209440541895,0.7440084530587734,0.7761440151342968,0.01706542540759821,0.01786443792447668,0.05
0.209,0.7429476682815701,0.7437483677495014,0.7758657797028115,0.01708188857875864,0.01788258804668999,0.05
0.20925,0.7426859944027387,0.7434883820966979,0.7755876508823477,0.01709834352039105,0.01790073121435025,0.05
0.2095,0.7424244188686648,0.7432284960621779,0.7753096286320558,0.01711479023660916,0.0179188674301222,0.05
0.20975,0.7421629416426256,0.7429687096077706,0.7750317129111011,0.01713122873152465,0.0179369966966696,0.05
0.21,0.7419015626879124,0.7427090226953204,0.7747539036786653,0.01714765900924716,0.01795511901665515,0.05
0.21025,0.7416402819678292,0.7424494352866855,0.774476200893945,0.01716408107388425,0.01797323439274059,0.05
0.2105,0.7413790994456944,0.7421899473437396,0.774198604516153,0.01718049492954144,0.01799134282758658,0.05
0.21075,0.7411180150848397,0.7419305588283702,0.7739211145045175,0.01719690058032219,0.01800944432385278,0.05
0.211,0.7408570288486103,0.7416712697024802,0.7736437308182824,0.01721329803032791,0.01802753888419785,0.05
0.21125,0.7405961407003649,0.7414120799279864,0.7733664534167071,0.01722968728365798,0.0180456265112794,0.05
0.2115,0.7403353506034762,0.7411529894668206,0.7730892822590666,0.01724606834440968,0.01806370720775406,0.05
0.21175,0.74007465852133,0.7408939982809292,0.7728122173046518,0.01726244121667831,0.01808178097627739,0.05
0.212,0.7398140644173258,0.7406351063322727,0.7725352585127687,0.01727880590455707,0.01809984781950398,0.05
0.21225,0.7395535682548766,0.7403763135828269,0.7722584058427395,0.01729516241213714,0.01811790774008738,0.05
0.2125,0.7392931699974091,0.7401176199945816,0.7719816592539015,0.01731151074350764,0.01813596074068012,0.05
0.21275,0.7390328696083633,0.7398590255295414,0.7717050187056077,0.01732785090275565,0.01815400682393374,0.05
0.213,0.7387726670511929,0.7396005301497255,0.7714284841572268,0.01734418289396622,0.01817204599249873,0.05
0.21325,0.7385125622893651,0.7393421338171674,0.7711520555681428,0.01736050672122235,0.01819007824902459,0.05
0.2135,0.7382525552863605,0.7390838364939153,0.7708757328977556,0.01737682238860498,0.0182081035961598,0.05
0.21375,0.7379926460056736,0.7388256381420324,0.7705995161054806,0.01739312990019304,0.0182261220365518,0.05
0.214,0.7377328344108117,0.7385675387235954,0.7703234051507484,0.0174094292600634,0.01824413357284705,0.05
0.21425,0.7374731204652966,0.7383095382006966,0.7700473999930056,0.01742572047229092,0.01826213820769098,0.05
0.2145,0.7372135041326624,0.738051636535442,0.7697715005917141,0.01744200354094838,0.01828013594372801,0.05
0.21475,0.7369539853764578,0.7377938336899529,0.7694957069063514,0.01745827847010655,0.01829812678360153,0.05
0.215,0.7366945641602445,0.7375361296263643,0.7692200188964103,0.01747454526383417,0.01831611072995395,0.05
0.21525,0.7364352404475975,0.7372785243068262,0.7689444365213995,0.01749080392619794,0.01833408778542665,0.05
0.2155,0.7361760142021057,0.737021017693503,0.7686689597408431,0.01750705446126253,0.01835205795265997,0.05
0.21575,0.735916885387371,0.7367636097485738,0.7683935885142805,0.01752329687309056,0.0183700212342933,0.05
0.216,0.7356578539670093,0.7365063004342317,0.7681183228012668,0.01753953116574263,0.01838797763296497,0.05
0.21625,0.7353989199046497,0.7362490897126847,0.7678431625613724,0.01755575734327733,0.01840592715131231,0.05
0.2165,0.7351400831639348,0.7359919775461552,0.7675681077541836,0.01757197540975119,0.01842386979197165,0.05
0.21675,0.7348813437085207,0.7357349638968801,0.7672931583393019,0.01758818536921875,0.01844180555757828,0.05
0.217,0.7346227015020764,0.7354780487271105,0.767018314276344,0.01760438722573247,0.01845973445076654,0.05
0.21725,0.7343641565082853,0.7352212319991122,0.7667435755249425,0.01762058098334283,0.0184776564741697,0.05
0.2175,0.7341057086908439,0.7349645136751657,0.7664689420447457,0.01763676664609827,0.01849557163042004,0.05
0.21775,0.7338473580134616,0.7347078937175653,0.7661944137954164,0.0176529442180452,0.01851347992214886,0.05
0.218,0.7335891044398618,0.7344513720886202,0.7659199907366339,0.01766911370322802,0.01853138135198641,0.05
0.21825,0.7333309479337814,0.7341949487506543,0.7656456728280924,0.01768527510568909,0.01854927592256194,0.05
0.2185,0.7330728884589703,0.7339386236660053,0.7653714600295016,0.01770142842946878,0.01856716363650372,0.05
0.21875,0.732814925979192,0.7336823967970256,0.7650973523005866,0.0177175736786054,0.018585044496439,0.05
0.219,0.7325570604582234,0.7334262681060821,0.7648233496010882,0.01773371085713527,0.018602918504994,0.05
0.21925,0.7322992918598551,0.7331702375555563,0.7645494518907624,0.01774983996909269,0.01862078566479397,0.05
0.2195,0.7320416201478905,0.7329143051078437,0.7642756591293807,0.01776596101850994,0.01863864597846311,0.05
0.21975,0.731784045286147,0.7326584707253545,0.7640019712767299,0.01778207400941727,0.01865649944862467,0.05
0.22,0.7315265672384551,0.7324027343705131,0.7637283882926122,0.01779817894584294,0.01867434607790085,0.05
0.22025,0.7312691859686586,0.7321470960057583,0.7634549101368455,0.01781427583181316,0.01869218586891288,0.05
0.2205,0.731011901440615,0.7318915555935437,0.7631815367692628,0.01783036467135219,0.01871001882428093,0.05
0.22075,0.7307547136181949,0.7316361130963369,0.7629082681497127,0.01784644546848222,0.01872784494662423,0.05
0.221,0.7304976224652822,0.7313807684766197,0.7626351042380588,0.01786251822722344,0.01874566423856098,0.05
0.22125,0.7302406279457746,0.7311255216968889,0.7623620449941806,0.01787858295159406,0.01876347670270837,0.05
0.2215,0.7299837300235826,0.730870372719655,0.7620890903779725,0.01789463964561024,0.01878128234168259,0.05
0.22175,0.7297269286626308,0.7306153215074435,0.7618162403493447,0.01791068831328617,0.01879908115809883,0.05
0.222,0.7294702238268562,0.7303603680227935,0.7615434948682223,0.01792672895863401,0.01881687315457129,0.05
0.22225,0.7292136154802101,0.7301055122282594,0.7612708538945463,0.01794276158566392,0.01883465833371314,0.05
0.2225,0.7289571035866566,0.729850754086409,0.7609983173882725,0.01795878619838406,0.01885243669813658,0.05
0.22275,0.7287006881101729,0.7295960935598251,0.7607258853093724,0.01797480280080059,0.01887020825045278,0.05
0.223,0.7284443690147503,0.7293415306111046,0.7604535576178327,0.01799081139691764,0.01888797299327194,0.05
0.22325,0.7281881462643929,0.7290870652028587,0.7601813342736555,0.01800681199073738,0.01890573092920323,0.05
0.2235,0.7279320198231182,0.7288326972977131,0.7599092152368583,0.01802280458625996,0.01892348206085485,0.05
0.22375,0.7276759896549568,0.7285784268583073,0.7596372004674734,0.01803878918748351,0.01894122639083398,0.05
0.224,0.7274200557239535,0.7283242538472962,0.7593652899255494,0.01805476579840419,0.01895896392174678,0.05
0.22425,0.7271642179941653,0.7280701782273475,0.7590934835711491,0.01807073442301615,0.01897669465619848,0.05
0.2245,0.7269084764296631,0.7278161999611448,0.7588217813643515,0.01808669506531156,0.01899441859679324,0.05
0.22475,0.7266528309945309,0.7275623190113846,0.7585501832652504,0.01810264772928056,0.01901213574613426,0.05
0.225,0.7263972816528663,0.7273085353407787,0.758278689233955,0.01811859241891134,0.01902984610682373,0.05
0.22525,0.7261418283687798,0.7270548489120526,0.7580072992305898,0.01813452913819005,0.01904754968146286,0.05
0.2255,0.7258864711063956,0.7268012596879465,0.7577360132152947,0.01815045789110088,0.01906524647265183,0.05
0.22575,0.7256312098298505,0.7265477676312144,0.7574648311482246,0.01816637868162601,0.01908293648298986,0.05
0.226,0.7253760445032955,0.726294372704625,0.7571937529895499,0.01818229151374565,0.01910061971507514,0.05
0.22625,0.7251209750908942,0.7260410748709611,0.7569227786994562,0.018198196391438,0.0191182961715049,0.05
0.2265,0.7248660015568236,0.7257878740930196,0.7566519082381443,0.01821409331867929,0.01913596585487536,0.05
0.22675,0.724611123865274,0.725534770333612,0.7563811415658304,0.01822998229944374,0.01915362876778173,0.05
0.227,0.7243563419804493,0.725281763555564,0.7561104786427457,0.0182458633377036,0.01917128491281823,0.05
0.22725,0.7241016558665661,0.725028853721715,0.755839919429137,0.01826173643742912,0.0191889342925781,0.05
0.2275,0.7238470654878543,0.7247760407949192,0.7555694638852657,0.01827760160258859,0.0192065769096536,0.05
0.22775,0.7235925708085574,0.7245233247380451,0.7552991119714092,0.0182934588371483,0.01922421276663595,0.05
0.228,0.7233381717929321,0.724270705513975,0.7550288636478596,0.01830930814507255,0.01924184186611542,0.05
0.22825,0.7230838684052481,0.7240181830856056,0.7547587188749244,0.01832514953032367,0.01925946421068127,0.05
0.2285,0.7228296606097883,0.723765757415848,0.7544886776129263,0.01834098299686201,0.01927707980292176,0.05
0.22875,0.722575548370849,0.7235134284676272,0.7542187398222031,0.01835680854864594,0.01929468864542418,0.05
0.229,0.7223215316527399,0.7232611962038829,0.7539489054631081,0.01837262618963183,0.01931229074077479,0.05
0.22925,0.7220676104197834,0.7230090605875682,0.7536791744960093,0.01838843592377411,0.01932988609155893,0.05
0.2295,0.7218137846363154,0.7227570215816511,0.7534095468812902,0.01840423775502521,0.01934747470036087,0.05
0.22975,0.7215600542666851,0.7225050791491135,0.7531400225793496,0.01842003168733558,0.01936505656976393,0.05
0.23,0.7213064192752549,0.7222532332529515,0.7528706015506011,0.0184358177246537,0.01938263170235045,0.05
0.23025,0.7210528796264,0.7220014838561756,0.7526012837554739,0.0184515958709261,0.01940020010070175,0.05
0.2305,0.7207994352845092,0.7217498309218101,0.752332069154412,0.0184673661300973,0.01941776176739817,0.05
0.23075,0.7205460862139845,0.7214982744128937,0.7520629577078747,0.01848312850610986,0.01943531670501909,0.05
0.231,0.7202928323792409,0.7212468142924794,0.7517939493763366,0.01849888300290439,0.01945286491614285,0.05
0.23125,0.7200396737447065,0.7209954505236338,0.751525044120287,0.0185146296244195,0.01947040640334686,0.05
0.2315,0.7197866102748226,0.7207441830694382,0.7512562419002308,0.01853036837459186,0.0194879411692075,0.05
0.23175,0.719533641934044,0.720493011892988,0.7509875426766879,0.01854609925735614,0.01950546921630018,0.05
0.232,0.7192807686868382,0.7202419369573925,0.7507189464101932,0.01856182227664508,0.01952299054719931,0.05
0.23225,0.7190279904976864,0.7199909582257753,0.750450453061297,0.01857753743638943,0.01954050516447833,0.05
0.2325,0.7187753073310821,0.7197400756612738,0.7501820625905642,0.01859324474051796,0.0195580130707097,0.05
0.23275,0.718522719151533,0.7194892892270403,0.7499137749585755,0.01860894419295752,0.01957551426846485,0.05
0.233,0.7182702259235589,0.7192385988862403,0.749645590125926,0.01862463579763296,0.01959300876031429,0.05
0.23325,0.7180178276116937,0.718988004602054,0.7493775080532266,0.0186403195584672,0.01961049654882749,0.05
0.2335,0.7177655241804838,0.7187375063376756,0.7491095287011027,0.01865599547938115,0.01962797763657295,0.05
0.23375,0.7175133155944888,0.7184871040563132,0.748841652030195,0.01867166356429381,0.01964545202611822,0.05
0.234,0.7172612018182817,0.7182367977211892,0.7485738780011595,0.01868732381712221,0.01966291972002981,0.05
0.23425,0.7170091828164482,0.7179865872955401,0.7483062065746668,0.01870297624178139,0.0196803807208733,0.05
0.2345,0.7167572585535876,0.7177364727426164,0.7480386377114032,0.01871862084218446,0.01969783503121324,0.05
0.23475,0.716505428994312,0.7174864540256827,0.7477711713720695,0.01873425762224259,0.01971528265361323,0.05
0.235,0.7162536941032466,0.7172365311080175,0.7475038075173817,0.01874988658586496,0.01973272359063588,0.05
0.23525,0.7160020538450299,0.7169867039529139,0.7472365461080711,0.01876550773695881,0.01975015784484281,0.05
0.2355,0.7157505081843131,0.7167369725236783,0.7469693871048837,0.01878112107942944,0.01976758541879467,0.05
0.23575,0.7154990570857609,0.7164873367836319,0.7467023304685808,0.01879672661718017,0.01978500631505111,0.05
0.236,0.7152477005140511,0.7162377966961095,0.7464353761599387,0.01881232435411239,0.01980242053617083,0.05
0.23625,0.7149964384338742,0.7159883522244601,0.7461685241397487,0.01882791429412554,0.01981982808471151,0.05
0.2365,0.714745270809934,0.7157390033320468,0.7459017743688169,0.0188434964411171,0.01983722896322989,0.05
0.23675,0.7144941976069473,0.7154897499822463,0.7456351268079647,0.01885907079898261,0.01985462317428171,0.05
0.237,0.7142432187896443,0.7152405921384503,0.7453685814180286,0.01887463737161566,0.01987201072042171,0.05
0.23725,0.7139923343227675,0.7149915297640633,0.7451021381598597,0.01889019616290789,0.0198893916042037,0.05
0.2375,0.7137415441710734,0.7147425628225049,0.7448357969943245,0.01890574717674899,0.01990676582818048,0.05
0.23775,0.7134908482993308,0.714493691277208,0.7445695578823042,0.01892129041702674,0.01992413339490387,0.05
0.238,0.7132402466723221,0.7142449150916199,0.7443034207846952,0.01893682588762692,0.01994149430692471,0.05
0.23825,0.7129897392548421,0.7139962342292016,0.7440373856624087,0.01895235359243341,0.0199588485667929,0.05
0.2385,0.7127393260116993,0.7137476486534284,0.7437714524763712,0.01896787353532814,0.0199761961770573,0.05
0.23875,0.7124890069077149,0.7134991583277897,0.7435056211875238,0.01898338572019108,0.01999353714026586,0.05
0.239,0.7122387819077231,0.7132507632157883,0.7432398917568228,0.0189988901509003,0.02001087145896549,0.05
0.23925,0.711988650976571,0.7130024632809413,0.7429742641452391,0.0190143868313319,0.02002819913570219,0.05
0.2395,0.7117386140791192,0.7127542584867801,0.7427087383137592,0.01902987576536004,0.02004552017302093,0.05
0.23975,0.711488671180241,0.7125061487968497,0.7424433142233841,0.01904535695685696,0.02006283457346572,0.05
0.24,0.7112388222448226,0.7122581341747092,0.7421779918351297,0.01906083040969296,0.02008014233957961,0.05
0.24025,0.7109890672377632,0.7120102145839314,0.7419127711100268,0.0190762961277364,0.02009744347390468,0.05
0.2405,0.7107394061239755,0.7117623899881037,0.7416476520091217,0.01909175411485371,0.02011473797898199,0.05
0.24075,0.7104898388683845,0.7115146603508267,0.7413826344934751,0.01910720437490939,0.02013202585735167,0.05
0.241,0.7102403654359286,0.7112670256357154,0.7411177185241626,0.019122646911766,0.02014930711155287,0.05
0.24125,0.7099909857915591,0.7110194858063986,0.7408529040622749,0.01913808172928418,0.02016658174412378,0.05
0.2415,0.7097416999002402,0.7107720408265191,0.7405881910689176,0.01915350883132263,0.02018384975760156,0.05
0.24175,0.7094925077269493,0.7105246906597337,0.7403235795052112,0.01916892822173813,0.02020111115452247,0.05
0.242,0.7092434092366764,0.7102774352697127,0.7400590693322909,0.01918433990438552,0.02021836593742175,0.05
0.24225,0.708994404394425,0.7100302746201409,0.7397946605113073,0.01919974388311773,0.02023561410883368,0.05
0.2425,0.7087454931652107,0.7097832086747166,0.7395303530034251,0.01921514016178574,0.02025285567129159,0.05
0.24275,0.7084966755140631,0.7095362373971523,0.7392661467698246,0.01923052874423864,0.02027009062732781,0.05
0.243,0.7082479514060243,0.7092893607511743,0.7390020417717007,0.01924590963432357,0.02028731897947371,0.05
0.24325,0.7079993208061488,0.7090425787005227,0.7387380379702631,0.01926128283588574,0.0203045407302597,0.05
0.2435,0.7077507836795047,0.7087958912089515,0.7384741353267363,0.01927664835276846,0.0203217558822152,0.05
0.24375,0.7075023399911731,0.7085492982402286,0.73821033380236,0.01929200618881311,0.02033896443786869,0.05
0.244,0.7072539897062476,0.7083027997581361,0.7379466333583885,0.01930735634785915,0.02035616639974766,0.05
0.24425,0.707005732789835,0.7080563957264695,0.7376830339560909,0.01932269883374411,0.02037336177037863,0.05
0.2445,0.7067575692070549,0.7078100861090384,0.7374195355567513,0.01933803365030363,0.02039055055228715,0.05
0.24475,0.7065094989230398,0.7075638708696662,0.7371561381216685,0.01935336080137139,0.02040773274799783,0.05
0.245,0.7062615219029353,0.7073177499721904,0.7368928416121562,0.0193686802907792,0.02042490836003429,0.05
0.24525,0.7060136381118998,0.7070717233804621,0.7366296459895429,0.01938399212235692,0.02044207739091916,0.05
0.2455,0.7057658475151045,0.7068257910583462,0.736366551215172,0.01939929629993251,0.02045923984317416,0.05
0.24575,0.7055181500777336,0.7065799529697215,0.7361035572504016,0.01941459282733201,0.02047639571932001,0.05
0.246,0.7052705457649842,0.706334209078481,0.7358406640566046,0.01942988170837957,0.02049354502187644,0.05
0.24625,0.7050230345420662,0.7060885593485311,0.7355778715951689,0.01944516294689739,0.02051068775336227,0.05
0.2465,0.7047756163742026,0.7058430037437921,0.7353151798274968,0.01946043654670579,0.02052782391629531,0.05
0.24675,0.704528291226629,0.7055975422281983,0.7350525887150059,0.01947570251162317,0.02054495351319243,0.05
0.247,0.704281059064594,0.7053521747656976,0.7347900982191281,0.01949096084546601,0.02056207654656953,0.05
0.24725,0.7040339198533593,0.7051069013202519,0.7345277083013104,0.01950621155204891,0.02057919301894154,0.05
0.2475,0.7037868735581989,0.7048617218558368,0.7342654189230144,0.01952145463518454,0.02059630293282243,0.05
0.24775,0.7035399201444003,0.7046166363364418,0.7340032300457167,0.01953669009868366,0.02061340629072521,0.05
0.248,0.7032930595772634,0.7043716447260702,0.7337411416309083,0.01955191794635516,0.0206305030951619,0.05
0.24825,0.7030462918221011,0.7041267469887388,0.7334791536400952,0.01956713818200598,0.02064759334864362,0.05
0.2485,0.7027996168442393,0.7038819430884786,0.7332172660347982,0.01958235080944119,0.02066467705368045,0.05
0.24875,0.7025530346090165,0.7036372329893342,0.7329554787765526,0.01959755583246394,0.02068175421278158,0.05
0.249,0.702306545081784,0.7033926166553638,0.7326937918269086,0.01961275325487549,0.02069882482845519,0.05
0.24925,0.7020601482279064,0.7031480940506397,0.7324322051474312,0.0196279430804752,0.02071588890320851,0.05
0.2495,0.7018138440127607,0.702903665139248,0.7321707186997002,0.01964312531306052,0.02073294643954782,0.05
0.24975,0.7015676324017366,0.702659329885288,0.7319093324453096,0.01965829995642701,0.02074999743997843,0.05
0.25,0.701321513360237,0.7024150882528734,0.7316480463458687,0.01967346701436833,0.02076704190700471,0.05
