0,9.12,9.12,9.12,9.12,9.12
0.001,7.23303944445,7.23303000548,7.23301585327,7.23299228295,7.23294520486
0.002,5.75764216478,5.75762714536,5.75760464079,5.75756719862,5.75749255979
0.003,4.60491270071,4.60489482563,4.60486806734,4.60482361508,4.60473525393
0.004,3.70190871583,3.70188993725,3.7018618644,3.70181532968,3.7017232104
0.005,2.99482817292,2.99480980975,2.99478241126,2.9947371371,2.9946480513
0.006,2.43984346402,2.43982642826,2.43980108198,2.43975939114,2.43967808308
0.007,2.00367508776,2.0036599696,2.00363756997,2.0036009775,2.00353056853
0.008,1.66117566617,1.66116276692,1.66114377522,1.6611130749,1.66105524615
0.009,1.39208710626,1.3920765444,1.39206114831,1.39203667941,1.39199220251
0.01,1.17973216216,1.1797239894,1.17971227497,1.17969420347,1.1796635019
0.011,1.01162650707,1.01162070098,1.01161264139,1.01160094087,1.01158403001
0.012,0.878673108878,0.878669544294,0.878664961089,0.87865935887,0.878655786234
0.013,0.77284562467,0.772844179132,0.772842894277,0.772843108722,0.772852367491
0.014,0.688638500977,0.68863899645,0.688640752953,0.688646382575,0.68866777036
0.015,0.621154802758,0.621157075083,0.621161633858,0.621172299243,0.621205128662
0.016,0.566838404043,0.566842281909,0.566849394187,0.566864702592,0.566908270133
0.017,0.52276381326,0.522769132805,0.522778556483,0.522798114244,0.522851670855
0.018,0.48684559947,0.486852192828,0.486863684859,0.486887110231,0.486949981546
0.019,0.457317173116,0.457324885579,0.45733822204,0.457365163521,0.457436731228
0.02,0.432774830537,0.432783515808,0.432798475619,0.432828571214,0.432908124842
0.021,0.412193320829,0.41220283553,0.41221921108,0.412252127604,0.412339056538
0.022,0.394770580189,0.394780802426,0.394798414432,0.39483388301,0.394927791645
0.023,0.379816606946,0.379827406316,0.379846078393,0.379883817804,0.37998414021
0.024,0.366827958779,0.366839237972,0.366858809995,0.366898569159,0.367004883784
0.025,0.355396770574,0.355408433256,0.355428751701,0.355470294264,0.355582145088
0.026,0.345215771879,0.345227683969,0.345248620333,0.345291710127,0.345408630879
0.027,0.336041086189,0.336053194571,0.336074618807,0.336119056976,0.336240807205
0.028,0.327671109769,0.327683330682,0.327705117096,0.327750725468,0.327876873599
0.029,0.319965288662,0.319977517151,0.319999559972,0.320046212369,0.320176676745
0.03,0.312792822352,0.312804990791,0.312827193647,0.312874732689,0.313009270018
0.031,0.30605746515,0.306069539755,0.306091810952,0.306140090158,0.306278445916
0.032,0.299688007312,0.299699893963,0.299722154588,0.299771046148,0.299913051966
0.033,0.293621543968,0.293633232228,0.293655399435,0.293704791675,0.293850139566
0.034,0.287814649763,0.287826069737,0.287848078365,0.287897841198,0.288046339311
0.035,0.28222950676,0.282240620171,0.282262424053,0.282312464948,0.282463930075
0.036,0.276837869954,0.276848613066,0.276870113127,0.276920338536,0.277074748982
0.037,0.271613863298,0.27162423215,0.271645414189,0.271695754441,0.271852789919
0.038,0.268402879842,0.268413087762,0.268434314971,0.268485458432,0.268646928795
0.039,0.267288628468,0.267298805224,0.267320330427,0.267372888285,0.267540631367
0.04,0.266393991693,0.266404110989,0.266425886599,0.266479758127,0.266653491764
0.041,0.265676264464,0.26568625043,0.265708178009,0.26576324037,0.265942873095
0.042,0.265100316344,0.265110112073,0.265132114521,0.265188261444,0.265373663739
0.043,0.264638507111,0.264648006774,0.264669956049,0.264727056182,0.264918272785
0.044,0.2642675988,0.264276810538,0.264298708067,0.264356735138,0.264553605878
0.045,0.263969933695,0.263978812645,0.264000600376,0.264059482407,0.264261956045
0.046,0.263731078717,0.263739571531,0.263761182616,0.263820843408,0.26402889948
0.047,0.263539614385,0.26354762129,0.263568934682,0.263629248838,0.263842922771
0.048,0.263385951812,0.263393430587,0.263414393951,0.263475303648,0.263694589955
0.049,0.263262722543,0.263269605383,0.263290136607,0.263351557281,0.263576482875
0.05,0.263163552278,0.263169869609,0.263190001349,0.263251952824,0.263482427537
0.051,0.258136397016,0.258141810011,0.25816087851,0.258221840568,0.258453269468
0.052,0.253266639284,0.253271163335,0.25328892459,0.253346103727,0.2535783224
0.053,0.248534205802,0.248537813267,0.248554533195,0.248611056356,0.248844382904
0.054,0.243925598798,0.243928297071,0.243943969206,0.243999665468,0.244234127212
0.055,0.239429473339,0.239431341812,0.239446048735,0.23950087102,0.239736431117
0.056,0.235036868695,0.235037864293,0.235051580076,0.235105400382,0.235342055051
0.057,0.230743580409,0.230743651752,0.230756530967,0.23081193834,0.231049898394
0.058,0.226549104756,0.226548218488,0.226559913658,0.226613955988,0.226853008109
0.059,0.222440277466,0.222438511226,0.222449152858,0.222501915937,0.222742052936
0.06,0.218413586995,0.218410945668,0.218420543543,0.218472084147,0.218713300321
0.061,0.214464166374,0.214460597182,0.214469161348,0.214519463614,0.214761748718
0.062,0.210590061297,0.210585617819,0.210593157014,0.210642257698,0.210885593372
0.063,0.206788940137,0.206783618259,0.206790127774,0.206838056199,0.207082441543
0.064,0.203063321197,0.203057229574,0.203062873092,0.203111498178,0.203357038148
0.065,0.199410727511,0.199403673442,0.199408180043,0.1994554537,0.199701230527
0.066,0.195823920401,0.195815655664,0.195818855065,0.1958646791,0.196111014583
0.067,0.192301177359,0.192291791982,0.192293728623,0.192338110162,0.192585034104
0.068,0.188840746624,0.188830383871,0.18883121939,0.188874365342,0.189121957477
0.069,0.185444951493,0.185434183146,0.185434357251,0.185477941795,0.185728192247
0.07,0.182115555921,0.182103829836,0.182102932501,0.182145291375,0.182396174148
0.071,0.178844197649,0.178831639018,0.178829821862,0.178871150242,0.179122751042
0.072,0.175631907739,0.175618184937,0.175615023867,0.175654844015,0.175906990112
0.073,0.172475390579,0.172460680156,0.172456395722,0.172494982021,0.172747809471
0.074,0.169376691277,0.169361538807,0.169356583837,0.169395450286,0.169650705522
0.075,0.166337654475,0.16632161952,0.166315678412,0.166353455884,0.166609429
0.076,0.163351602916,0.163334724853,0.163327843827,0.163364601709,0.163620399422
0.077,0.160418923633,0.160400786253,0.160392300654,0.160427092563,0.160683102376
0.078,0.157536129645,0.15751679231,0.157506897836,0.15754030256,0.157799683471
0.079,0.154707185425,0.154687821502,0.154677925354,0.154712229313,0.154972110379
0.08,0.151931719811,0.151911285928,0.151900146292,0.151933073088,0.152193288881
0.081,0.149203894377,0.149182449538,0.149170146938,0.149201805908,0.149462448229
0.082,0.146523000541,0.146500606232,0.146487210776,0.146517695101,0.146778831842
0.083,0.143891326552,0.143868592669,0.143854760162,0.143885570405,0.144149769731
0.084,0.141310496908,0.141286773623,0.141271798801,0.141301373042,0.141566037636
0.085,0.138773880149,0.138749239918,0.138733214387,0.138761669599,0.139026877283
0.086,0.136280645168,0.136255188335,0.136238238049,0.136265732655,0.136531586142
0.087,0.133831219777,0.133805006276,0.133787487721,0.133815486559,0.134084416187
0.088,0.131431416953,0.131404623025,0.131386091951,0.131412646418,0.131681967813
0.089,0.129072738858,0.129045051502,0.129025499718,0.129050987654,0.129320939342
0.09,0.126755884537,0.126727075953,0.126706212356,0.126730292511,0.127000714009
0.091,0.124477341748,0.124447789532,0.124426096594,0.124449356522,0.124722846636
0.092,0.122242396092,0.122212692383,0.12219082333,0.122214638043,0.12248849973
0.093,0.120049458207,0.120018820086,0.119995877551,0.120018109002,0.120292138894
0.094,0.117894659554,0.117862777172,0.117838459028,0.117859026055,0.11813321274
0.095,0.11577580449,0.115742888039,0.115717413137,0.11573746772,0.116015495049
0.096,0.113698445149,0.113665178225,0.113639162548,0.113659013242,0.113937132852
0.097,0.111658407627,0.111624157978,0.111597065512,0.111615602378,0.111894106528
0.098,0.109652899119,0.109617718145,0.109589608915,0.109606923689,0.109885901574
0.099,0.107682730154,0.107646376865,0.107616992197,0.107634516339,0.107917080154
0.1,0.105749865972,0.105713489632,0.105683917341,0.105700747312,0.105983784814
0.101,0.103852456768,0.103815077249,0.103784396513,0.103799908636,0.104083408901
0.102,0.101987748268,0.101949288499,0.101917400435,0.101931495723,0.102215456329
0.103,0.101230285348,0.101190956218,0.101158164055,0.101172305941,0.101461166571
0.104,0.101024456382,0.100983797939,0.100949671831,0.100963346473,0.101257870256
0.105,0.100857999046,0.100816232304,0.100781064444,0.100794654816,0.101095215133
0.106,0.10072520283,0.100682054308,0.100645507053,0.100658644316,0.100965229129
0.107,0.100619913966,0.100575049806,0.100536708574,0.100548932349,0.100861483392
0.108,0.100532544014,0.10048658676,0.100447253087,0.100459547115,0.100778709469
0.109,0.100462566579,0.100415364388,0.100374853492,0.100387023879,0.100712838297
0.11,0.10040467084,0.100356504994,0.100315181467,0.100327684202,0.100660492042
0.111,0.10035985186,0.100310211438,0.100267432997,0.100279528326,0.100619089835
0.112,0.100324635668,0.100273297306,0.100228787299,0.100240170214,0.100586460143
0.113,0.100295435096,0.100242580896,0.10019657796,0.100207554152,0.100560838373
0.114,0.100271696669,0.100217331256,0.100169848143,0.10018045447,0.100540864155
0.115,0.100252298118,0.100196432683,0.100147489574,0.1001577692,0.100525426921
0.116,0.100237354179,0.100179779886,0.100129118242,0.100138786116,0.100513667319
0.117,0.100224857482,0.100165647639,0.100113367125,0.100122561683,0.100504839509
0.118,0.100214548117,0.100153711665,0.100099829162,0.10010858811,0.100498374287
0.119,0.100205919351,0.100143472105,0.100088014178,0.100096389627,0.100493817429
0.12,0.0997202135612,0.0996562208901,0.0995991692923,0.0996068258968,0.100010067919
0.121,0.0977526082528,0.0976883580193,0.0976310144233,0.0976384572068,0.0980422405709
0.122,0.095855919327,0.0957918737891,0.0957348329855,0.0957427897811,0.096147584599
0.123,0.0940254855105,0.0939608947059,0.0939031886507,0.0939105968933,0.0943160272861
0.124,0.092251369048,0.0921862011011,0.0921278237917,0.092134624536,0.092540692201
0.125,0.0905291014603,0.0904628796826,0.0904032191292,0.0904087042173,0.0908151409046
0.126,0.0888490352021,0.0887822230826,0.0887218713914,0.0887267552026,0.0891339580027
0.127,0.0872085451918,0.0871413082438,0.0870804851516,0.0870850134538,0.0874931251033
0.128,0.0856121696756,0.085544339816,0.0854828352186,0.0854867092317,0.0858956054548
0.129,0.0840501281432,0.0839816061639,0.0839192869949,0.083922448825,0.0843321878824
0.13,0.0825191063968,0.0824499891864,0.0823869646354,0.0823895746144,0.0828002459415
0.131,0.0810187900779,0.0809490146913,0.080885215938,0.0808871727858,0.0812976071633
0.132,0.0795498413602,0.0794797633194,0.0794156753,0.0794174261772,0.0798298648794
0.133,0.0781127343129,0.0780419340813,0.0779769937384,0.0779780168088,0.0783910815825
0.134,0.0767002066271,0.076628994343,0.0765635964711,0.0765642208468,0.0769774858393
0.135,0.0753115304858,0.0752400361145,0.075174347006,0.075174892133,0.0755901271927
0.136,0.0739551481224,0.073883211751,0.0738170558923,0.0738173064893,0.0742337430844
0.137,0.0726234913778,0.0725508897173,0.0724839587757,0.0724835344074,0.0729005196573
0.138,0.0713149072523,0.0712415275778,0.07117330427,0.0711718187138,0.0715893291585
0.139,0.0700308692007,0.0699569686193,0.0698884898102,0.069886812068,0.0703065641269
0.14,0.0687714254059,0.0686970900812,0.068627988197,0.0686259130492,0.0690464225881
0.141,0.0675321919465,0.0674575435458,0.0673879909825,0.0673857101679,0.067807101217
0.142,0.0663157250544,0.0662407241437,0.06617111028,0.0661688747765,0.0665925442115
0.143,0.065123813798,0.0650485598722,0.0649785702603,0.0649762191794,0.0654008166936
0.144,0.0639510025537,0.063875591296,0.0638053593833,0.0638027478651,0.0642280438772
0.145,0.0627970442933,0.0627216497035,0.0626518295759,0.0626501090146,0.0630780831606
0.146,0.0616686786901,0.0615931380997,0.0615230485988,0.0615211946593,0.06195002159
0.147,0.060559592395,0.0604835738931,0.0604128594415,0.0604104988629,0.0608401215738
0.148,0.059469551816,0.0593930388525,0.0593220489491,0.0593197629589,0.0597517267772
0.149,0.0584023810466,0.0583254615826,0.0582538923812,0.0582511368895,0.0586839378701
0.15,0.0573520945267,0.05727477968,0.057202694221,0.0571995679746,0.0576332898077
0.151,0.0563183088995,0.0562409229271,0.0561690750057,0.0561666161753,0.0566028499828
0.152,0.0553068397126,0.0552292910303,0.0551571849079,0.0551545127169,0.0555915713973
0.153,0.0543112826773,0.0542334981503,0.0541610743176,0.054158182045,0.0545961446262
0.154,0.0533340018256,0.0532559086911,0.0531833776027,0.0531808993345,0.0536214581697
0.155,0.0523756155289,0.0522973641893,0.0522246258238,0.0522220549393,0.0526635850111
0.156,0.0514324652219,0.0513539987385,0.0512809915222,0.0512782665615,0.0517207789882
0.157,0.0505066737447,0.0504281933333,0.0503554150623,0.0503534760974,0.0507986284896
0.158,0.0495980654778,0.0495195964989,0.0494468302748,0.0494450598905,0.0498909921953
0.159,0.0487043515236,0.0486257373374,0.0485526541844,0.0485506149079,0.0489989175129
0.16,0.0478279125309,0.0477493939988,0.0476767682586,0.0476757699807,0.0481254595085
0.161,0.0469675448659,0.0468888634943,0.0468159598211,0.046814772656,0.0472653363266
0.162,0.0462076312677,0.0461286196775,0.0460556883704,0.046055154045,0.0465092043174
0.163,0.0461009293811,0.0460206813864,0.0459466796116,0.045946442587,0.0464088893785
0.164,0.0460138417152,0.0459325906181,0.0458578248767,0.0458582813718,0.0463294884689
0.165,0.0459457770822,0.0458629235089,0.0457866621123,0.0457870409842,0.0462671480382
0.166,0.0458908060041,0.0458063816428,0.0457286778384,0.045729084277,0.0462183634567
0.167,0.0458466306421,0.0457605902901,0.0456814000733,0.0456818250352,0.0461805000336
0.168,0.045811790741,0.0457239321479,0.0456430159496,0.0456432308046,0.0461514848177
0.169,0.0457821281672,0.0456928488036,0.0456107093216,0.0456113032539,0.0461293827896
0.17,0.045758640586,0.0456677635175,0.0455841917099,0.0455849674283,0.0461130443234
0.171,0.0457405286746,0.0456478076453,0.0455625079287,0.0455631697988,0.0461013915445
0.172,0.0457266657783,0.0456319151447,0.0455446667981,0.0455450015309,0.0460935211204
0.173,0.0457149834059,0.0456183506087,0.0455293450667,0.0455295932072,0.0460885961001
0.174,0.0457036776711,0.0456056174892,0.0455154253892,0.045516239602,0.0460859140158
0.175,0.0456956485006,0.0455957947334,0.0455039710315,0.0455048875005,0.0460853485773
0.176,0.0456161115709,0.0455149233399,0.0454219961667,0.0454234695511,0.0460140271396
0.177,0.0447245724024,0.0446230605275,0.0445297421064,0.0445308286049,0.0451210431583
0.178,0.0438628624657,0.0437617059713,0.0436688471292,0.0436705157572,0.0442616324733
0.179,0.0430293488101,0.0429285397283,0.0428361375027,0.042838406538,0.0434299705702
0.18,0.0422188453331,0.0421185058714,0.042026720858,0.0420297944575,0.0426218500038
0.181,0.0414317381654,0.0413312288645,0.041239274951,0.0412423041582,0.0418343223576
0.182,0.0406615526029,0.0405613795729,0.0404698737348,0.0404735097169,0.0410674592643
0.183,0.0399130033885,0.0398132893007,0.0397223903362,0.0397268549768,0.0403212264319
0.184,0.0391794776747,0.0390801565114,0.0389897849846,0.0389949931228,0.0395893194918
0.185,0.0384622545764,0.0383627226807,0.0382721454789,0.0382772913747,0.0388739358434
0.186,0.0377622797902,0.0376631153157,0.0375730239415,0.0375788230333,0.0381756891053
0.187,0.0370748427674,0.0369756717809,0.0368856062029,0.0368915830508,0.0374888148651
0.188,0.0363998055553,0.0363011638625,0.0362118293949,0.036218813169,0.0368181373034
0.189,0.0357401763373,0.0356418222917,0.0355528537583,0.0355602771722,0.0361598961823
0.19,0.0350908156682,0.034992608383,0.0349038425115,0.0349116021745,0.0355128728456
0.191,0.0344571980759,0.0343592668024,0.0342709478756,0.0342795093258,0.0348813562522
0.192,0.0338333978157,0.0337356315777,0.0336475448991,0.0336564672633,0.0342586067802
0.193,0.0332223963689,0.033124668647,0.0330367370778,0.0330461550913,0.0336506513133
0.194,0.0326242878228,0.0325263854129,0.0324382566063,0.0324474347793,0.0330522275436
0.195,0.0320344387626,0.031936460472,0.0318483870466,0.0318581443844,0.0324653499812
0.196,0.0314570297946,0.0313594829687,0.0312719363398,0.0312822376336,0.0318897120882
0.197,0.0308863782751,0.0307894561803,0.0307026976559,0.0307137697142,0.0313225276313
0.198,0.0303292917451,0.0302328148989,0.0301467082044,0.0301589672905,0.0307687073127
0.199,0.0297816987027,0.0296853632688,0.029599451617,0.0296119496536,0.030221998147
0.2,0.0292435398201,0.0291477077476,0.0290625251606,0.0290762609663,0.0296885825557
0.201,0.0291609056153,0.0290636788739,0.0289773223123,0.0289915532354,0.0296140462362
0.202,0.0291106279269,0.0290115679817,0.0289235416049,0.0289378691749,0.0295713545205
0.203,0.0290680989633,0.0289677951854,0.0288788286884,0.0288940578051,0.0295386025417
0.204,0.0290350005389,0.0289330655783,0.028842706128,0.0288584236618,0.0295144828396
0.205,0.0290064838021,0.0289034055997,0.0288122558595,0.02882912189,0.0294967230639
0.206,0.028982351443,0.0288783311312,0.0287866458185,0.0288049595315,0.0294842315036
0.207,0.0289636750032,0.02885834872,0.0287657005876,0.0287850667174,0.0294764066664
0.208,0.0289475493569,0.028841121091,0.028747765265,0.0287684726732,0.0294719472506
0.209,0.0284424500848,0.0283360225155,0.0282427328649,0.0282637324365,0.0289684558965
0.21,0.0279073215475,0.0278010823887,0.0277080508504,0.0277294095489,0.0284345131742
0.211,0.0273848811017,0.0272786907289,0.02718575331,0.0272073253082,0.0279129842443
0.212,0.0268801411683,0.026773959106,0.0266810615518,0.0267027973226,0.0274092156572
0.213,0.0263817003707,0.0262763813206,0.0261845598084,0.0262075289227,0.0269141447245
0.214,0.025897040493,0.0257918684921,0.0257002602369,0.0257235672241,0.0264309400103
0.215,0.0254228498803,0.0253182581385,0.0252273772786,0.0252515979356,0.0259594418314
0.216,0.024956463129,0.024852218613,0.024761794442,0.0247866307591,0.0254951291601
0.217,0.0245037237841,0.0243998388848,0.0243099054153,0.0243353906468,0.0250443837669
0.218,0.0240561617187,0.0239526527215,0.0238631733518,0.0238892580884,0.0245987617872
0.219,0.0236200318465,0.0235170547894,0.0234282939494,0.0234552713969,0.0241656783398
0.22,0.0231910075274,0.023088173091,0.0229995885282,0.0230269204396,0.0237380474001
0.221,0.0227702825738,0.0226681771923,0.0225805587869,0.0226090309337,0.023320906456
0.222,0.0223573477638,0.022255500691,0.0221681956509,0.0221970647028,0.0229095697415
0.223,0.0219544027483,0.0218525942029,0.0217654444369,0.0217947405333,0.0225086328913
0.224,0.0215560977026,0.0214547851074,0.0213682552332,0.0213982557633,0.0221124335349
0.225,0.0211675167849,0.0210663487132,0.0209800887368,0.021010648207,0.021726242723
0.226,0.0207833742021,0.0206828133628,0.0205972959851,0.0206287115347,0.021344413379
0.227,0.0204080266536,0.0203078904049,0.0202229759934,0.0202552591879,0.0209722289544
0.228,0.0200381655229,0.0199384872031,0.0198541107629,0.0198870568542,0.0206044070572
0.229,0.0196772965932,0.0195778229969,0.0194938083551,0.019527400166,0.0202462481247
0.23,0.0193202236315,0.0192213214473,0.0191380173293,0.019172418691,0.0198913090651
0.231,0.0189724579885,0.0188737874631,0.0187908659627,0.0188259583007,0.0195465221476
0.232,0.0186296066845,0.018530998843,0.01844817493,0.0184835340404,0.0192051212459
0.233,0.0182955233069,0.0181968887104,0.0181141483398,0.0181499197977,0.0188731382234
0.234,0.0179633504273,0.0178651605709,0.0177829649646,0.0178195406333,0.0185440602176
0.235,0.0176405523106,0.0175426511271,0.0174609022624,0.0174980681405,0.0182232695895
0.236,0.0173207044705,0.0172231653872,0.0171419605543,0.0171800655951,0.0179067850417
0.237,0.0170644014182,0.0169671059415,0.0168862989833,0.0169251920474,0.0176541534475
0.238,0.0170273290278,0.0169286323262,0.0168467617309,0.0168866539375,0.0176280012711
0.239,0.016996672132,0.0168968129893,0.0168141765758,0.0168554024514,0.0176091985139
0.24,0.0169725162942,0.016871273371,0.0167876323541,0.016830042126,0.0175969190618
0.241,0.0169527736646,0.0168502110833,0.0167656567908,0.0168093882518,0.0175895707945
0.242,0.0169371248422,0.0168331253185,0.0167475362396,0.0167925323052,0.0175864508867
0.243,0.0169249091388,0.016819326726,0.0167325491791,0.016778727628,0.0175868716287
0.244,0.0169153252864,0.0168080831971,0.0167200404358,0.0167673760507,0.0175900785823
0.245,0.0169067098345,0.0167980960533,0.0167091327009,0.0167579665191,0.0175950352915
0.246,0.0168988454116,0.0167890991457,0.0166995020076,0.0167501201821,0.017601407836
0.247,0.0166876686794,0.016578325195,0.0164894503463,0.0165415881735,0.0173970970739
0.248,0.0163667179877,0.0162581151551,0.0161701071826,0.016222967436,0.0170779206128
0.249,0.0160576798623,0.0159502104848,0.0158635468492,0.015917736814,0.0167715793314
0.25,0.015756784631,0.0156494713353,0.0155630162026,0.0156174753768,0.0164718280855
0.251,0.0154649160241,0.015358078952,0.0152722268301,0.0153274310716,0.0161818881618
0.252,0.0151789499922,0.0150722133636,0.0149865107802,0.0150419692334,0.0158971829243
0.253,0.0148998617836,0.0147937887285,0.0147089121969,0.0147653120315,0.0156204716138
0.254,0.0146239897534,0.014518749306,0.0144348541556,0.0144920316132,0.0153468007512
0.255,0.014358104279,0.0142531829208,0.0141697349991,0.0142276499828,0.0150831040963
0.256,0.0140937319405,0.013989374461,0.0139066135097,0.0139653852513,0.0148208885162
0.257,0.0138387093173,0.0137347885204,0.0136525887547,0.0137119364117,0.0145680346066
0.258,0.0135853783132,0.013482037939,0.0134006019839,0.0134609500582,0.014317292234
0.259,0.0133390519679,0.0132362124889,0.0131553768477,0.0132162044606,0.0140728791441
0.26,0.013093942825,0.0129924559345,0.0129132443142,0.012975790446,0.013831267758
0.261,0.0128548898973,0.0127541797116,0.0126758648271,0.0127391778379,0.0135942152298
0.262,0.0126223037323,0.0125221006923,0.0124444656714,0.0125087313397,0.0133643428258
0.263,0.012392353126,0.0122924729994,0.0122152806326,0.0122803451558,0.0131366462676
0.264,0.0121687802163,0.0120694870737,0.0119930237613,0.0120587055836,0.0129152702537
0.265,0.0119483396466,0.0118493300551,0.0117732982133,0.0118397471392,0.0126974938899
0.266,0.0117314683927,0.0116330536822,0.0115577387174,0.0116247321199,0.012482359776
0.267,0.0115195822194,0.0114216120078,0.0113468987719,0.0114148177456,0.0122732709291
0.268,0.0113098870348,0.0112122853716,0.0111380937713,0.0112069103776,0.0120659768464
0.269,0.0111065849063,0.0110093856914,0.0109356883209,0.0110048687051,0.0118647460513
0.27,0.010905118062,0.0108084152126,0.0107353861117,0.010805574232,0.0116662647361
0.271,0.0107085035579,0.0106118865439,0.0105389971173,0.010609260893,0.0114709620246
0.272,0.0105146713703,0.0104187529433,0.0103467595536,0.010418217174,0.0112803166821
0.273,0.0103242715221,0.0102284923944,0.0101568256257,0.010229091943,0.011092796371
0.274,0.0101374612647,0.0100423741162,0.00997147131754,0.0100442614246,0.0109077321013
0.275,0.00995280506933,0.00985862943292,0.00978886008273,0.00986301360671,0.0107264126794
0.276,0.00977188879614,0.0096780647553,0.00960874852403,0.00968361241032,0.0105476980699
0.277,0.00959565909185,0.00950243934921,0.00943390326406,0.00950949009923,0.0103739845877
0.278,0.00942121262945,0.00932861294361,0.0092608879665,0.00933761692956,0.0102028240185
0.279,0.00924990557435,0.00915788345005,0.00909081522569,0.0091680109318,0.0100329653196
0.28,0.00908221921,0.00899098745939,0.00892492808329,0.00900338264803,0.00986850440923
0.281,0.00891724916679,0.00882642862211,0.00876098920371,0.00884046828658,0.00970694523659
0.282,0.00875569578892,0.00866539602524,0.00860053326233,0.00868043543163,0.00954663428335
0.283,0.00859762899555,0.00850777323495,0.00844353947542,0.00852444567738,0.00939195251925
0.284,0.00844099421028,0.00835160905821,0.00828809361382,0.00837008937986,0.00923857869684
0.285,0.00828867531508,0.00819971942582,0.00813664754216,0.00821888531647,0.00908750303707
0.286,0.00813727597937,0.00804934771421,0.00798753301373,0.00807118997565,0.00893947188462
0.287,0.00798868861255,0.00790125912131,0.0078402265476,0.00792505111003,0.00879404021865
0.288,0.00784503915651,0.00775791763384,0.00769715918244,0.00778209529452,0.00865174246368
0.289,0.00770285105496,0.00761627328095,0.00755625969706,0.00764233160139,0.00851320715005
0.29,0.00756155094618,0.00747566970955,0.00741665401405,0.00750404320249,0.00837500745093
0.291,0.00742548140897,0.00733996107378,0.00728126663967,0.00736879213434,0.0082402176301
0.292,0.00729072664389,0.0072058093252,0.00714791802859,0.00723658657286,0.00810899966523
0.293,0.00715805141444,0.00707340868428,0.00701606969664,0.007105788041,0.00797981161421
0.294,0.00702922504151,0.00694487982582,0.00688780822638,0.00697759828465,0.00785223300381
0.295,0.00695859225491,0.00687409965184,0.00681726169863,0.00690869383929,0.00779098086113
0.296,0.00694333819934,0.00685801897345,0.00680091927941,0.00689452183346,0.00779093832211
0.297,0.00693024643811,0.00684435677879,0.00678728366591,0.00688328194118,0.00779331901588
0.298,0.00692112557071,0.00683400962709,0.00677629499831,0.00687441831385,0.00780069163336
0.299,0.0069125158756,0.00682467738574,0.0067668641646,0.0068674493316,0.00780850134559
0.3,0.0069056013106,0.00681695210752,0.00675896079567,0.00686201643002,0.00781839224652
0.301,0.00689979319339,0.00681035524156,0.0067522232659,0.00685782475459,0.00782972375074
0.302,0.00689501996171,0.00680474956684,0.00674644717098,0.00685463905389,0.00784250171724
0.303,0.00689107853739,0.00679994544693,0.00674145206095,0.00685226661276,0.00785640679808
0.304,0.00688760446115,0.0067956690666,0.00673705348662,0.00685054663432,0.00787085453654
0.305,0.006884305959,0.00679168365496,0.00673307843692,0.00684936359858,0.00788566210971
0.306,0.00688237439947,0.00678868707969,0.0067297065463,0.0068486251269,0.00790241235416
0.307,0.00688085065007,0.00678604762257,0.00672665623124,0.00684825589836,0.00792002707292
0.308,0.00687927918131,0.00678348312883,0.00672381206356,0.00684817278651,0.0079375680041
0.309,0.00687692741686,0.0067805255579,0.00672098247179,0.00684832143764,0.00795404235598
0.31,0.00687572333213,0.00677831806546,0.00671850584627,0.00684869245122,0.00797246819155
0.311,0.00680950107302,0.00671196538937,0.00665242666083,0.00678432199467,0.00791619859363
0.312,0.00667439257659,0.00657769307586,0.00651903416083,0.00665140203819,0.00778046432049
0.313,0.00654335788478,0.00644753955695,0.00638984150901,0.00652279262842,0.00764919298001
0.314,0.00641769511136,0.00632275834587,0.00626599624794,0.00639951659161,0.00752329625592
0.315,0.00629441800469,0.00619995118594,0.00614373843495,0.00627768635221,0.00740070194675
0.316,0.00617680561467,0.00608306053775,0.00602763337992,0.00616221024172,0.0072836526772
0.317,0.00606068438263,0.00596766824399,0.00591304429924,0.00604819259019,0.00716787275236
0.318,0.00594678428577,0.00585423033096,0.00580017183295,0.00593585688333,0.00705516682705
0.319,0.00583737943656,0.00574562077357,0.00569243538612,0.0058287584547,0.00694622000728
0.32,0.00572894390552,0.00563794559884,0.00558559846421,0.00572254840785,0.00683831467823
0.321,0.00562153151244,0.00553127417901,0.00547976399142,0.00561732733249,0.00673133282075
0.322,0.00552005228556,0.00543016985023,0.00537912275415,0.0055172317682,0.00663140710097
0.323,0.00541800943689,0.00532909089123,0.00527909124284,0.00541790731274,0.00652960486013
0.324,0.00531807019425,0.00522956702762,0.00518009048414,0.00531947796514,0.00643121881156
0.325,0.00522177070408,0.00513361201173,0.00508455707706,0.00522445246428,0.00633643969937
0.326,0.00512668182146,0.00503918083493,0.0049908815462,0.00513142875376,0.00624243426021
0.327,0.00503215699703,0.00494542497537,0.00489798937223,0.00503921166458,0.0061486933204
0.328,0.00493953492874,0.0048533744066,0.00480660155588,0.00494832038176,0.00605674033233
0.329,0.00485046156363,0.00476484307975,0.00471871076402,0.00486106744388,0.00596907107777
0.33,0.00476282779323,0.00467747383224,0.00463171662127,0.00477467149893,0.00588368914908
0.331,0.0046745883475,0.00459010989096,0.00454532660849,0.00468901105591,0.00579605798825
0.332,0.00458903597398,0.00450529239402,0.00446132413664,0.00460553035673,0.00571067684618
0.333,0.00450545623127,0.00442252646069,0.00437947292614,0.00452441769811,0.00562800842923
0.334,0.00442308462055,0.00434079075954,0.00429847889371,0.0044441245171,0.0055470238667
0.335,0.00434230035231,0.00426023947033,0.00421836824306,0.00436466352018,0.00546829270574
0.336,0.00426358191252,0.00418216235706,0.00414092150954,0.00428766842069,0.00539026925002
0.337,0.00418610541028,0.00410536359115,0.00406490240576,0.00421234629951,0.00531401182964
0.338,0.00410968040974,0.00402948035212,0.0039896764278,0.00413782926215,0.00523939518225
0.339,0.00403389530553,0.0039542315624,0.00391516109978,0.00406403287467,0.00516447037273
0.34,0.00396079496954,0.00388182743443,0.00384342191767,0.0039927041858,0.00509208415848
0.341,0.00388851552216,0.00381032693316,0.00377280316457,0.00392280667835,0.00502075979123
0.342,0.0038176500853,0.00373992735431,0.00370299407835,0.00385370876394,0.00495199794975
0.343,0.00374731492009,0.00367008363668,0.00363386022673,0.00378527564417,0.00488267857292
0.344,0.00367984469177,0.00360304348278,0.00356721974065,0.0037190016307,0.00481659582104
0.345,0.00361328367981,0.00353698027293,0.00350177981165,0.00365428963983,0.00475210125589
0.346,0.00354686422888,0.00347131544449,0.00343697176808,0.00359019547565,0.00468668405657
0.347,0.00348147717305,0.00340648588842,0.00337287592345,0.00352679800133,0.00462254775319
0.348,0.00341885188234,0.0033440740272,0.00331069724049,0.00346496050885,0.00456154067041
0.349,0.00335727024631,0.00328290579499,0.00325007732894,0.00340509850414,0.00450251223218
0.35,0.00329585230559,0.00322213466427,0.00319006128996,0.00334580317141,0.00444254364697
0.351,0.00323586152158,0.0031624047606,0.00313075270094,0.00328726327127,0.00438568212663
0.352,0.00317721337429,0.00310388805334,0.00307244676992,0.00322935771956,0.00432872455996
0.353,0.00311933338557,0.00304680995595,0.00301626846426,0.00317385014801,0.00427162146402
0.354,0.00306264938215,0.00299064886712,0.00296075545574,0.00311908677623,0.00421704316165
0.355,0.00300625157721,0.00293492204734,0.002905810233,0.00306486134382,0.0041619980667
0.356,0.00295075056048,0.00287986636898,0.00285145349747,0.00301123296536,0.00410770560867
0.357,0.00289734001696,0.00282694820279,0.00279894735126,0.00295901604627,0.00405516073386
0.358,0.00284495653036,0.00277504742789,0.00274765971551,0.00290848214011,0.00400506691514
0.359,0.0027931998808,0.00272373837322,0.00269693261764,0.00285851316127,0.0039557586667
0.36,0.00274145387826,0.00267269252789,0.00264669962489,0.00280900487784,0.00390524340922
0.361,0.00272865598778,0.00265935374231,0.00263349680522,0.00279854403065,0.003909671273
0.362,0.0027225058304,0.00265286141988,0.00262740157423,0.00279553844578,0.00392194690461
0.363,0.00271729469867,0.00264736275894,0.00262235718147,0.00279361393062,0.00393512025418
0.364,0.00271319999168,0.00264283476782,0.00261817641403,0.0027926712874,0.00395062520182
0.365,0.00271044096717,0.00263929787946,0.00261471508516,0.00279264747561,0.00396989430128
0.366,0.00270787695382,0.00263612575902,0.00261177662408,0.00279315312285,0.00398874188233
0.367,0.00270593593357,0.00263347681549,0.00260929077267,0.00279420503067,0.00400911456311
0.368,0.00270457903951,0.00263128720965,0.00260717315595,0.00279573089903,0.00403113862384
0.369,0.002702622331,0.00262894694953,0.00260528997769,0.00279736105605,0.00405011359201
0.37,0.00270079429497,0.00262677520653,0.00260362575327,0.00279927243115,0.0040694119537
0.371,0.0026996347206,0.00262502531281,0.00260218395412,0.00280152611604,0.00409098737244
0.372,0.00269875613342,0.00262348579345,0.00260090353081,0.00280401106729,0.00411350219295
0.373,0.0026980262658,0.00262207455219,0.00259974705581,0.00280668266087,0.00413659229806
0.374,0.00269716698254,0.00262064825286,0.00259867872564,0.00280943371767,0.004159067716
0.375,0.00269674730717,0.00261947198363,0.00259771440814,0.00281241451077,0.00418340776394
0.376,0.00269569654468,0.00261801843455,0.00259677671766,0.00281532397904,0.00420521520487
0.377,0.00267791299417,0.00260014874672,0.00257943223243,0.00280059938509,0.00420226787222
0.378,0.00262440423853,0.00254757719754,0.00252769044542,0.00274870708191,0.00414431466473
0.379,0.00257219409216,0.00249605660999,0.00247680253967,0.00269780343852,0.00408935611788
0.38,0.00252018414075,0.00244499587938,0.00242661187993,0.0026475154171,0.00403371381491
0.381,0.00247272675995,0.00239818099304,0.00238039610983,0.00260146952977,0.00398410465617
0.382,0.00242539020067,0.00235171243007,0.00233473075819,0.0025557904804,0.00393329960819
0.383,0.00237885205741,0.00230586285846,0.00228953562199,0.00251065488786,0.00388438811435
0.384,0.002332462284,0.00226026848631,0.00224474978765,0.00246583211751,0.00383665992642
0.385,0.00228963981509,0.0022179257988,0.00220285231137,0.00242436800755,0.00379251262369
0.386,0.00224722647096,0.00217620972291,0.00216180604082,0.00238342133487,0.0037478853567
0.387,0.00220494868825,0.00213473947171,0.0021210940398,0.00234275249366,0.00370265690123
0.388,0.00216297002854,0.0020935957493,0.00208072693661,0.00230239781217,0.00365779527986
0.389,0.00212222723888,0.00205318830073,0.00204073916276,0.0022627037543,0.00361780020546
0.39,0.00208338607191,0.00201514415351,0.00200342730842,0.00222555582472,0.00357633704534
0.391,0.0020450740349,0.00197754067664,0.00196651635808,0.002188807034,0.00353612047484
0.392,0.00200739726904,0.00194040071458,0.00192994044284,0.00215252480177,0.00349792868058
0.393,0.00197003029435,0.00190357997135,0.00189369244946,0.00211657083135,0.00346013796732
0.394,0.00193263391932,0.001866892207,0.00185776860714,0.00208067212876,0.00342151765214
0.395,0.00189778646697,0.00183228602272,0.00182340674102,0.0020468187157,0.00338724001098
0.396,0.00186335410055,0.00179842169678,0.00179012670359,0.00201380115381,0.0033520222329
0.397,0.00182898409553,0.00176476226999,0.00175716017247,0.001980997988,0.00331576781183
0.398,0.00179438885476,0.00173119776462,0.0017245080384,0.00194817978163,0.00327623934934
0.399,0.00176038078334,0.00169806726907,0.00169218278967,0.00191581670042,0.00323905500503
0.4,0.00172723867224,0.0016654691242,0.00166018394161,0.00188381415398,0.00320396832507
0.401,0.00169602759443,0.00163479211918,0.0016299483558,0.00185384695541,0.00317181827047
0.402,0.00166493139021,0.00160439688002,0.00160022907552,0.00182425499191,0.00313869198284
0.403,0.00163395269823,0.00157423076229,0.00157081500816,0.00179484978065,0.00310459602149
0.404,0.0016038783164,0.00154461494617,0.00154171199099,0.00176613556372,0.00307488179656
0.405,0.00157380288359,0.00151516982566,0.00151290748462,0.00173754175764,0.00304383136078
0.406,0.00154441236698,0.00148615553623,0.00148440485445,0.00170918435454,0.0030136504946
0.407,0.00151652736988,0.00145873374659,0.00145733251901,0.00168240959229,0.00298550331124
0.408,0.00150526096828,0.00144740125251,0.00144652566799,0.00167414519335,0.00298856774393
0.409,0.00150170908403,0.00144366227425,0.0014434090207,0.0016744769055,0.00300483116267
0.41,0.00149888737662,0.00144055352493,0.00144088412628,0.00167563172085,0.00302348836546
0.411,0.00149661478589,0.00143794216436,0.00143883745735,0.00167738753143,0.00304357606915
0.412,0.0014944953956,0.0014356163506,0.00143717465099,0.00167942387218,0.00306273322683
0.413,0.00149313325036,0.00143376276794,0.00143582404664,0.00168221924902,0.00308622517751
0.414,0.00149195897709,0.00143212281247,0.00143472338586,0.00168531716575,0.00311009555545
0.415,0.00149046229453,0.00143047404154,0.00143382408474,0.00168827348594,0.00313053804419
0.416,0.00148953221243,0.00142913894237,0.00143309296558,0.00169177873821,0.00315462987029
0.417,0.00148898628969,0.00142803697372,0.00143249956716,0.0016956117536,0.00318073292536
0.418,0.00147440687754,0.00141380284183,0.00141898759346,0.00168384739597,0.00317450424255
0.419,0.00144598392194,0.00138598500013,0.00139166394071,0.00165624285621,0.00314219599362
0.42,0.00141768508107,0.00135842014444,0.00136467313586,0.00162880242111,0.00310858481456
0.421,0.0013891900872,0.00133097380499,0.00133798553251,0.00160120745172,0.00307103177062
0.422,0.00136148427545,0.0013040013022,0.00131158114649,0.00157433102069,0.00303909637163
0.423,0.00133551145181,0.00127844517963,0.00128643051819,0.00154930180132,0.00301133487034
0.424,0.00131103148087,0.0012543986435,0.00126280872467,0.00152578033603,0.0029856105375
0.425,0.00128653972464,0.0012304785367,0.00123938777485,0.00150222958158,0.00295806935174
0.426,0.00126245835587,0.00120683560294,0.00121616854526,0.00147908670283,0.00293258777655
0.427,0.00123815998508,0.00118325200566,0.00119315047952,0.00145565419835,0.00290325284886
0.428,0.0012140448558,0.00115986123433,0.00117033530469,0.00143243141155,0.00287603169499
0.429,0.00119120195209,0.00113721084639,0.00114796142119,0.00141049232606,0.00285353465095
0.43,0.00116940167471,0.00111605741913,0.00112734784653,0.00138962787698,0.00282771371811
0.431,0.00114788358549,0.00109512461269,0.00110692093549,0.00136904799558,0.00280295090458
0.432,0.00112656304121,0.00107438120492,0.00108668211699,0.00134868375657,0.00277856734496
0.433,0.00110539835016,0.00105381574259,0.00106663282886,0.00132846988856,0.00275404883686
0.434,0.00108432482624,0.00103340918095,0.00104677366662,0.00130831267886,0.00272900783828
0.435,0.00106350164962,0.00101321403613,0.00102710700447,0.00128841482906,0.00270616273903
0.436,0.00104353161669,0.000993482477716,0.00100763551376,0.00126913864361,0.00268523447738
0.437,0.00102461581056,0.000975075840992,0.000989694328423,0.00125121341619,0.00266419512813
0.438,0.00100606137907,0.000956926261288,0.000971968659717,0.00123369952995,0.00264514215376
0.439,0.000987606757939,0.000938933626471,0.000954425346795,0.00121625026059,0.00262531326498
0.44,0.00096908816683,0.000921046454902,0.00093706068324,0.00119861867326,0.00260277908644
0.441,0.000954277398999,0.000906730724941,0.000923327397348,0.00118542627758,0.00258903729967
0.442,0.000951959778423,0.000904219077088,0.000921515594991,0.00118742332566,0.00260855876415
0.443,0.000949923899733,0.000902061139748,0.000920110724433,0.00118977053383,0.00262777400644
0.444,0.000948547137854,0.000900323538427,0.000919039697578,0.00119303055559,0.00265177316411
0.445,0.000947155463993,0.000898751210844,0.000918233095133,0.00119626512297,0.00267345924209
0.446,0.000946095463876,0.000897419011264,0.000917645059157,0.00119999009455,0.00269733660868
0.447,0.000945351073561,0.000896292144711,0.000917237609233,0.0012042296496,0.00272380185235
0.448,0.000944646273666,0.000895269977676,0.000916970323443,0.00120850226745,0.00274946504255
0.449,0.000935942143706,0.000886496164737,0.000908714648002,0.00120276931396,0.00275500683207
0.45,0.000918100969508,0.000869214124309,0.000891843228676,0.00118543928685,0.00273247724603
0.451,0.000900430180341,0.000852114431086,0.000875149900653,0.0011682222217,0.00270970860215
0.452,0.000882555198232,0.000835073607795,0.000858617268249,0.00115055484569,0.00268234159906
0.453,0.000865271295912,0.000818323293239,0.000842254532028,0.00113373569073,0.00266051767522
0.454,0.000847967214821,0.000801677794278,0.000826042942707,0.00111676944245,0.00263715501264
0.455,0.000830976943902,0.000785221331451,0.000809988201813,0.00110022076753,0.00261799454884
0.456,0.000815557888603,0.000770176236933,0.000795276107998,0.0010855708442,0.00259893646234
0.457,0.00080047386444,0.000755658793813,0.000781166430857,0.00107095972064,0.00257871345845
0.458,0.000785335612052,0.000741212695543,0.000767176222115,0.00105617490822,0.00255632007769
0.459,0.000770653448623,0.000726989201914,0.000753317015845,0.0010420561676,0.00253826362147
0.46,0.00075581588622,0.000712814520184,0.000739572648199,0.00102752250028,0.00251645904525
0.461,0.000741369001151,0.000698835954722,0.000725970259435,0.00101367467209,0.00249917262765
0.462,0.000726984000399,0.000684974931005,0.000712487260537,0.000999731145165,0.0024817155594
0.463,0.000712590954659,0.000671201013882,0.000699126755875,0.000985605251038,0.00246262608323
0.464,0.000699106718583,0.00065808259872,0.00068626498052,0.000972465253807,0.00244362627838
0.465,0.000686159273292,0.000645765201396,0.000674367898489,0.000959874306932,0.00242420652129
0.466,0.000673598569338,0.000633637755899,0.000662608418014,0.000947980073817,0.00240903681003
0.467,0.000661079711023,0.00062161281049,0.000650964420853,0.000936014715877,0.00239265849884
0.468,0.000648741878971,0.000609725394213,0.000639443840232,0.000924285874064,0.00237727067502
0.469,0.000636553032096,0.000597967861923,0.000628042877779,0.000912708143087,0.00236245325137
0.47,0.000624253987952,0.000586270740836,0.000616751640842,0.000900772529693,0.00234463531606
0.471,0.000612338095414,0.000574756793484,0.000605601514871,0.000889594056346,0.00233206463614
0.472,0.000600456678481,0.000563339885286,0.000594557921569,0.000878228353355,0.00231787136084
0.473,0.000589083367506,0.000552165230904,0.000583636252475,0.000867205982079,0.00230390176047
0.474,0.000578360550088,0.00054186774751,0.000573594571432,0.000857034026766,0.00228998086463
0.475,0.000567920551821,0.000531747067673,0.0005638176275,0.000847472545429,0.00227941771383
0.476,0.000557211657635,0.000521658547251,0.000554103723483,0.000836904907298,0.00226152652603
0.477,0.000546932538918,0.000511748043223,0.000544538629327,0.000827365873103,0.00224996123473
0.478,0.000536685020057,0.000501928917473,0.000535072477693,0.000817719965135,0.00223714887929
0.479,0.00052656764733,0.000492220455946,0.000525718480676,0.000808270337014,0.00222515940989
0.48,0.000516650091945,0.000482639216846,0.000516478075607,0.000799166169363,0.00221518835662
0.481,0.000506740646377,0.000473140871581,0.000507331836447,0.00078990609113,0.0022038309206
0.482,0.000496780190225,0.000463708236701,0.000498269898017,0.000780270857952,0.00218945865266
0.483,0.00048744671616,0.000454471381627,0.000489346571425,0.000771608986232,0.00218071167994
0.484,0.000478424378454,0.00044583556933,0.000480843092936,0.000762843238535,0.00216710791939
0.485,0.000469741279958,0.000437506085376,0.000472840029822,0.000754842315955,0.00215698201793
0.486,0.000461101767536,0.000429259169501,0.000464931389014,0.000746831534802,0.00214620698423
0.487,0.000452469324824,0.000421091864559,0.000457095663559,0.000738574854328,0.0021334334102
0.488,0.000444193308486,0.000413064553475,0.000449402805042,0.00073133799673,0.00212682171161
0.489,0.000440103337363,0.000408950660232,0.000445918504418,0.000730677952265,0.0021385333512
0.49,0.000439274801447,0.000407816564923,0.000445636144664,0.00073530732109,0.00216609096259
0.491,0.000438482511019,0.000406831612389,0.000445537270613,0.000739817968842,0.00219157503188
0.492,0.000437815918113,0.000405986954647,0.000445600513193,0.000744526911042,0.00221733437219
0.493,0.000437410783274,0.000405286189158,0.000445820818685,0.000749919590723,0.00224673527935
0.494,0.000436873661864,0.000404636936692,0.000446109922949,0.000754723031666,0.00227163832663
0.495,0.000436556804705,0.000404086366865,0.000446526236997,0.000760262354623,0.00230060336244
0.496,0.000436300842927,0.000403599331646,0.000447010550779,0.000765878538035,0.00232968241844
0.497,0.000436014571837,0.000403144363214,0.000447550769601,0.000771404911052,0.00235767735067
0.498,0.000435752575692,0.000402722776246,0.00044815351601,0.00077708398578,0.00238616418761
0.499,0.000435466543023,0.000402332454849,0.000448760736534,0.000782430312963,0.00241253740154
0.5,0.000435180960271,0.000401960065429,0.000449413800485,0.000787872712348,0.00243912434059
0.501,0.000435115752358,0.000401636804067,0.000450167150071,0.000794321736924,0.00247161698354
0.502,0.000432527478382,0.000399120808424,0.000448450187504,0.000795777538299,0.00248632117547
0.503,0.000423879318363,0.000391053639667,0.000440549787939,0.000786276315092,0.00246656287589
0.504,0.00041543987996,0.000383117975828,0.000432786611349,0.000777245905494,0.00244915308568
0.505,0.000407270068369,0.000375308783403,0.000425176113869,0.000769052988793,0.00243636996834
0.506,0.000399078028406,0.000367580407043,0.000417605560413,0.000760311150926,0.00241997560963
0.507,0.000391049740409,0.000359945253703,0.000410159799306,0.000752112640573,0.00240710026106
0.508,0.000383133434568,0.000352394360346,0.000402808062077,0.000744161419368,0.00239717630755
0.509,0.000375101427915,0.000344895923506,0.000395460724338,0.000735334269894,0.00238175478316
0.51,0.000367278271006,0.000337490169782,0.00038823644693,0.000727476604422,0.00237027231756
0.511,0.000359628842739,0.000330153689645,0.000381060199695,0.000720296186028,0.0023548214417
0.512,0.000353029689996,0.00032388770714,0.000375077732891,0.000713681983189,0.00234242471302
0.513,0.000346659448094,0.000317793522078,0.000369234767126,0.000707788155585,0.00233417993227
0.514,0.000340152533333,0.000311733216272,0.00036336090922,0.000700899686289,0.0023200069999
0.515,0.000333673204876,0.000305725163755,0.00035753145566,0.000693922580101,0.00230526165121
0.516,0.000327298575745,0.000299779572536,0.000351774392828,0.000687229876859,0.00229267493634
0.517,0.000321050749131,0.000293899419186,0.000346098783851,0.000680931644817,0.00228297751525
0.518,0.000314928056207,0.000288085400479,0.000340503396379,0.000675010671197,0.00227562332059
0.519,0.000308826397916,0.000282321674259,0.000334964561587,0.000669056190005,0.00226768616079
0.52,0.000302718780664,0.000276611689371,0.000329438365143,0.000662697476791,0.00225718552214
0.521,0.000296704821248,0.000270962263952,0.000323995569652,0.0006566523415,0.00224817299169
0.522,0.000290566384779,0.000265353387819,0.000318514225466,0.00064965473063,0.00223283423083
0.523,0.000284648405699,0.000259814877911,0.000313153192335,0.000644076690183,0.00222173856709
0.524,0.000279255243213,0.000254432853548,0.000307975319363,0.00063934448117,0.00221415086972
0.525,0.000274170404049,0.000249690908915,0.000303417412275,0.000634237426567,0.00220419930102
0.526,0.000269067045298,0.000245010078506,0.00029889726582,0.000628719452461,0.00219169449638
0.527,0.000264123834373,0.000240391355188,0.000294499385412,0.000623976318523,0.00218355216359
0.528,0.000259295046958,0.000235830093981,0.000290193100512,0.000619700288014,0.00217798350788
0.529,0.000254458078159,0.000231317423073,0.000285889423725,0.0006150002789,0.00217010425592
0.53,0.000249663833355,0.000226853825298,0.000281640598227,0.000610354707536,0.00216244979421
0.531,0.000244813575681,0.000222431963461,0.000277374322309,0.00060504494687,0.00215091419684
0.532,0.000240008034613,0.000218059863528,0.000273152074619,0.000599733603997,0.00213918789629
0.533,0.000235364129092,0.000213745560474,0.00026905322426,0.000595244413576,0.00213189584594
0.534,0.000230669374503,0.000209473915256,0.000264924939619,0.000590040255491,0.0021203854627
0.535,0.000226122242674,0.000205257491025,0.000260914939564,0.000585597740374,0.00211298460193
0.536,0.000221554928028,0.000201085819834,0.00025689106308,0.000580638396011,0.00210247163919
0.537,0.000217020881146,0.000196959884732,0.000252898131632,0.000575687929756,0.00209109581356
0.538,0.000212711083896,0.000192885497794,0.000249002062619,0.000571612623234,0.00208251546516
0.539,0.000208610507394,0.000188939947294,0.000245111820893,0.000567021759124,0.00207055998734
0.54,0.000204754658122,0.000185410793637,0.000241696232896,0.000563055050752,0.00206184655677
0.541,0.00020095679057,0.000181953332789,0.000238383732445,0.000559007667126,0.00205270368605
0.542,0.000197182995942,0.000178536033383,0.000235116852526,0.000554963365119,0.0020434399953
0.543,0.00019349116573,0.000175164744742,0.000231901788936,0.000551140155264,0.00203546400401
0.544,0.000189775110392,0.000171830495988,0.000228672493398,0.000546835354715,0.00202475686287
0.545,0.000186112885198,0.000168535936981,0.000225505170908,0.000542745756053,0.00201510029815
0.546,0.000182587698616,0.000165285003894,0.000222467379223,0.000539530408201,0.00201012886762
0.547,0.000179035527647,0.000162069995393,0.000219398050045,0.000535740471521,0.0020019148001
0.548,0.00017554716138,0.000158894069357,0.000216388960652,0.000532201592927,0.00199495292728
0.549,0.000172057503093,0.000155753786953,0.000213376935272,0.000528343574349,0.00198608779492
0.55,0.000168638698083,0.000152652940627,0.00021042118183,0.00052473939645,0.00197853841609
0.551,0.000165288612276,0.000149589072455,0.000207544961952,0.000521527727984,0.00197297864319
0.552,0.000161968732231,0.000146560365796,0.000204708247964,0.000518358017726,0.00196748586588
0.553,0.000158645144063,0.00014356596705,0.000201855512288,0.000514790811278,0.00195962934688
0.554,0.000155357349782,0.000140606817001,0.000198995839795,0.000511017968865,0.00195010983755
0.555,0.000154266859548,0.000139604884564,0.000198791557351,0.000513889602872,0.00196564020869
0.556,0.00015384072639,0.000139220168339,0.000199429955024,0.000518794525515,0.00198883198728
0.557,0.000153448807037,0.000138901895709,0.000200106363757,0.000523483591321,0.00201049484535
0.558,0.000153168391123,0.000138638443725,0.000200934496144,0.000528973077987,0.00203607458712
0.559,0.000152866153822,0.000138416739127,0.000201752101919,0.000533971960017,0.00205870493297
0.56,0.000152691604019,0.00013823277954,0.000202735842639,0.000540052023502,0.00208689259327
0.561,0.000152484790426,0.0001380763117,0.000203681838995,0.000545574225604,0.00211191205963
0.562,0.00015234563102,0.000137944278733,0.000204726090797,0.000551686777369,0.00213987862109
0.563,0.000152250906321,0.000137831833396,0.000205844967158,0.000558209923034,0.00216987938416
0.564,0.000152186051568,0.000137734327026,0.000207042922381,0.000565151115999,0.00220181912675
0.565,0.000152108397121,0.000137650055896,0.00020821099615,0.00057177100176,0.00223204287521
0.566,0.000152041016805,0.000137576325625,0.000209417245581,0.000578548231158,0.0022629133067
0.567,0.000152031205544,0.000137512020351,0.000210735938574,0.000586076955707,0.00229759745914
0.568,0.000152001435884,0.000137455291514,0.000212035252618,0.00059335950102,0.00233088600856
0.569,0.000152001507117,0.000137405496006,0.000213389651623,0.00060099856792,0.00236595227993
0.57,0.000152026380173,0.000137361030688,0.000214818078655,0.000609086358854,0.0024031753943
0.571,0.000151937628856,0.000137320698525,0.000216062630516,0.000615704794064,0.00243271532248
0.572,0.000151042643945,0.000136520735991,0.000216209226189,0.000619571948216,0.00245204455785
0.573,0.000148056574929,0.000133790852552,0.000213437188515,0.00061559249485,0.00244121504191
0.574,0.000145096274155,0.000131107396493,0.000210651720387,0.000611259545111,0.00242845960914
0.575,0.00014211201992,0.000128463640321,0.000207795766382,0.000606122601722,0.00241135764728
0.576,0.000139250374737,0.000125855882185,0.000205150226111,0.000602299751642,0.00240095423512
0.577,0.000136387911687,0.000123280889726,0.000202460508106,0.00059796260399,0.00238889140409
0.578,0.000133513870665,0.000120735579087,0.000199718974802,0.000593056440922,0.00237540034327
0.579,0.00013068224313,0.000118219068476,0.000197020891611,0.000588311569261,0.00236277555503
0.58,0.000127872366777,0.000115729965693,0.000194329240895,0.000583458596865,0.00234949795468
0.581,0.000125101450863,0.000113267473482,0.000191700425881,0.000578883551255,0.00233745029862
0.582,0.000122334750821,0.00011083106783,0.000189014169697,0.000573905057067,0.0023228477929
0.583,0.00011962911809,0.000108420731889,0.000186437062533,0.000570039846278,0.00231135467273
0.584,0.000116963747199,0.000106036284036,0.000183882078269,0.00056692469755,0.0023003455972
0.585,0.000114306649595,0.00010367763448,0.000181336011879,0.000563734178929,0.00228873090599
0.586,0.000111717692042,0.000101345329225,0.000178910182834,0.000561240921722,0.00228107213956
0.587,0.000109146934472,9.90391866986e-05,0.000176467680642,0.000558435506041,0.00227228460083
0.588,0.000106889240316,9.67598774105e-05,0.000174603947728,0.000556182653535,0.00226657259074
0.589,0.000104882620307,9.49435396199e-05,0.000172753595697,0.000552446840562,0.0022536856397
0.59,0.000102924453429,9.32509250879e-05,0.000170961031279,0.000548981335048,0.00224234192138
0.591,0.000100995561913,9.15796343924e-05,0.000169204158169,0.000545646818333,0.00223164235714
0.592,9.91318368425e-05,8.99291254488e-05,0.000167569616084,0.000543055446839,0.00222471167113
0.593,9.72362076234e-05,8.82992156823e-05,0.000165837307502,0.000539632840239,0.00221347302374
0.594,9.53934914593e-05,8.6689491895e-05,0.000164218994215,0.000536864678697,0.00220548844184
0.595,9.35535216644e-05,8.50988571057e-05,0.000162548701938,0.000533663101379,0.00219539928232
0.596,9.17775594404e-05,8.35277888421e-05,0.000161022506594,0.000531327496921,0.00218965311621
0.597,9.00217830881e-05,8.19761384797e-05,0.000159537993852,0.000529131553609,0.00218455555797
0.598,8.82505250366e-05,8.04425680971e-05,0.000157952467131,0.0005261939842,0.00217571691517
0.599,8.65116439948e-05,7.89281707595e-05,0.000156444049468,0.000523643234376,0.00216874804567
0.6,8.47965848645e-05,7.74320526507e-05,0.00015496816745,0.000521213841382,0.00216240077672
0.601,8.30772400748e-05,7.59541120657e-05,0.000153446539611,0.000518384981197,0.00215401430394
0.602,8.14166954845e-05,7.44943525676e-05,0.000152055975569,0.000516356909109,0.00214961016661
0.603,7.9729884866e-05,7.30512135978e-05,0.000150522191496,0.000513386822517,0.00214024726235
0.604,7.80727610033e-05,7.16262562265e-05,0.000149052986105,0.000510885392283,0.00213245979494
0.605,7.64586550161e-05,7.0219408499e-05,0.000147680070474,0.000509088504679,0.00212740923432
0.606,7.48834124048e-05,6.88312310152e-05,0.000146412297235,0.000508036599893,0.00212511958433
0.607,7.32711379288e-05,6.74588936074e-05,0.000144959174319,0.000505744121814,0.00211658457002
0.608,7.16619644575e-05,6.61039100911e-05,0.000143478145016,0.000503171553925,0.00210666237792
0.609,7.00942199066e-05,6.47670672584e-05,0.000142101570538,0.000501168476905,0.00209951226948
0.61,6.85270628925e-05,6.34466878371e-05,0.000140650037505,0.000498603402774,0.00208960215795
0.611,6.70261406559e-05,6.21442693235e-05,0.000139238471473,0.000496145730187,0.00208018975555
0.612,6.61843139288e-05,6.1429362499e-05,0.00013897491213,0.000497298464752,0.00208590341521
0.613,6.59934111762e-05,6.13240932553e-05,0.000140101292435,0.000503477631298,0.00211342980474
0.614,6.58585305063e-05,6.12563033464e-05,0.000141400429334,0.000510478856951,0.00214473684487
0.615,6.57037888366e-05,6.12148499605e-05,0.000142551799083,0.000516384351566,0.00217054369924
0.616,6.56210267778e-05,6.11991005059e-05,0.000143949381295,0.00052367600363,0.00220300393984
0.617,6.55045896017e-05,6.12007751802e-05,0.000145183943492,0.00052980820221,0.00222962101692
0.618,6.54573168495e-05,6.12211386937e-05,0.000146682624451,0.000537474581148,0.00226362994177
0.619,6.53968902134e-05,6.12541766292e-05,0.000148126539625,0.000544679751818,0.00229528743665
0.62,6.53591842624e-05,6.12975272863e-05,0.000149625818586,0.00055218893065,0.00232836983024
0.621,6.53330759391e-05,6.1351917452e-05,0.000151199806166,0.0005600487738,0.00236299702293
0.622,6.53013760656e-05,6.14136971438e-05,0.000152748871163,0.000567687675415,0.00239650249931
0.623,6.52774266415e-05,6.14832137096e-05,0.000154349140252,0.000575564446684,0.00243103325492
0.624,6.52104224555e-05,6.15523477668e-05,0.000155699410214,0.000581935515,0.00245833812006
0.625,6.48577479834e-05,6.13453663795e-05,0.000156453089865,0.000586264059889,0.00247725770815
0.626,6.36113882434e-05,6.02577630608e-05,0.000155258445261,0.000583908608713,0.00246878106913
0.627,6.23436114233e-05,5.91823963784e-05,0.000153884892919,0.000580401367762,0.00245476607415
0.628,6.10897317504e-05,5.8119380895e-05,0.00015248957604,0.000576735023205,0.00243999473129
0.629,5.98633405352e-05,5.70717164553e-05,0.000151193422031,0.000573589236358,0.00242767776047
0.63,5.86429889224e-05,5.60345324297e-05,0.000149857277602,0.000570162108421,0.00241438539399
0.631,5.74263920088e-05,5.5008675891e-05,0.00014850051293,0.000566548604204,0.00240136762926
0.632,5.62373813396e-05,5.39951224231e-05,0.000147231321171,0.000563409522969,0.00239185684043
0.633,5.50703744325e-05,5.29940587454e-05,0.000146038958135,0.000560667200413,0.00238432391564
0.634,5.38751506079e-05,5.19961521777e-05,0.000144591528534,0.000556423852564,0.00236967069835
0.635,5.27126322803e-05,5.10123165195e-05,0.000143289545003,0.000552970212746,0.0023587042729
0.636,5.15552007611e-05,5.00392871816e-05,0.000141977265719,0.000549406657421,0.0023470964462
0.637,5.04256535666e-05,4.90792890526e-05,0.000140773993813,0.000546500142034,0.00233842603171
0.638,4.9302947562e-05,4.81291213191e-05,0.000139553439018,0.000543537669395,0.00232919159995
0.639,4.81934660088e-05,4.71889103803e-05,0.00013833451554,0.000540739920911,0.00231995762625
0.64,4.70916463536e-05,4.62571777442e-05,0.000137077436814,0.000537987894784,0.00230970399084
0.641,4.60261408644e-05,4.53446180722e-05,0.000136044315458,0.000536809761765,0.00230526358164
0.642,4.49447725893e-05,4.44344540456e-05,0.00013478900503,0.000534613448806,0.00229490145763
0.643,4.38664270104e-05,4.35365415408e-05,0.000133523533647,0.000532307827487,0.00228399275578
0.644,4.27992444034e-05,4.2648582304e-05,0.000132245403066,0.000529904255373,0.00227289367301
0.645,4.17611778868e-05,4.17753727955e-05,0.000131092119175,0.00052817087682,0.00226513250916
0.646,4.07348451785e-05,4.09135302206e-05,0.000129946080361,0.000526428082474,0.00225748919354
0.647,3.97208869774e-05,4.0063162015e-05,0.000128807530456,0.000524680223764,0.00225005904902
0.648,3.87449331836e-05,3.92450919417e-05,0.000127824254764,0.00052364112314,0.00224603045948
0.649,3.85895780156e-05,3.92330683017e-05,0.00012901053493,0.000529759895681,0.00227246771593
0.65,3.84633420338e-05,3.92498680836e-05,0.000130284992293,0.000536180048292,0.00230018086724
0.651,3.83774695275e-05,3.92966248514e-05,0.000131789952341,0.000543731488073,0.00233309120171
0.652,3.82839201569e-05,3.93530896095e-05,0.000133119563898,0.000550176690093,0.00236072366798
0.653,3.82198193357e-05,3.94318464887e-05,0.000134645650283,0.000557601073659,0.0023928119295
0.654,3.81720081196e-05,3.95250408103e-05,0.000136250200709,0.000565369870088,0.002426449048
0.655,3.81175643573e-05,3.96250191545e-05,0.000137768174936,0.000572552210819,0.00245724858005
0.656,3.78881483462e-05,3.95380185725e-05,0.000138688363324,0.000577288248216,0.00247764889025
0.657,3.71547851207e-05,3.89440351011e-05,0.000137698044703,0.000573736543652,0.00246208083623
0.658,3.64369950041e-05,3.83613751988e-05,0.000136817633295,0.000570758457047,0.00244912809253
0.659,3.57322826978e-05,3.7785499534e-05,0.00013598505568,0.000568044470276,0.00243742579833
0.66,3.50419459168e-05,3.72209641167e-05,0.000135261800863,0.000565889921053,0.00242828278237
0.661,3.43301138691e-05,3.66459107181e-05,0.000134221528651,0.000562009440777,0.00241133089926
0.662,3.36271068096e-05,3.60757090346e-05,0.000133189006014,0.000558169415373,0.00239490716151
0.663,3.29574428267e-05,3.55237747194e-05,0.000132438663373,0.000555846633905,0.00238604842546
0.664,3.23067403408e-05,3.49842664472e-05,0.000131833529178,0.000554285386456,0.00238129807449
0.665,3.16501404024e-05,3.44442898885e-05,0.000131102839339,0.000552026565643,0.00237404268791
0.666,3.09928794058e-05,3.39074585124e-05,0.00013031240831,0.000549414188595,0.0023655589483
0.667,3.03381657908e-05,3.33737635832e-05,0.000129477039062,0.000546539200121,0.00235597788671
0.668,2.96615764398e-05,3.28318408976e-05,0.000128347278745,0.000542053350166,0.00233886354213
0.669,2.90136240193e-05,3.23067454769e-05,0.000127454401445,0.000538850254003,0.00232763524562
0.67,2.83803970614e-05,3.17919760012e-05,0.000126656799043,0.000536155141644,0.00231871657043
0.671,2.77454363974e-05,3.12773266847e-05,0.000125755953405,0.000532904872168,0.00230723004985
0.672,2.7134427991e-05,3.07801213438e-05,0.000125075585515,0.000530858086439,0.00230118292215
0.673,2.6525888734e-05,3.02849789064e-05,0.000124332179299,0.000528540058524,0.00229367399972
0.674,2.59301618526e-05,2.980347498e-05,0.000123707027707,0.000526920775417,0.00228880522685
0.675,2.53092908997e-05,2.93060330007e-05,0.000122677173025,0.000523290274845,0.00227402105234
0.676,2.47188571652e-05,2.8830414038e-05,0.000121945268523,0.000521346818224,0.00226658545581
0.677,2.41276102158e-05,2.83548726773e-05,0.000121109340686,0.00051891062307,0.00225658843069
0.678,2.35488062991e-05,2.78902567455e-05,0.000120357341228,0.000517037485908,0.002248723033
0.679,2.29778179083e-05,2.74327031912e-05,0.000119622067459,0.000515351857207,0.0022413287419
0.68,2.24083182436e-05,2.69765332733e-05,0.000118809147891,0.000513352874293,0.0022321158086
0.681,2.18534178233e-05,2.65344221735e-05,0.000118122954644,0.000512121079273,0.0022259351013
0.682,2.12946374145e-05,2.60875837525e-05,0.000117263802971,0.000510026775675,0.00221562471921
0.683,2.07450176148e-05,2.56500118672e-05,0.000116451538332,0.000508154258108,0.0022063703988
0.684,2.02204108852e-05,2.52339899719e-05,0.000115900841224,0.000507653732696,0.00220344639063
0.685,1.96769990062e-05,2.48037979022e-05,0.000114994424223,0.000505229859072,0.00219169573764
0.686,1.91547101326e-05,2.43945962211e-05,0.000114324644647,0.000504006026801,0.00218547635317
0.687,1.88485242431e-05,2.42279842068e-05,0.000114611954022,0.000506397267926,0.00219514709394
0.688,1.87620231741e-05,2.43126690463e-05,0.000115863248955,0.000512309822831,0.00222017848955
0.689,1.86964384576e-05,2.44214699941e-05,0.000117283026834,0.000519021416823,0.00224874975651
0.69,1.86424055961e-05,2.45468512526e-05,0.000118778501969,0.000525983724696,0.0022783591063
0.691,1.85931696914e-05,2.46755142307e-05,0.000120205439821,0.000532540081367,0.00230608262161
0.692,1.85618583275e-05,2.482743789e-05,0.000121866483078,0.000540236900805,0.00233895120323
0.693,1.85304892519e-05,2.49831848499e-05,0.000123478083288,0.000547610991929,0.00237024781847
0.694,1.85055687365e-05,2.51449403613e-05,0.000125118632677,0.000555105472589,0.00240207621878
0.695,1.84798722746e-05,2.53113483402e-05,0.000126741834027,0.000562442131478,0.00243309104277
0.696,1.84520327394e-05,2.54711812905e-05,0.00012824014771,0.000569122814943,0.00246118105607
0.697,1.83560309593e-05,2.55399686956e-05,0.000129419541278,0.000574494102396,0.00248376727709
0.698,1.80049912339e-05,2.52621003089e-05,0.000128855530822,0.000572037571322,0.00247241054081
0.699,1.76596762728e-05,2.49895685795e-05,0.000128328296928,0.000569766777914,0.00246189889507
0.7,1.73070932552e-05,2.47048420869e-05,0.000127589907582,0.00056641902144,0.00244649198575
0.701,1.69662170306e-05,2.44320485142e-05,0.000126995281691,0.000563802170649,0.0024344617282
0.702,1.66277083969e-05,2.41624337732e-05,0.000126401650121,0.00056118772561,0.00242251797065
0.703,1.62906776835e-05,2.38951353927e-05,0.000125795076667,0.00055848802934,0.00241080258736
0.704,1.59618854569e-05,2.36343286795e-05,0.000125260737489,0.000556164596423,0.0024015927014
0.705,1.5635105572e-05,2.33751009703e-05,0.00012471064188,0.000553756612344,0.00239305250024
0.706,1.53113016103e-05,2.31191231085e-05,0.000124167473644,0.000551370141596,0.00238503760507
0.707,1.49885394187e-05,2.28613409398e-05,0.000123570323226,0.0005487146875,0.00237578981442
0.708,1.46661372464e-05,2.2600977677e-05,0.000122907024901,0.000545724475717,0.00236502590141
0.709,1.43505209735e-05,2.23497711187e-05,0.000122330491224,0.000543161071767,0.00235620463878
0.71,1.40297522776e-05,2.20880950197e-05,0.000121575542265,0.000539683447341,0.00234323488703
0.711,1.3722684419e-05,2.1847123412e-05,0.000121060152948,0.00053744163994,0.00233583420044
0.712,1.3410918308e-05,2.15963254372e-05,0.000120375886402,0.000534407316187,0.00232459469418
0.713,1.31029624876e-05,2.13460286458e-05,0.000119675226552,0.000531376291377,0.0023130566717
0.714,1.27971693115e-05,2.1099949993e-05,0.000118980020607,0.000528459454732,0.0023017267354
0.715,1.24997447027e-05,2.08639092696e-05,0.000118387935993,0.000526152498344,0.00229291133396
0.716,1.2205680628e-05,2.06314449241e-05,0.000117803904312,0.000524024775119,0.00228443702745
0.717,1.19117987383e-05,2.0393818043e-05,0.00011712594383,0.000521534577186,0.00227399303166
0.718,1.16279127913e-05,2.01732410325e-05,0.000116624428337,0.000519989924848,0.00226770504541
0.719,1.13433348201e-05,1.99464624969e-05,0.000116012483221,0.000517993779126,0.00225899567577
0.72,1.1062197571e-05,1.97214172358e-05,0.000115391505212,0.000516047440984,0.00225014070856
0.721,1.07858134298e-05,1.9504408112e-05,0.000114827257616,0.000514454962712,0.00224261325983
0.722,1.05089033299e-05,1.92799583747e-05,0.000114142181958,0.000512398758328,0.00223255150288
0.723,1.02391226879e-05,1.90686241432e-05,0.000113575329368,0.000510942449864,0.00222522929968
0.724,9.97140975394e-06,1.8854066137e-05,0.000112944830621,0.000509245171398,0.00221666249261
0.725,9.70418128748e-06,1.86363704919e-05,0.00011223777233,0.000507191289981,0.00220645369426
0.726,9.4453159604e-06,1.84340148096e-05,0.000111677991759,0.00050590142486,0.0021997721182
0.727,9.18539689359e-06,1.82211081487e-05,0.000110965879593,0.000503840566083,0.0021895993044
0.728,8.93071303045e-06,1.8017730678e-05,0.000110324485886,0.000502124242638,0.00218098848866
0.729,8.67950373266e-06,1.7818321258e-05,0.0001096921697,0.000500457203547,0.00217265360442
0.73,8.4345398253e-06,1.76254629074e-05,0.000109114233941,0.000499056655,0.00216565398125
0.731,8.19199340171e-06,1.74363276009e-05,0.000108533240429,0.000497615985621,0.00215852609131
0.732,7.95893342863e-06,1.72669764161e-05,0.00010814826512,0.000497136189432,0.00215573366027
0.733,7.72488996694e-06,1.70883241649e-05,0.000107625067588,0.000495935947816,0.00214973834598
0.734,7.48861678954e-06,1.68895106031e-05,0.000106862639614,0.000493534020021,0.00213842189793
0.735,7.26436873629e-06,1.67244725316e-05,0.000106437863871,0.00049278848087,0.00213451543069
0.736,7.04534267638e-06,1.65705303919e-05,0.000106105053949,0.000492436937903,0.00213233382826
0.737,6.82690910895e-06,1.64088943031e-05,0.00010566889307,0.000491500824213,0.00212757985697
0.738,6.6132973523e-06,1.62547379346e-05,0.00010528368056,0.000490776335546,0.00212384086356
0.739,6.39715112022e-06,1.60766583703e-05,0.000104639863217,0.00048866735878,0.00211399445451
0.74,6.18606567939e-06,1.59058022609e-05,0.000104072932592,0.000486826612096,0.00210540999006
0.741,5.9802749184e-06,1.57529326634e-05,0.000103677221282,0.000485609694658,0.00209960027381
0.742,5.77925404324e-06,1.56061692939e-05,0.000103355156183,0.000484594250205,0.00209476065042
0.743,5.57804956101e-06,1.54437475561e-05,0.000102857336972,0.000482619031313,0.00208568311293
0.744,5.38501625682e-06,1.53063363743e-05,0.000102636659319,0.00048176808919,0.00208159214753
0.745,5.19521238869e-06,1.51680107983e-05,0.000102434705975,0.000480705819866,0.0020765293857
0.746,5.00856840074e-06,1.50140596363e-05,0.000102110778999,0.000478723325889,0.00206735663955
0.747,4.89681495156e-06,1.50155401484e-05,0.000102631309028,0.000480733021764,0.00207526462043
0.748,4.85345097941e-06,1.51527139938e-05,0.000103819273038,0.000486009614401,0.00209708209087
0.749,4.82119013284e-06,1.53243032393e-05,0.000105276026158,0.000492552407845,0.00212442194198
0.75,4.79355357648e-06,1.55017754642e-05,0.000106731982026,0.000499027653759,0.00215140542586
0.751,4.77099577249e-06,1.56904285352e-05,0.000108253817614,0.000505768965098,0.00217952030071
0.752,4.75212934138e-06,1.58817547421e-05,0.000109773957716,0.000512466296597,0.00220745771318
0.753,4.73618320009e-06,1.60850664424e-05,0.000111363433878,0.000519471605669,0.00223666613626
0.754,4.72563141811e-06,1.63089675706e-05,0.000113132939699,0.000527302932644,0.00226953153343
0.755,4.71671461076e-06,1.65375430911e-05,0.000114918954825,0.00053521797433,0.00230263411129
0.756,4.71090651755e-06,1.67785943027e-05,0.000116813717282,0.000543633380126,0.00233796152693
0.757,4.70228277698e-06,1.69997203727e-05,0.000118493782772,0.000550971316164,0.002368528782
0.758,4.69318062459e-06,1.72100614775e-05,0.000120065215229,0.000557761103218,0.00239666597641
0.759,4.6898759693e-06,1.74613880162e-05,0.000122007212749,0.000566328753167,0.00243257283786
0.76,4.68535277511e-06,1.77014569791e-05,0.000123832423056,0.000574313178152,0.00246592301186
0.761,4.67964509763e-06,1.79332072221e-05,0.000125566255448,0.000581835709193,0.00249717273399
0.762,4.67897338436e-06,1.82029693889e-05,0.000127644737363,0.000591015727447,0.00253565807241
0.763,4.67766915872e-06,1.84696603783e-05,0.000129680772644,0.000599975568441,0.00257314766889
0.764,4.58932586168e-06,1.83889990748e-05,0.000129230696622,0.000597311074938,0.00256066507963
0.765,4.50328017818e-06,1.83368650687e-05,0.000129067157267,0.000596027018825,0.00255424463301
0.766,4.41145822584e-06,1.82254180469e-05,0.000128350571223,0.000592136267915,0.00253635783694
0.767,4.32200985341e-06,1.81285313432e-05,0.000127760406045,0.000588839497192,0.00252128202808
0.768,4.23167978598e-06,1.80195289238e-05,0.000127052338665,0.00058497573035,0.00250421912213
0.769,4.14537664571e-06,1.79325532559e-05,0.000126549256739,0.000582106408077,0.00249296857167
0.77,4.05997768657e-06,1.78496864201e-05,0.000126075482912,0.000579382478579,0.00248331168831
0.771,3.97717570151e-06,1.77837514867e-05,0.00012575048152,0.000577371616115,0.00247669739603
0.772,3.89313902037e-06,1.76962505527e-05,0.000125230448509,0.000574461904453,0.00246613748576
0.773,3.80805915643e-06,1.75947728654e-05,0.000124574482452,0.00057096435575,0.00245275103615
0.774,3.72446502156e-06,1.75004915714e-05,0.000123974337543,0.00056772983,0.00244056300663
0.775,3.64301177091e-06,1.7415293993e-05,0.000123457537548,0.000564954829838,0.00243040257934
0.776,3.56149053349e-06,1.73274536881e-05,0.000122907311225,0.00056218992663,0.00241973740557
0.777,3.48219334221e-06,1.72506819503e-05,0.000122455446665,0.000560049456576,0.00241145597803
0.778,3.4008953225e-06,1.71449713793e-05,0.000121739709799,0.00055678965611,0.0023980704762
0.779,3.32304540842e-06,1.70687450228e-05,0.000121279271705,0.000554927759804,0.00239025505694
0.78,3.24327490905e-06,1.69574843885e-05,0.000120509335454,0.000551729399864,0.00237627263112
0.781,3.16575486701e-06,1.68637737289e-05,0.000119887458769,0.000549401221882,0.00236558234929
0.782,3.08866430913e-06,1.67637651389e-05,0.00011920856046,0.000546898500904,0.0023539428437
0.783,3.01228942303e-06,1.66615035888e-05,0.000118504580857,0.000544354958552,0.00234206021771
0.784,2.93756048367e-06,1.6566071268e-05,0.000117859726145,0.000542178351059,0.00233160437736
0.785,2.86458734335e-06,1.64817877701e-05,0.000117308882359,0.000540486611668,0.00232310458101
0.786,2.793048389e-06,1.6405020806e-05,0.000116813341315,0.000539097729922,0.00231584789701
0.787,2.71873195732e-06,1.62852318353e-05,0.00011593991558,0.000535958427615,0.0023009267348
0.788,2.64874017378e-06,1.62085165732e-05,0.000115434450587,0.000534574524996,0.00229379653098
0.789,2.58086088219e-06,1.61515089738e-05,0.000115085843048,0.000533945292609,0.00229002753735
0.79,2.51312466774e-06,1.60868960769e-05,0.000114664638365,0.000532940016017,0.00228476916211
0.791,2.44777246665e-06,1.60406976609e-05,0.000114398904243,0.000532703735798,0.00228292478093
0.792,2.38004826849e-06,1.59492278352e-05,0.000113742505846,0.000530597033064,0.0022730317877
0.793,2.31283802521e-06,1.58526563734e-05,0.000113039747475,0.000528256178053,0.00226225947152
0.794,2.24707151648e-06,1.57634575994e-05,0.00011239395974,0.000526203328864,0.00225279981328
0.795,2.18255497487e-06,1.56807465925e-05,0.000111796973124,0.00052436679616,0.00224442669765
0.796,2.11850849291e-06,1.55914250503e-05,0.000111140397275,0.000522244999306,0.00223492452158
0.797,2.05755364155e-06,1.55307006925e-05,0.000110722184672,0.000521274511564,0.0022305086748
0.798,1.99497163796e-06,1.54343953335e-05,0.000109998053213,0.00051883842126,0.002219732863
0.799,1.93463739272e-06,1.53594743387e-05,0.000109451507481,0.000517242337898,0.00221262527377
0.8,1.87511437019e-06,1.5281092754e-05,0.000108872605238,0.000515502774267,0.00220486353775
0.801,1.81713259863e-06,1.52162273731e-05,0.000108399375582,0.000514253563505,0.00219923417669
0.802,1.7597475194e-06,1.51463702446e-05,0.000107881071011,0.000512763818915,0.00219257206046
0.803,1.70448720246e-06,1.5099167744e-05,0.000107545361908,0.000512146016508,0.0021898062784
0.804,1.64930686346e-06,1.50347879703e-05,0.000107064928496,0.000510825049754,0.00218399134369
0.805,1.59544294953e-06,1.49798943681e-05,0.000106654980551,0.000509837485088,0.00217963898333
0.806,1.54303056944e-06,1.49366877641e-05,0.000106339941612,0.000509299559322,0.00217727526196
0.807,1.49041679273e-06,1.48721642531e-05,0.000105855938039,0.000507888314988,0.00217113531513
0.808,1.43840860784e-06,1.47976497059e-05,0.000105296354065,0.000506105756277,0.00216337616525
0.809,1.38797729479e-06,1.47389114031e-05,0.000104876331031,0.000504904254432,0.00215799628292
0.81,1.33952729516e-06,1.47051703285e-05,0.000104668444881,0.00050464634748,0.00215677039844
0.811,1.29007058493e-06,1.46227746727e-05,0.00010410061416,0.000502532792409,0.00214759303146
0.812,1.27465349834e-06,1.47789699069e-05,0.000105165667055,0.000507453203204,0.00216780942237
0.813,1.26446153869e-06,1.49707628165e-05,0.000106486324096,0.000513460099646,0.00219262511916
0.814,1.25692323119e-06,1.5200669829e-05,0.000108092085882,0.000520773032469,0.00222301001751
0.815,1.25045481698e-06,1.54293196961e-05,0.000109679621718,0.000527918356881,0.00225263688686
0.816,1.24461395767e-06,1.56449549396e-05,0.000111158952871,0.00053450141172,0.00227980402735
0.817,1.2404142513e-06,1.5891997837e-05,0.000112869953963,0.000542146505746,0.00231148617825
0.818,1.23727884076e-06,1.61554848969e-05,0.00011470131827,0.000550290234991,0.00234524700509
0.819,1.23366449293e-06,1.63878492542e-05,0.000116290668608,0.000557255048085,0.0023739925664
0.82,1.23123454437e-06,1.66506165643e-05,0.000118102264,0.00056528104581,0.00240720188085
0.821,1.22921710156e-06,1.69179789591e-05,0.000119947792477,0.000573421156235,0.0024408917014
0.822,1.2265801193e-06,1.71576990737e-05,0.000121577084744,0.00058048953878,0.0024699297644
0.823,1.2235756784e-06,1.73836835619e-05,0.000123097800641,0.000587001447665,0.00249656468615
0.824,1.22191337658e-06,1.76443319051e-05,0.00012488167405,0.000594771100949,0.00252858539477
0.825,1.22165317483e-06,1.79498105628e-05,0.0001270067436,0.000604166595974,0.00256756206687
0.826,1.22105285417e-06,1.82424250424e-05,0.000129025936095,0.000612998998439,0.00260413144546
0.827,1.21958427908e-06,1.85121285641e-05,0.000130864951896,0.000620967171003,0.00263695769293
0.828,1.19826740751e-06,1.84999943773e-05,0.000130732461109,0.000619490176969,0.00262969520872
0.829,1.17545039873e-06,1.84707172515e-05,0.00013047900093,0.000617432782999,0.00261988973034
0.83,1.15168372573e-06,1.83989594133e-05,0.000129898546203,0.000613820826733,0.00260341363709
0.831,1.12853294971e-06,1.83454205798e-05,0.000129455254354,0.000610858504653,0.00258984395137
0.832,1.1053249285e-06,1.82777554938e-05,0.000128903518024,0.000607393567055,0.00257462389125
0.833,1.08267527064e-06,1.82155022867e-05,0.000128397684461,0.000604133300849,0.00256182355695
0.834,1.0586805604e-06,1.80976552584e-05,0.000127466067085,0.000598887849774,0.00254156860647
0.835,1.03726925108e-06,1.80652083745e-05,0.000127183946907,0.000596741964109,0.00253455330505
0.836,1.01583210762e-06,1.80279745866e-05,0.000126865352611,0.00059441363383,0.00252680869252
0.837,9.93996996391e-07,1.79675172177e-05,0.000126368235734,0.000591275471484,0.00251548594844
0.838,9.72281910075e-07,1.79016691425e-05,0.000125830260424,0.000587960842737,0.00250335998589
0.839,9.51528225811e-07,1.78598798053e-05,0.000125477292636,0.000585594449937,0.0024951927537
0.84,9.29481195325e-07,1.77655481576e-05,0.000124721612834,0.00058145423626,0.00247907552964
0.841,9.08559455362e-07,1.7704907349e-05,0.000124222367612,0.000578767771177,0.00246855801342
0.842,8.87895713533e-07,1.76380123272e-05,0.000123678272995,0.000576070957768,0.00245762506845
0.843,8.68010150182e-07,1.76007441229e-05,0.000123353829607,0.000574550251106,0.00245144430836
0.844,8.47965057634e-07,1.75534964349e-05,0.000122947294613,0.000572779754719,0.00244372818679
0.845,8.27432983063e-07,1.74681247595e-05,0.000122260036937,0.000569832118052,0.00243078771349
0.846,8.06915561518e-07,1.73708700075e-05,0.000121485935716,0.000566542402627,0.00241624308905
0.847,7.87494665209e-07,1.73110702545e-05,0.000120989324483,0.000564636466131,0.00240748882356
0.848,7.68150640438e-07,1.72471160437e-05,0.000120463098963,0.000562675880744,0.00239824644484
0.849,7.48904774655e-07,1.71742667964e-05,0.000119869578951,0.000560490302331,0.00238788190061
0.85,7.30060416707e-07,1.71078609085e-05,0.000119322937365,0.000558548877703,0.00237850933155
0.851,7.10946484992e-07,1.7015762167e-05,0.000118585159761,0.000555771338244,0.00236551435711
0.852,6.92060081362e-07,1.69227500258e-05,0.000117842319423,0.000552965426975,0.00235255043086
0.853,6.73567831752e-07,1.68357615944e-05,0.000117144925965,0.000550421503794,0.00234075141864
0.854,6.5612046366e-07,1.67935522865e-05,0.000116775471799,0.000549429716166,0.00233559806311
0.855,6.38346339005e-07,1.6725105599e-05,0.000116211082939,0.000547497820254,0.00232662583624
0.856,6.24992140737e-07,1.6720471816e-05,0.000116083138099,0.000547307418058,0.00232500241589
0.857,6.22070596318e-07,1.69403009198e-05,0.000117540568567,0.000553786927371,0.00235162048685
0.858,6.19566880341e-07,1.71710522641e-05,0.000119071775679,0.000560515998995,0.00237930295653
0.859,6.17548263503e-07,1.74184944512e-05,0.000120719112882,0.000567752683491,0.00240912969524
0.86,6.16163025559e-07,1.76946027972e-05,0.000122569330898,0.000575896768679,0.00244279907529
0.861,6.14818617742e-07,1.7963871149e-05,0.000124366749882,0.000583749370711,0.00247517214718
0.862,6.1353211711e-07,1.82225383611e-05,0.000126086730155,0.000591215578847,0.00250586698121
0.863,6.12791848575e-07,1.85091671449e-05,0.000128006731382,0.000599579863204,0.0025403527502
0.864,6.11485540576e-07,1.87542205566e-05,0.000129622794187,0.000606505908248,0.00256867380284
0.865,6.11211248566e-07,1.90699923728e-05,0.000131747493382,0.000615766215653,0.00260696846618
0.866,6.01682061578e-07,1.908724372e-05,0.000131796154157,0.000615182840305,0.00260348812525
0.867,5.89889526219e-07,1.90212885366e-05,0.000131267734703,0.000611888816297,0.0025884562847
0.868,5.78347124055e-07,1.89690312785e-05,0.0001308352505,0.000609057624456,0.00257540357247
0.869,5.66968550678e-07,1.89235686724e-05,0.000130449947083,0.000606463034688,0.00256341641704
0.87,5.55983822679e-07,1.88981914975e-05,0.000130208813096,0.000604534175844,0.00255439313922
0.871,5.44847126903e-07,1.88458703517e-05,0.000129776593483,0.00060174222122,0.00254215695022
0.872,5.34130417636e-07,1.88190644591e-05,0.00012952703992,0.000599783355658,0.0025342050303
0.873,5.23490731845e-07,1.87955725103e-05,0.000129298058192,0.000597931285193,0.00252749418552
0.874,5.12057366955e-07,1.86993726252e-05,0.000128550878015,0.000593668842163,0.00251124782694
0.875,5.01595997081e-07,1.86690408654e-05,0.000128272947573,0.000591593336778,0.00250449945261
0.876,4.91127792954e-07,1.86286998144e-05,0.000127926379049,0.00058921883983,0.00249646103978
0.877,4.80707980288e-07,1.85825159692e-05,0.000127536485173,0.000586656068074,0.00248763332272
0.878,4.7045127385e-07,1.85404194849e-05,0.000127177308175,0.000584253696517,0.00247948370517
0.879,4.59889928088e-07,1.84619192991e-05,0.000126560246731,0.000580689090246,0.00246635464417
0.88,4.49590725993e-07,1.84043039569e-05,0.000126087829944,0.000577799136744,0.00245605749493
0.881,4.39728968677e-07,1.83711226642e-05,0.000125790178785,0.000575783767374,0.00244936455055
0.882,4.29863899265e-07,1.83273806218e-05,0.000125417449496,0.000573567804675,0.00244122706047
0.883,4.19961328023e-07,1.82679695249e-05,0.000124934294798,0.000571015731835,0.00243124485591
0.884,4.09959401709e-07,1.81948011474e-05,0.000124352952168,0.000568080458722,0.00241969318926
0.885,4.00058467194e-07,1.81187975239e-05,0.000123751641577,0.000565158402862,0.00240789304439
0.886,3.90738699226e-07,1.80842682737e-05,0.00012344368827,0.000563684621914,0.00240205700603
0.887,3.80940630864e-07,1.79935397656e-05,0.000122736909974,0.000560447728429,0.00238858608693
0.888,3.71807905083e-07,1.79597424633e-05,0.000122429148066,0.000559081272242,0.00238301156274
0.889,3.62282967748e-07,1.78763260841e-05,0.000121771011754,0.000556165623079,0.00237065589481
0.89,3.57937085004e-07,1.80101003244e-05,0.000122612336135,0.00055978464912,0.00238574410234
0.891,3.56694466167e-07,1.8264008652e-05,0.000124278058115,0.000566885652395,0.00241534806884
0.892,3.5569431516e-07,1.85319650443e-05,0.000126038206627,0.000574395749451,0.0024465921655
0.893,3.54961118177e-07,1.88145014889e-05,0.000127899009317,0.000582358723379,0.00247967745741
0.894,3.53760945394e-07,1.90452580991e-05,0.000129391374077,0.000588587148646,0.00250529091051
0.895,3.5330690967e-07,1.93471680958e-05,0.000131382296696,0.000597108558809,0.0025406508876
0.896,3.52461752822e-07,1.96025235487e-05,0.000133044172671,0.000604097925625,0.00256939191898
0.897,3.51631278404e-07,1.98516558953e-05,0.000134662518707,0.000610876017968,0.00259724474677
0.898,3.47568509028e-07,1.99369804544e-05,0.000135173289639,0.000612575283075,0.00260333287822
0.899,3.40798315876e-07,1.98743411028e-05,0.000134678489374,0.000609691665375,0.00258980950628
0.9,3.3411083659e-07,1.98141652884e-05,0.000134201147036,0.000606889113086,0.0025766468703
0.901,3.27363814266e-07,1.97376100791e-05,0.000133611008442,0.000603603101576,0.00256139689585
0.902,3.20451400811e-07,1.96269644073e-05,0.000132784291701,0.000599252029626,0.00254175031045
0.903,3.13942060721e-07,1.95562757699e-05,0.000132237051554,0.000596164521219,0.00252776241136
0.904,3.07317290187e-07,1.94672914599e-05,0.000131560508243,0.000592489864166,0.00251200350867
0.905,3.01184156123e-07,1.94337971856e-05,0.000131269422656,0.000590574728527,0.00250443490564
0.906,2.94805513052e-07,1.93516836682e-05,0.00013064423938,0.000587146988655,0.00249086470056
0.907,2.8854546948e-07,1.92805928343e-05,0.000130096600187,0.000584062801686,0.00247931971327
0.908,2.8211652407e-07,1.91713478181e-05,0.000129286495946,0.000579823567976,0.00246318100193
0.909,2.75721293586e-07,1.90601620006e-05,0.00012846135444,0.000575525041943,0.00244680456837
0.91,2.6983149479e-07,1.90064038208e-05,0.000128033812769,0.000573104169829,0.00243823477862
0.911,2.63850000646e-07,1.89365241849e-05,0.000127492843769,0.000570203512397,0.0024275550023
0.912,2.58043873184e-07,1.88929406066e-05,0.000127130523816,0.000568111036364,0.00242031924483
0.913,2.52257833401e-07,1.88325383788e-05,0.000126657136852,0.000565612584173,0.00241119392723
0.914,2.46675151611e-07,1.88010570223e-05,0.000126380988212,0.000564065408172,0.00240591700208
0.915,2.40922314932e-07,1.87281974822e-05,0.000125820042815,0.000561301242549,0.00239538915708
0.916,2.3536717194e-07,1.86744444427e-05,0.000125391584057,0.00055919716076,0.00238755390868
0.917,2.29977865122e-07,1.86349572455e-05,0.000125061558165,0.000557609160276,0.00238176779779
0.918,2.24290421933e-07,1.85453426825e-05,0.000124384976514,0.000554550586207,0.00236943697786
0.919,2.18856621663e-07,1.84799750391e-05,0.000123875667779,0.00055230537234,0.00236051840637
0.92,2.1328204609e-07,1.83766232842e-05,0.00012310786795,0.000548954440136,0.00234679192607
0.921,2.07923770346e-07,1.8299752432e-05,0.000122520070448,0.000546472268908,0.00233656215569
0.922,2.02713467632e-07,1.82371829171e-05,0.000122029584702,0.000544503773914,0.00232829893477
0.923,1.97501856625e-07,1.81596123421e-05,0.000121437944134,0.000542184712773,0.00231838076787
0.924,1.92382204359e-07,1.80912699312e-05,0.00012090946841,0.000540199217625,0.00230980452802
0.925,1.87397971179e-07,1.80356790997e-05,0.000120467234317,0.000538658289063,0.00230301219538
0.926,1.82340233637e-07,1.79525768587e-05,0.000119837056624,0.000536313644418,0.00229270028094
0.927,1.77572472353e-07,1.79101970204e-05,0.000119485714691,0.000535274461132,0.0022878742683
0.928,1.72851468169e-07,1.78695200288e-05,0.00011914428144,0.000534304567335,0.00228326755404
0.929,1.68153154033e-07,1.78207192439e-05,0.000118746127086,0.000533125871967,0.00227761824964
0.93,1.63531492247e-07,1.77730806784e-05,0.00011835927322,0.000531995645179,0.00227215520407
0.931,1.58753070208e-07,1.7677380233e-05,0.000117649440129,0.000529439679314,0.00226057892585
0.932,1.54273677073e-07,1.76273564738e-05,0.000117250688455,0.000528326568064,0.00225519745114
0.933,1.4967024554e-07,1.75324714048e-05,0.00011654863717,0.000525850976693,0.00224401400422
0.934,1.45340907959e-07,1.74936761565e-05,0.000116224141947,0.000525087474754,0.00224018675323
0.935,1.40916871117e-07,1.74124317436e-05,0.000115615961488,0.000523028211797,0.00223089588623
0.936,1.36604051564e-07,1.73400805615e-05,0.000115070435892,0.000521308565363,0.00222305461211
0.937,1.3231286934e-07,1.72504527725e-05,0.000114409433849,0.000519052850598,0.00221304357221
0.938,1.28025658479e-07,1.71505478256e-05,0.000113679355172,0.000516453360018,0.00220157899811
0.939,1.23979696093e-07,1.70960952919e-05,0.000113259559368,0.000515251152104,0.00219608436321
0.94,1.20880268245e-07,1.71223342979e-05,0.000113377853787,0.000516241162669,0.00219981569221
0.941,1.20053762879e-07,1.73577774803e-05,0.000114885394698,0.000522842724746,0.00222712068648
0.942,1.19337079015e-07,1.75881151276e-05,0.000116360234087,0.000529226958281,0.00225343652166
0.943,1.18815080137e-07,1.78565870546e-05,0.000118086944588,0.000536730860805,0.00228442479637
0.944,1.18305415793e-07,1.80982539769e-05,0.000119635096191,0.000543389996348,0.00231173348965
0.945,1.17808681373e-07,1.83377848289e-05,0.000121166268713,0.000549901837773,0.00233849515204
0.946,1.17655891894e-07,1.8664396259e-05,0.000123281684822,0.00055904621146,0.00237639023309
0.947,1.17274948825e-07,1.89182756366e-05,0.000124907032763,0.000565948810899,0.00240464187633
0.948,1.17013952451e-07,1.91965329968e-05,0.000126695133711,0.000573535520864,0.00243589125155
0.949,1.1673185369e-07,1.94602296901e-05,0.000128386305024,0.00058066493578,0.00246513570577
0.95,1.16553090335e-07,1.97527486562e-05,0.000130270611504,0.000588689130254,0.00249806686
0.951,1.16360449933e-07,2.00346557349e-05,0.000132082620078,0.00059637171995,0.00252958645162
0.952,1.16121750002e-07,2.03006137202e-05,0.000133786265602,0.000603529085541,0.00255886015207
0.953,1.15965989772e-07,2.06005076078e-05,0.00013571383327,0.000611687641302,0.00259236819026
0.954,1.15374305452e-07,2.08145810728e-05,0.000137076593203,0.000617275823146,0.00261491108733
0.955,1.1305743573e-07,2.07305398727e-05,0.00013647187617,0.00061389158824,0.00259942102446
0.956,1.10797180237e-07,2.06526985048e-05,0.00013591031611,0.000610762015443,0.00258495458064
0.957,1.08615874387e-07,2.05906152351e-05,0.000135455642218,0.000608108020059,0.00257256067941
0.958,1.06475202112e-07,2.05446951351e-05,0.00013510637619,0.000605904185014,0.00256231450843
0.959,1.04269756099e-07,2.04654378209e-05,0.00013453549812,0.000602694418519,0.00254843861012
0.96,1.02093096474e-07,2.0378859545e-05,0.000133917039066,0.000599300368085,0.00253487776028
0.961,1.00052706029e-07,2.03490791678e-05,0.000133673567469,0.000597577166241,0.00252948078234
0.962,9.78715831207e-08,2.0256015089e-05,0.000133011051909,0.000593981896521,0.0025162576623
0.963,9.58761751971e-08,2.02220702565e-05,0.000132742474912,0.000592184120973,0.00251060302966
0.964,9.37981220643e-08,2.01424186368e-05,0.000132170374405,0.000589007566294,0.00249917443436
0.965,9.16631080784e-08,2.00238283432e-05,0.00013134043464,0.000584747591087,0.00248301150901
0.966,8.96444521281e-08,1.99567791801e-05,0.000130852605365,0.000582097632198,0.00247339604751
0.967,8.75712147825e-08,1.98448332224e-05,0.000130068447139,0.00057825967863,0.00245849401789
0.968,8.55723046106e-08,1.97616099638e-05,0.000129473370248,0.00057539243415,0.00244736767065
0.969,8.3601992265e-08,1.96806888245e-05,0.000128894252581,0.000572682236299,0.00243684441383
0.97,8.16882610901e-08,1.96196014758e-05,0.000128445521599,0.000570673744686,0.00242902953984
0.971,7.97271011282e-08,1.95227503335e-05,0.000127761461828,0.000567787516244,0.00241714514832
0.972,7.77775129571e-08,1.94136899573e-05,0.000126997212119,0.000564714695038,0.00240415546058
0.973,7.59212538329e-08,1.93356123949e-05,0.000126438979735,0.000562728978752,0.00239531685727
0.974,7.40985517732e-08,1.9274613579e-05,0.000125992206984,0.000561253708309,0.00238864829216
0.975,7.22352279096e-08,1.91747849909e-05,0.000125288632811,0.000558702954278,0.00237733644153
0.976,7.03496380223e-08,1.90574145554e-05,0.000124469507693,0.000555756990835,0.00236396798129
0.977,6.86048897828e-08,1.8996306797e-05,0.000124023578346,0.000554526731947,0.00235772088209
0.978,6.67992880407e-08,1.88924901137e-05,0.000123294384426,0.000552034020072,0.00234613682064
0.979,6.51180435916e-08,1.8840974371e-05,0.000122909889703,0.000551132756384,0.0023413358391
0.98,6.33842881322e-08,1.8747853328e-05,0.000122251951478,0.000549028842362,0.00233158424276
0.981,6.16642640806e-08,1.86492331823e-05,0.000121558883717,0.000546816281245,0.00232131924537
0.982,5.9980022823e-08,1.85566530771e-05,0.000120906094536,0.000544779131186,0.00231188256979
0.983,5.82822893567e-08,1.84457512934e-05,0.000120129942626,0.000542257586121,0.00230016835585
0.984,5.66919153489e-08,1.83798794156e-05,0.000119652465647,0.000541106967059,0.00229431291743
0.985,5.50933311682e-08,1.83012004894e-05,0.000119095495452,0.000539574787874,0.00228686536676
0.986,5.34618929978e-08,1.81827895052e-05,0.000118278891171,0.00053686741963,0.00227453114917
0.987,5.18555275263e-08,1.80702494332e-05,0.000117503999893,0.000534312182434,0.00226292023495
0.988,5.03434038766e-08,1.79958663231e-05,0.000116988547311,0.000532935893743,0.00225632377404
0.989,4.88398888309e-08,1.79151494901e-05,0.000116432008322,0.00053134788266,0.00224895568905
0.99,4.73293977654e-08,1.78166528461e-05,0.000115759418431,0.00052922517869,0.00223935308121
0.991,4.58603431947e-08,1.77267924636e-05,0.000115143505848,0.000527375528889,0.002231021492
0.992,4.44023234911e-08,1.76247727251e-05,0.000114449468377,0.00052521093848,0.00222137092906
0.993,4.2991605778e-08,1.75489781347e-05,0.000113928550107,0.000523784167452,0.00221493839274
0.994,4.15900816537e-08,1.74567764099e-05,0.000113304729732,0.000521893074503,0.00220653102092
0.995,4.02643013691e-08,1.74038015071e-05,0.000112953311652,0.000521169621491,0.00220318445978
0.996,3.88811665252e-08,1.72918998063e-05,0.000112223989274,0.000518693019666,0.0021924503595
0.997,3.75594665533e-08,1.72020765193e-05,0.00011165451402,0.000516921708643,0.00218462908024
0.998,3.62754068907e-08,1.71272829052e-05,0.000111187058444,0.000515591302037,0.00217876393825
0.999,3.50171506067e-08,1.70545364549e-05,0.000110740981197,0.000514341604473,0.00217325816819
1,3.37321161448e-08,1.69384199593e-05,0.000110017050663,0.000511791951487,0.00216222055638
1.001,3.249784179e-08,1.68429666664e-05,0.000109439117143,0.000509889597522,0.00215389871868
1.002,3.12989992264e-08,1.67560386208e-05,0.000108925927264,0.000508254751246,0.00214677995188
1.003,3.01064102625e-08,1.66568707128e-05,0.000108340957359,0.000506281780056,0.00213822096817
1.004,2.89481209761e-08,1.65632371593e-05,0.000107805030388,0.000504492173539,0.00213040174844
1.005,2.78322191225e-08,1.64902492487e-05,0.000107417322862,0.000503360516279,0.00212535996742
1.006,2.66877214635e-08,1.63653855079e-05,0.000106688570285,0.00050062433221,0.00211348112623
1.007,2.63343944012e-08,1.65660081767e-05,0.000107999751443,0.000506604296523,0.00213799233993
1.008,2.61057835527e-08,1.68120953157e-05,0.000109590749001,0.000513754813256,0.00216747760223
1.009,2.58966404098e-08,1.70308726856e-05,0.000111002073292,0.000519981923569,0.00219295976641
1.01,2.57320792806e-08,1.72783164206e-05,0.000112592799551,0.000526963615226,0.0022216226919
1.011,2.55617334226e-08,1.74961246012e-05,0.000113980109589,0.000532954891356,0.00224608471219
1.012,2.54405561603e-08,1.77565598644e-05,0.000115641678064,0.000540187264803,0.00227573422229
1.013,2.53497499696e-08,1.80317590176e-05,0.000117401669427,0.000547827513416,0.00230708583048
1.014,2.52552174065e-08,1.82846778898e-05,0.000119015090668,0.000554759139612,0.00233542816922
1.015,2.51705723874e-08,1.85364023448e-05,0.000120621167756,0.000561645200117,0.00236344779401
1.016,2.51155567021e-08,1.88204077408e-05,0.000122435129548,0.000569448784086,0.00239542003246
1.017,2.50736185967e-08,1.91257381964e-05,0.000124386351371,0.000577880517336,0.00242996206953
1.018,2.50228286417e-08,1.94036627314e-05,0.000126158207084,0.000585488986249,0.00246100809684
1.019,2.49397851722e-08,1.96415740693e-05,0.00012766104005,0.000591836474093,0.00248680420434
1.02,2.49246671188e-08,1.99682535377e-05,0.000129750194114,0.000600844828066,0.00252371974149
1.021,2.48944832879e-08,2.02655182667e-05,0.000131646382603,0.000608963237936,0.00255693045143
1.022,2.48723464163e-08,2.05875472707e-05,0.000133701133283,0.000617764315553,0.00259302879139
1.023,2.48640722635e-08,2.09300711281e-05,0.000135886376941,0.000627149833154,0.00263152387516
1.024,2.46092657464e-08,2.10483710376e-05,0.00013661618583,0.00062977453642,0.00264155553586
1.025,2.40947330614e-08,2.09395157701e-05,0.000135870957968,0.000625530623515,0.00262277732862
1.026,2.36121370668e-08,2.08695504157e-05,0.000135373508716,0.000622480222822,0.00260894150551
1.027,2.31652710101e-08,2.08418804252e-05,0.000135148333942,0.000620690879981,0.00260049208022
1.028,2.26782704063e-08,2.07477705046e-05,0.000134498617729,0.0006168903226,0.00258407765944
1.029,2.22044235959e-08,2.06642894212e-05,0.000133917691797,0.000613491114971,0.002570673015
1.03,2.17382522117e-08,2.05903795399e-05,0.000133401434724,0.000610362059026,0.00255958777918
1.031,2.12599008075e-08,2.04822749402e-05,0.000132653906356,0.000606170076867,0.0025442202694
1.032,2.07975409875e-08,2.03892029992e-05,0.000132016777869,0.000602560265352,0.00253102490929
1.033,2.03262789344e-08,2.02627804487e-05,0.000131158271848,0.000598032903967,0.00251393942467
1.034,1.9884278026e-08,2.01886327559e-05,0.000130636882672,0.000595084241608,0.00250340828486
1.035,1.94045885608e-08,2.00397380044e-05,0.000129631805027,0.000590008356863,0.00248370875847
1.036,1.89774543372e-08,1.99744895318e-05,0.000129167492816,0.000587580311222,0.00247465247626
1.037,1.85345580441e-08,1.98666163748e-05,0.000128424057882,0.000584041448854,0.0024605753798
1.038,1.81015477982e-08,1.97755758034e-05,0.000127793905113,0.000581193708389,0.00244896760413
1.039,1.76777811283e-08,1.96918671218e-05,0.000127213837815,0.000578836395026,0.00243863789066
1.04,1.72459250876e-08,1.95812086944e-05,0.000126449699931,0.000575771430708,0.00242509685694
1.041,1.6827733648e-08,1.94896671511e-05,0.000125815771477,0.000573370710209,0.00241443836297
1.042,1.64148038905e-08,1.93919573385e-05,0.000125147038197,0.000570917462112,0.00240343420074
1.043,1.60031169891e-08,1.9286242522e-05,0.000124423657069,0.000568269048955,0.00239157108949
1.044,1.5622782056e-08,1.92255642074e-05,0.000123991659417,0.000567045560487,0.00238555600218
1.045,1.52309057309e-08,1.9137021594e-05,0.000123380094389,0.000565033430154,0.00237615836699
1.046,1.48505594e-08,1.90623810984e-05,0.000122863185111,0.000563435224388,0.00236866135663
1.047,1.44678430369e-08,1.89760307867e-05,0.000122265761651,0.000561503720506,0.00235984819185
1.048,1.40709915376e-08,1.88524317248e-05,0.000121426110656,0.000558472532629,0.0023465488673
1.049,1.36814103523e-08,1.87204610168e-05,0.000120532274453,0.000555258386303,0.00233244033379
1.05,1.3312221868e-08,1.86290419677e-05,0.000119902496278,0.000553234425877,0.0023234778169
1.051,1.29537865953e-08,1.85513059014e-05,0.000119366904708,0.000551638360576,0.00231636353888
1.052,1.25928826485e-08,1.84509018877e-05,0.000118679152705,0.000549371459821,0.00230650527191
1.053,1.22239126758e-08,1.83157704174e-05,0.000117772388497,0.000546066660901,0.00229235988922
1.054,1.19030942934e-08,1.82991946057e-05,0.000117631427162,0.000546292882079,0.00229318570268
1.055,1.1563340524e-08,1.82201760929e-05,0.000117088342201,0.000544667528055,0.0022862498742
1.056,1.1224274583e-08,1.8129505151e-05,0.000116466369965,0.000542692953878,0.00227796421495
1.057,1.0902252605e-08,1.80654375759e-05,0.000116020042821,0.000541523016128,0.00227313910002
1.058,1.05745582561e-08,1.79850668897e-05,0.000115477078125,0.000539887964655,0.0022663868787
1.059,1.02485171231e-08,1.78860897816e-05,0.000114814002777,0.000537693510466,0.00225736895136
1.06,9.9237516466e-09,1.7774827258e-05,0.000114068432474,0.000535128950565,0.00224684471938
1.061,9.63536072365e-09,1.770315095e-05,0.00011358506024,0.000533626042338,0.00224068177229
1.062,9.56827774285e-09,1.79305476425e-05,0.000115019882877,0.000540071061853,0.00226712513399
1.063,9.51722088285e-09,1.81834295021e-05,0.00011661808007,0.000547194759589,0.00229635470783
1.064,9.48177848703e-09,1.8468626841e-05,0.000118422557007,0.000555219487093,0.00232933107188
1.065,9.44939269692e-09,1.87487430896e-05,0.000120193121203,0.000563042540878,0.00236131553044
1.066,9.42309050968e-09,1.90381703751e-05,0.000122025387179,0.000571081357206,0.00239426107007
1.067,9.39517993836e-09,1.93149173655e-05,0.00012377820208,0.000578667234572,0.00242530686301
1.068,9.36703841789e-09,1.95797635923e-05,0.000125452455688,0.000585904331555,0.00245476618704
1.069,9.34732664721e-09,1.98692339454e-05,0.00012728745686,0.000593865497436,0.00248728939285
1.07,9.31610208719e-09,2.01169709405e-05,0.000128852490995,0.000600515413102,0.00251431152168
1.071,9.30762629144e-09,2.0438026358e-05,0.000130885901976,0.000609344763765,0.00255044033362
1.072,9.28820789438e-09,2.07102500574e-05,0.000132600498083,0.000616659477629,0.00258022533304
1.073,9.27271993347e-09,2.10115750589e-05,0.000134509810523,0.00062481802915,0.00261351552765
1.074,9.1430592698e-09,2.10719569031e-05,0.000134868829688,0.00062563115039,0.00261602140803
1.075,8.96330163704e-09,2.09972751468e-05,0.000134366872879,0.000622462163486,0.00260185681678
1.076,8.7844846918e-09,2.0920722163e-05,0.000133853257288,0.00061927223126,0.00258755231089
1.077,8.59820241636e-09,2.08109889428e-05,0.000133126524229,0.000615090630088,0.00256915683281
1.078,8.42508107524e-09,2.07522814742e-05,0.000132726989621,0.000612422037994,0.00255735854934
1.079,8.24316456614e-09,2.06487949002e-05,0.000132038016863,0.000608417957202,0.00254074150353
1.08,8.07236596e-09,2.0577212125e-05,0.000131554995714,0.000605369323529,0.00252941546125
1.081,7.89501900626e-09,2.04683192659e-05,0.000130837335611,0.000601276083058,0.00251441398197
1.082,7.73514647166e-09,2.04246539195e-05,0.000130532927324,0.000599094416541,0.0025074999096
1.083,7.56301515603e-09,2.03237346665e-05,0.000129864202993,0.000595263559762,0.00249363610211
1.084,7.39389973361e-09,2.02217452212e-05,0.000129189271143,0.00059143334508,0.00247970495386
1.085,7.2384437595e-09,2.01732862191e-05,0.000128854794851,0.000589231752072,0.00247242652622
1.086,7.07210096655e-09,2.00703912221e-05,0.000128172817359,0.000585502714736,0.00245861185977
1.087,6.90531255211e-09,1.99508599059e-05,0.000127384989013,0.00058145933954,0.0024431970414
1.088,6.74512732313e-09,1.98569591903e-05,0.000126759135702,0.000578270275748,0.00243105149963
1.089,6.58286579853e-09,1.97477209119e-05,0.000126036010924,0.000574714529401,0.00241721502977
1.09,6.43065747762e-09,1.96718331953e-05,0.000125526197819,0.000572256627885,0.00240767146619
1.091,6.28194222175e-09,1.96099248731e-05,0.000125106034534,0.000570362731187,0.0024000981631
1.092,6.12906168708e-09,1.9519940564e-05,0.000124506199459,0.000567740746583,0.00238927547519
1.093,5.98382782347e-09,1.9456005924e-05,0.000124074911938,0.000565986404443,0.00238197010367
1.094,5.83452743131e-09,1.93568621309e-05,0.000123419012752,0.000563331142258,0.00237057686179
1.095,5.69304292228e-09,1.92923476847e-05,0.000122984038738,0.000561735464906,0.00236357203101
1.096,5.55121778806e-09,1.92087466107e-05,0.000122428664699,0.000559604394069,0.00235425890867
1.097,5.52820846453e-09,1.94666076146e-05,0.000124052945526,0.000566574599528,0.0023830140926
1.098,5.50447999978e-09,1.97026778111e-05,0.000125540380184,0.000572889052977,0.00240892671386
1.099,5.48441385703e-09,1.99503667215e-05,0.000127099331077,0.000579527164257,0.00243613052294
1.1,5.46116812527e-09,2.01740800831e-05,0.000128506237609,0.000585414632181,0.00246017214206
1.101,5.45015307784e-09,2.04741334617e-05,0.000130395942532,0.000593492501393,0.00249335202206
1.102,5.43250420104e-09,2.07263550863e-05,0.000131981113545,0.000600167452251,0.00252059980431
1.103,5.41832184008e-09,2.09941881479e-05,0.000133668809743,0.00060727161591,0.00254960087934
1.104,5.36492498531e-09,2.11237693365e-05,0.000134475032459,0.000610333271247,0.00256148821099
1.105,5.26278741968e-09,2.10741909752e-05,0.000134140988366,0.000608154358695,0.00255128008419
1.106,5.1569369151e-09,2.09917715811e-05,0.000133598864098,0.000605024212152,0.00253707548597
1.107,5.06284591976e-09,2.09769528325e-05,0.000133485269995,0.000603849533457,0.00253108705089
1.108,4.96017770474e-09,2.09077860876e-05,0.000133023242053,0.000601084763008,0.00251848913796
1.109,4.86179227751e-09,2.08551051046e-05,0.00013266657538,0.000598816550903,0.0025081338115
1.11,4.76005198994e-09,2.07748105718e-05,0.000132135124032,0.000595748161243,0.0024947132966
1.111,4.66503020968e-09,2.07264467409e-05,0.000131806604195,0.000593599356566,0.0024856160245
1.112,4.57083629295e-09,2.06784500351e-05,0.000131476159992,0.000591483106234,0.0024770678796
1.113,4.47554284664e-09,2.06218432041e-05,0.00013109511167,0.000589119414943,0.00246826411922
1.114,4.37955500651e-09,2.05487433988e-05,0.000130611063204,0.000586281741563,0.00245804570649
1.115,4.28494862591e-09,2.04819028137e-05,0.000130167132879,0.000583623718929,0.00244888748133
1.116,4.19309153091e-09,2.04271479415e-05,0.000129801045866,0.000581344174022,0.00244134509039
1.117,4.10380819519e-09,2.03765855996e-05,0.000129459633215,0.000579188744509,0.00243430416465
1.118,4.00799521872e-09,2.02686557421e-05,0.000128754669406,0.000575423754374,0.00242048994336
1.119,3.91976811668e-09,2.02176293318e-05,0.000128411422613,0.000573292796216,0.00241351013446
1.12,3.82988584193e-09,2.01447272376e-05,0.00012792991582,0.000570585402089,0.00240407978904
1.121,3.7452468961e-09,2.01087323665e-05,0.000127684167972,0.000568957404805,0.00239909142853
1.122,3.66150404601e-09,2.00665945113e-05,0.000127399186273,0.000567198646941,0.00239347667495
1.123,3.57902936231e-09,2.00280294276e-05,0.000127135734415,0.000565550424124,0.00238839695764
1.124,3.49296421314e-09,1.99486289628e-05,0.000126615150884,0.000562851933557,0.00237863241543
1.125,3.41164285302e-09,1.98957437805e-05,0.00012626021937,0.000561038758093,0.0023721462502
1.126,3.32951413025e-09,1.98394383027e-05,0.000125885616767,0.000559192044186,0.00236537858007
1.127,3.24616137141e-09,1.97567993553e-05,0.000125342218341,0.00055667555003,0.00235562695817
1.128,3.16641421785e-09,1.97081733688e-05,0.000125012793155,0.000555141084385,0.00234997648593
1.129,3.08901932571e-09,1.96591098883e-05,0.000124684328016,0.000553681222765,0.00234449057841
1.13,3.00927819318e-09,1.957686377e-05,0.000124144191609,0.000551400787526,0.0023351190769
1.131,2.93192877739e-09,1.95186637202e-05,0.000123755876761,0.000549830030029,0.00232870843422
1.132,2.85285824989e-09,1.94271439639e-05,0.000123157146311,0.000547353630019,0.00231837471629
1.133,2.77434490502e-09,1.9323546794e-05,0.00012248027143,0.000544615529493,0.00230677055822
1.134,2.69953630562e-09,1.92526930853e-05,0.000122011090115,0.000542806297766,0.00229918357193
1.135,2.62329638025e-09,1.91574010981e-05,0.000121389389116,0.000540345523421,0.00228881335805
1.136,2.55091284182e-09,1.90888343965e-05,0.000120939041167,0.000538685044511,0.00228190473358
1.137,2.50681400138e-09,1.91792748676e-05,0.00012149283546,0.000541229623047,0.00229247577308
1.138,2.49191415507e-09,1.94145616207e-05,0.000122967508472,0.000547459527769,0.00231823732484
1.139,2.4847761289e-09,1.97188508599e-05,0.000124881327886,0.000555618392013,0.00235208944455
1.14,2.47326366042e-09,1.99638407809e-05,0.000126418093561,0.000562060857927,0.00237861006196
1.141,2.46572403776e-09,2.02417180627e-05,0.000128166351869,0.000569430922127,0.00240897551735
1.142,2.45983690921e-09,2.05350925111e-05,0.000130010896732,0.000577183751362,0.00244095294215
1.143,2.45092419182e-09,2.07902107828e-05,0.00013161010395,0.000583843906502,0.00246823776893
1.144,2.44479648791e-09,2.1069189854e-05,0.000133360377873,0.000591189262737,0.00249826263393
1.145,2.43853532057e-09,2.13424379249e-05,0.000135074618825,0.000598347993383,0.00252755560769
1.146,2.43741210927e-09,2.1695684418e-05,0.000137296500515,0.00060771908853,0.00256619192072
1.147,2.43078272822e-09,2.19634536722e-05,0.000138978341841,0.000614709433163,0.00259473090738
1.148,2.41159054492e-09,2.21517683761e-05,0.000140157780887,0.000619420680551,0.00261354048523
1.149,2.36644910668e-09,2.2102436661e-05,0.000139833936356,0.000617447542611,0.0026040155801
1.15,2.31940182776e-09,2.20139703903e-05,0.00013926094617,0.000614397875052,0.00258993411227
1.151,2.26990804287e-09,2.18926195577e-05,0.000138479133839,0.000610433785558,0.00257201635487
1.152,2.22277076888e-09,2.17990413768e-05,0.000137873757271,0.000607202332762,0.00255735707722
1.153,2.17726054282e-09,2.17272925809e-05,0.000137407616449,0.000604618142118,0.0025457479728
1.154,2.1272649654e-09,2.15728715363e-05,0.000136418423853,0.000599759625549,0.00252542349673
1.155,2.08516845723e-09,2.15326019874e-05,0.000136151838552,0.000598054822227,0.00251966576835
1.156,2.03664309245e-09,2.13810175749e-05,0.000135177563218,0.000593268378433,0.00250142641354
1.157,1.99570925304e-09,2.13449492952e-05,0.000134937311948,0.000591687611062,0.00249679130207
1.158,1.94946452813e-09,2.12147527242e-05,0.000134101198003,0.000587515444709,0.0024811863809
1.159,1.90485657019e-09,2.10924539899e-05,0.000133314277588,0.000583586104712,0.00246660800028
1.16,1.86164932083e-09,2.09952835859e-05,0.000132686632936,0.000580389380741,0.00245495507636
1.161,1.81796330506e-09,2.08776282733e-05,0.000131928314559,0.000576704734821,0.00244106723496
1.162,1.77618898969e-09,2.07807798259e-05,0.000131304032727,0.000573692741902,0.00242990901185
1.163,1.73547347284e-09,2.07068369678e-05,0.000130823042392,0.000571415723979,0.00242160770217
1.164,1.69707006023e-09,2.06583649138e-05,0.000130504303068,0.000569895601646,0.00241637603359
1.165,1.65783883745e-09,2.05966461163e-05,0.000130100469422,0.000568110958482,0.00240980440697
1.166,1.61985316752e-09,2.05404200717e-05,0.000129733936713,0.000566560847929,0.00240399173929
1.167,1.58194650251e-09,2.04782661866e-05,0.000129327854892,0.000564992592368,0.00239767814456
1.168,1.54167941799e-09,2.03601028363e-05,0.000128567437152,0.000561983695758,0.00238496497125
1.169,1.50544843137e-09,2.03068779956e-05,0.000128218610672,0.000560891425455,0.0023801723551
1.17,1.469350761e-09,2.02595856633e-05,0.000127907288087,0.000559960529038,0.00237629528222
1.171,1.4320776239e-09,2.01701557569e-05,0.00012732943417,0.000557955500281,0.0023676482662
1.172,1.39524096252e-09,2.00819362779e-05,0.000126759450822,0.000556051150735,0.00235919117511
1.173,1.36165943007e-09,2.00491436739e-05,0.000126539026003,0.000555741150946,0.00235739787166
1.174,1.32525136818e-09,1.99422771019e-05,0.000125852106315,0.000553436624675,0.00234707065614
1.175,1.28829429134e-09,1.98203711491e-05,0.000125070661179,0.00055073849253,0.00233509118775
1.176,1.25374466541e-09,1.9737944632e-05,0.000124538192558,0.000549154370646,0.00232787847643
1.177,1.21971409827e-09,1.96545736214e-05,0.000123999527026,0.000547545720804,0.00232066396116
1.178,1.18524772156e-09,1.95423441654e-05,0.000123278887294,0.000545209048327,0.00231021534429
1.179,1.15293519253e-09,1.94756106922e-05,0.000122845872616,0.00054418016695,0.00230519419752
1.18,1.11837069574e-09,1.93455109647e-05,0.000122014359182,0.000541398019948,0.00229272534431
1.181,1.08528222314e-09,1.92332170012e-05,0.000121303196323,0.000539157501866,0.0022825563458
1.182,1.05184222303e-09,1.91049386481e-05,0.000120493453635,0.000536464548797,0.00227060356317
1.183,1.02101926371e-09,1.90353553027e-05,0.000120053466724,0.000535430713344,0.00226576420901
1.184,9.89184967446e-10,1.89174949037e-05,0.000119308585476,0.000533055117753,0.0022552754153
1.185,9.5959384552e-10,1.88546780564e-05,0.000118910847979,0.000532241950535,0.00225129954587
1.186,9.30195370985e-10,1.87892320507e-05,0.000118496199777,0.0005313994868,0.00224710661695
1.187,9.00097584064e-10,1.86784189899e-05,0.000117804954902,0.000529275213322,0.00223759101442
1.188,8.70669175542e-10,1.85754186871e-05,0.000117164732459,0.000527378901864,0.0022289735251
1.189,8.43653992999e-10,1.85263854993e-05,0.000116865440928,0.000527060843729,0.00222695766478
1.19,8.15674552037e-10,1.84259201159e-05,0.000116242588189,0.000525305843185,0.00221887765987
1.191,7.89010357501e-10,1.83661422037e-05,0.000115878579227,0.000524671932154,0.00221560008598
1.192,7.62184399908e-10,1.82833667217e-05,0.000115368501541,0.000523414849467,0.0022097211698
1.193,7.35366421521e-10,1.8181031089e-05,0.000114742537373,0.000521590300658,0.00220136505283
1.194,7.10070605638e-10,1.81072918123e-05,0.000114305913867,0.000520646003507,0.00219677914847
1.195,6.85013967678e-10,1.80303792253e-05,0.000113855744443,0.000519617618503,0.00219182490775
1.196,6.59169310224e-10,1.79047353761e-05,0.000113105335414,0.000517129781375,0.00218084346711
1.197,6.35581813687e-10,1.78531625958e-05,0.000112830898769,0.00051682637947,0.00217897588165
1.198,6.11684297509e-10,1.77744305216e-05,0.000112397193214,0.000515726099156,0.00217375105422
1.199,5.96794506377e-10,1.78575527662e-05,0.000112963883424,0.000518653221533,0.00218541940991
1.2,5.90854546652e-10,1.80739144544e-05,0.000114329142479,0.000524752231615,0.00221028691469
1.201,5.8630081947e-10,1.83256102421e-05,0.000115916319213,0.000531739754603,0.0022389581123
1.202,5.82106427601e-10,1.85657038896e-05,0.000117430714396,0.000538379715586,0.00226604025532
1.203,5.79267982059e-10,1.88516326247e-05,0.000119229644376,0.00054624851518,0.00229832227865
1.204,5.7672650196e-10,1.91295868609e-05,0.000120982987741,0.000553863398963,0.0023294623754
1.205,5.74597168141e-10,1.94174148479e-05,0.000122793498233,0.000561685869745,0.00236145945011
1.206,5.72945005832e-10,1.9711252433e-05,0.000124641889933,0.000569648478022,0.00239406327735
1.207,5.7115974684e-10,1.99948087434e-05,0.000126429551404,0.000577270994874,0.0024252207624
1.208,5.69358892438e-10,2.02728117101e-05,0.000128175529957,0.000584717706077,0.00245558528307
1.209,5.67781712147e-10,2.05516940489e-05,0.000129927100255,0.000592177039693,0.0024860175822
1.21,5.66684634275e-10,2.08466971032e-05,0.000131783746285,0.00060007166966,0.00251826215062
1.211,5.66268415817e-10,2.11772826269e-05,0.000133864873061,0.000609014490841,0.00255477017214
1.212,5.65355088404e-10,2.14955567795e-05,0.000135862112894,0.000617521491554,0.00258949300685
1.213,5.64701430393e-10,2.18261453023e-05,0.000137937792645,0.000626394823576,0.0026257350765
1.214,5.63562131456e-10,2.21310789739e-05,0.000139850775874,0.000634454798124,0.00265866299331
1.215,5.6243514704e-10,2.24294676588e-05,0.000141724929574,0.000642371266508,0.00269085729287
1.216,5.55807225953e-10,2.25073034105e-05,0.000142207476629,0.000643902589798,0.00269627780954
1.217,5.44484773607e-10,2.24028109559e-05,0.00014153147159,0.000640195786463,0.00267968584239
1.218,5.33058916976e-10,2.22736493658e-05,0.0001407016367,0.000635768784733,0.00266011716399
1.219,5.22322274488e-10,2.21978693992e-05,0.000140206242918,0.000632851199755,0.00264691407944
1.22,5.11184115412e-10,2.2085437535e-05,0.000139478731131,0.000628887275667,0.00262979825943
1.221,5.00887228461e-10,2.20133760031e-05,0.000139005652938,0.000626093757786,0.00261920591805
1.222,4.90371790196e-10,2.19201926921e-05,0.000138408103802,0.000622694390823,0.00260723998231
1.223,4.79807331794e-10,2.18208805277e-05,0.000137769410802,0.00061918051894,0.00259479085884
1.224,4.70159406793e-10,2.17707941904e-05,0.000137439666365,0.000617017138764,0.0025880515915
1.225,4.59651682666e-10,2.16545861836e-05,0.000136695169953,0.000613027559904,0.00257353884875
1.226,4.49192190009e-10,2.15341823901e-05,0.000135923204868,0.000609058326973,0.00255888894973
1.227,4.39322296941e-10,2.14507659645e-05,0.000135382399043,0.000606206434825,0.00254866159252
1.228,4.29592239127e-10,2.13702757972e-05,0.000134862476527,0.000603590100597,0.00253901251088
1.229,4.19326554282e-10,2.12372134923e-05,0.000134008770089,0.000599770909276,0.0025234206862
1.23,4.09491675273e-10,2.11300718929e-05,0.000133319044288,0.000596903842811,0.00251134999498
1.231,3.99515117747e-10,2.10054288055e-05,0.000132521947546,0.000593731992359,0.00249768969251
1.232,3.90502117855e-10,2.0943411218e-05,0.00013211657767,0.00059246086716,0.00249171897829
1.233,3.79960722864e-10,2.07628721631e-05,0.00013096372978,0.000587924025211,0.00247190030139
1.234,3.71100272483e-10,2.06866409895e-05,0.000130472411666,0.000586431857824,0.00246493650738
1.235,3.61807421657e-10,2.05822723981e-05,0.000129799369024,0.000584166834546,0.00245467710953
1.236,3.52631796428e-10,2.04809193401e-05,0.000129150350733,0.000582005354845,0.00244495666563
1.237,3.43940079851e-10,2.03961239006e-05,0.000128603053611,0.000580382360173,0.0024374989252
1.238,3.34826993382e-10,2.0269161318e-05,0.000127788981079,0.000577598289323,0.00242512026331
1.239,3.26158600474e-10,2.0174355792e-05,0.000127178525919,0.000575745460356,0.00241663659968
1.24,3.17877684832e-10,2.00965573652e-05,0.000126675778525,0.00057442102127,0.00241043206921
1.241,3.09350674233e-10,1.99918712127e-05,0.000126004191607,0.000572359583713,0.00240117514582
1.242,3.01073333956e-10,1.98975943491e-05,0.000125398770088,0.000570585316438,0.00239317430865
1.243,2.93157874202e-10,1.98217603174e-05,0.000124907714475,0.000569373205021,0.00238752180818
1.244,2.85406594591e-10,1.97471372166e-05,0.000124430163797,0.000568189028284,0.00238202349922
1.245,2.77419129111e-10,1.96350446542e-05,0.000123723876053,0.00056594549418,0.00237218225578
1.246,2.69931245218e-10,1.95749739062e-05,0.000123342247832,0.000565196451043,0.00236867883534
1.247,2.62046991581e-10,1.94653388102e-05,0.000122655247293,0.000563021581667,0.00235924432397
1.248,2.54306142059e-10,1.93594968621e-05,0.000121998087505,0.000560950625654,0.00235032116104
1.249,2.46449469093e-10,1.92250551496e-05,0.000121163583725,0.000558042962009,0.0023379404091
1.25,2.39062321202e-10,1.91286991577e-05,0.000120577251632,0.000556285157367,0.0023303818562
1.251,2.31917113768e-10,1.90484961392e-05,0.000120092847971,0.000554952369547,0.00232480158023
1.252,2.24575253341e-10,1.89330750597e-05,0.000119387081064,0.00055261999473,0.00231500141325
1.253,2.17657028233e-10,1.88487038011e-05,0.000118876835353,0.000551175398419,0.00230905028651
1.254,2.10781275741e-10,1.87639230635e-05,0.000118368475054,0.000549747986409,0.00230320754344
1.255,2.03933518344e-10,1.86697152928e-05,0.000117810679273,0.000548032124956,0.00229622001193
1.256,1.97222908588e-10,1.85711485351e-05,0.000117228275836,0.000546203502749,0.00228868613546
1.257,1.90814331634e-10,1.84986984374e-05,0.000116819409169,0.000545193381713,0.00228441987576
1.258,1.84239894727e-10,1.83884512093e-05,0.000116189933265,0.000543100225336,0.00227570501588
1.259,1.77789425188e-10,1.82705655741e-05,0.000115520924935,0.000540805631481,0.00226613642596
1.26,1.71493060215e-10,1.81726885321e-05,0.000114994234174,0.000539095685944,0.00225902473471
1.261,1.65297625474e-10,1.80574354028e-05,0.000114354865005,0.000536859425384,0.00224981714241
1.262,1.60439288759e-10,1.80103589953e-05,0.000114118066836,0.000536179758553,0.00224685623956
1.263,1.59021650776e-10,1.82390284209e-05,0.000115573356877,0.000542736462287,0.0022737440739
1.264,1.57908253071e-10,1.84809320874e-05,0.00011710847317,0.000549581037163,0.00230174471855
1.265,1.56955235497e-10,1.87428293078e-05,0.000118767309762,0.000556906329325,0.00233174148452
1.266,1.56137498756e-10,1.90032994919e-05,0.000120414827729,0.000564147321374,0.0023613697372
1.267,1.55570873436e-10,1.92917257858e-05,0.000122238040442,0.000572116612182,0.0023939657473
1.268,1.5518171358e-10,1.96109791563e-05,0.00012425607729,0.000580974493977,0.00243028311583
1.269,1.54636683511e-10,1.98907290197e-05,0.000126019509261,0.000588622442656,0.00246144680952
1.27,1.54461751945e-10,2.02176308679e-05,0.000128082729757,0.000597629000185,0.00249832265255
1.271,1.54252379463e-10,2.05392951222e-05,0.000130111435872,0.000606426287371,0.00253427685153
1.272,1.54038615512e-10,2.08592362187e-05,0.000132129399907,0.000615177637537,0.00256998805686
1.273,1.53640066947e-10,2.11417179166e-05,0.000133912667771,0.00062278952524,0.00260102286688
1.274,1.53254515721e-10,2.14230909669e-05,0.000135675347795,0.000630341050063,0.00263170244206
1.275,1.52946061027e-10,2.17160497867e-05,0.000137519250208,0.000638179756056,0.00266367987387
1.276,1.52577855029e-10,2.20031759532e-05,0.000139323887376,0.000645841041887,0.00269481506452
1.277,1.52340392023e-10,2.23161474866e-05,0.000141296846485,0.0006542641409,0.0027291388894
1.278,1.49500085019e-10,2.22607037143e-05,0.000140925882676,0.000651705077493,0.0027174869668
1.279,1.46447938356e-10,2.21508529185e-05,0.000140220902356,0.000647603195971,0.00269945488821
1.28,1.4366781714e-10,2.21037077705e-05,0.00013990239846,0.000645311159324,0.00268899439457
1.281,1.4048455994e-10,2.19746334854e-05,0.000139065502005,0.000640623274974,0.00266871895975
1.282,1.37441381671e-10,2.18538738311e-05,0.000138282702463,0.000636203971441,0.00265034552896
1.283,1.34408612285e-10,2.17322332057e-05,0.000137496142847,0.000631766035898,0.00263340169189
1.284,1.31630833756e-10,2.16620510245e-05,0.000137037501731,0.000628832809311,0.00262350358376
1.285,1.2891145539e-10,2.15918076729e-05,0.000136577133749,0.000625933229168,0.00261372238399
1.286,1.26045903364e-10,2.14791708849e-05,0.00013584326503,0.000621833039147,0.00259875093399
1.287,1.23362614122e-10,2.14101362932e-05,0.000135392266914,0.000619029562388,0.00258929228635
1.288,1.20595991175e-10,2.13150255446e-05,0.000134775062581,0.000615567862912,0.002576752039
1.289,1.17766955358e-10,2.118649029e-05,0.000133945342283,0.000611269631952,0.00256042341606
1.29,1.15233602262e-10,2.11255254303e-05,0.000133547297377,0.000609121554135,0.00255259457729
1.291,1.12625196092e-10,2.10420798859e-05,0.000133004625519,0.000606514775543,0.00254231222152
1.292,1.10209600995e-10,2.0990795376e-05,0.00013266150674,0.000605004500439,0.00253610497883
1.293,1.07348269258e-10,2.08243829727e-05,0.000131593697535,0.000600298898433,0.00251647471869
1.294,1.0488944519e-10,2.07518818156e-05,0.000131119123374,0.000598478678164,0.00250863039653
1.295,1.02309646953e-10,2.06352364642e-05,0.00013036670171,0.000595511265475,0.00249565613208
1.296,9.97511505892e-11,2.05266092382e-05,0.000129664197593,0.0005928166367,0.00248396459383
1.297,9.72080738958e-11,2.04071824023e-05,0.00012889793015,0.000589941520956,0.00247138642712
1.298,9.48619717182e-11,2.03393738416e-05,0.00012845340337,0.000588557309274,0.00246498069752
1.299,9.2660558661e-11,2.02998866697e-05,0.00012819088339,0.00058804800372,0.00246225626579
1.3,9.01897940501e-11,2.01791495839e-05,0.000127413942394,0.000585206247234,0.00244971300981
1.301,8.77280842792e-11,2.00432530278e-05,0.000126544540845,0.000581973967187,0.00243554531115
1.302,8.54067503883e-11,1.99432067382e-05,0.000125899804472,0.000579821122169,0.00242587472472
1.303,8.324521385e-11,1.98835186329e-05,0.000125505930916,0.000578857551915,0.00242120376838
1.304,8.13379160855e-11,1.98508651839e-05,0.000125280947252,0.000578459572436,0.00241888585227
1.305,8.08799868175e-11,2.00818981524e-05,0.000126725763796,0.000584789268099,0.00244471181463
1.306,8.05149234692e-11,2.03484308452e-05,0.000128392668759,0.000592074952656,0.00247449540549
1.307,8.01382729588e-11,2.05965870425e-05,0.000129947011017,0.000598762546585,0.00250178238769
1.308,7.97642059029e-11,2.08338351528e-05,0.000131431807016,0.000605099204469,0.00252752009747
1.309,7.94851463515e-11,2.11000003816e-05,0.000133101618984,0.000612247013547,0.00255657826621
1.31,7.92430877585e-11,2.13702997987e-05,0.00013479581403,0.000619480467135,0.00258605952511
1.311,7.90579108101e-11,2.16733808053e-05,0.000136696922891,0.000627632845137,0.00261930035625
1.312,7.89393894927e-11,2.19923569639e-05,0.000138700098521,0.000636221398129,0.00265435163496
1.313,7.84037278181e-11,2.21942728906e-05,0.000139961037519,0.000641346687485,0.00267486694995
1.314,7.68399130179e-11,2.2098650966e-05,0.000139349686987,0.000637803204479,0.00265909524402
1.315,7.5244856333e-11,2.1989027604e-05,0.000138650250361,0.000633839677913,0.00264168382202
1.316,7.37662721542e-11,2.19310456575e-05,0.000138275592878,0.000631350055453,0.00263043967868
1.317,7.23872008498e-11,2.18939160286e-05,0.000138029192396,0.000629496034231,0.00262181614477
1.318,7.09291934925e-11,2.18218693719e-05,0.000137563902397,0.0006266204836,0.00260924924443
1.319,6.95341604613e-11,2.17672861734e-05,0.000137209865139,0.000624273173275,0.00259939035002
1.32,6.81313650633e-11,2.1706881121e-05,0.000136819496479,0.00062173419445,0.002589526091
1.321,6.6736886917e-11,2.16405060151e-05,0.000136391983728,0.000619028182319,0.00257974585873
1.322,6.53790889594e-11,2.1586103813e-05,0.000136041553505,0.000616684851361,0.00257208141423
1.323,6.38729778917e-11,2.14697206035e-05,0.000135301640866,0.000612592245573,0.0025572665667
1.324,6.24542008071e-11,2.13693536484e-05,0.000134662578348,0.000608976509556,0.00254445373298
1.325,6.10682783707e-11,2.12739221389e-05,0.000134051087795,0.000605533333013,0.00253223496768
1.326,5.95946216285e-11,2.11477716466e-05,0.0001332457997,0.000601257874018,0.00251643940342
1.327,5.8178766848e-11,2.1027592632e-05,0.000132479684181,0.000597200652358,0.00250155286243
1.328,5.68176623878e-11,2.09229273151e-05,0.000131810798901,0.000593651487046,0.00248869570771
1.329,5.54818635358e-11,2.08277497512e-05,0.000131203303404,0.000590442129824,0.00247714630918
1.33,5.41329167353e-11,2.07202416881e-05,0.000130517832684,0.000587030851972,0.00246428294879
1.331,5.28389939298e-11,2.06273089315e-05,0.000129920140709,0.00058416827495,0.00245335668567
1.332,5.14933904652e-11,2.05136660542e-05,0.000129192085061,0.000580787053598,0.00244005256477
1.333,5.02053395934e-11,2.04055657512e-05,0.000128499992049,0.000577706269873,0.00242768633405
1.334,4.890278415e-11,2.0300672456e-05,0.000127829125612,0.000574773463181,0.00241592952032
1.335,4.7671026899e-11,2.0214840611e-05,0.000127278800218,0.000572457887576,0.00240655658941
1.336,4.63897074984e-11,2.008704848e-05,0.000126461686711,0.000569058923364,0.00239244783509
1.337,4.52572880367e-11,2.003151695e-05,0.000126102688506,0.000567736007315,0.00238712237921
1.338,4.40264985348e-11,1.99154837532e-05,0.000125361982488,0.000564767088689,0.00237475384309
1.339,4.35432339011e-11,2.00543100064e-05,0.000126227390782,0.000568416677998,0.00238971340649
1.34,4.33000332623e-11,2.02816661404e-05,0.000127651421177,0.000574417010073,0.00241438059623
1.341,4.31254049524e-11,2.05483224192e-05,0.000129324578768,0.000581491895794,0.00244351021318
1.342,4.29991561198e-11,2.08314706324e-05,0.000131097913205,0.000589022872173,0.00247447091709
1.343,4.29147336033e-11,2.11391039103e-05,0.0001330287113,0.000597191513693,0.00250808532574
1.344,4.28248227098e-11,2.14342733107e-05,0.000134881392023,0.000605033709271,0.00254023788848
1.345,4.26808286178e-11,2.16942592097e-05,0.000136507794649,0.000611844231152,0.00256802984461
1.346,4.26094807443e-11,2.20051387692e-05,0.000138459468998,0.000620086053622,0.00260177944657
1.347,4.23133792397e-11,2.22037210082e-05,0.000139701214227,0.000625097134594,0.00262189537369
1.348,4.14484125209e-11,2.21077657659e-05,0.000139089026356,0.00062174139499,0.00260677003347
1.349,4.05423571542e-11,2.19780685689e-05,0.000138269544325,0.00061744438402,0.00258774022413
1.35,3.97031473046e-11,2.18893039522e-05,0.000137703402056,0.000614303850573,0.00257352829996
1.351,3.89098771884e-11,2.18267493701e-05,0.000137302592551,0.000611925786358,0.00256256810612
1.352,3.81441017506e-11,2.17765732411e-05,0.000136981681086,0.000609900837334,0.00255326677988
1.353,3.73209406765e-11,2.16781757892e-05,0.000136355262366,0.000606541841163,0.00253882227686
1.354,3.65551077044e-11,2.16192452919e-05,0.000135974030197,0.000604258703904,0.00252968543966
1.355,3.58014784017e-11,2.15483688196e-05,0.000135520400772,0.000601667230167,0.00251976393343
1.356,3.50505786581e-11,2.14844722954e-05,0.00013511101241,0.000599275255568,0.0025114764518
1.357,3.42040089717e-11,2.13409918286e-05,0.000134199278128,0.000594651112728,0.00249410183505
1.358,3.34167696369e-11,2.12221502669e-05,0.000133447816133,0.000590779072342,0.0024798816468
1.359,3.26819534616e-11,2.1146889973e-05,0.000132965608217,0.000588133672283,0.00247073159651
1.36,3.19698558393e-11,2.10774097048e-05,0.000132521306555,0.000585700487509,0.00246236329222
1.361,3.12123952685e-11,2.09615606994e-05,0.000131786542979,0.000582030680859,0.00244878985568
1.362,3.04673713994e-11,2.08513884945e-05,0.000131085864514,0.000578528865034,0.00243594162175
1.363,2.97575971669e-11,2.07667701834e-05,0.000130548786066,0.000575791859285,0.00242619527427
1.364,2.90461382137e-11,2.06655033146e-05,0.000129902099249,0.000572670244585,0.00241466208391
1.365,2.83340274055e-11,2.05568715127e-05,0.000129211080078,0.00056944134884,0.00240235912035
1.366,2.76984129463e-11,2.05144380792e-05,0.000128937271132,0.000568129524015,0.00239786533546
1.367,2.69943802631e-11,2.04058947233e-05,0.000128246671638,0.00056508266415,0.00238580621358
1.368,2.63281692472e-11,2.03234979492e-05,0.000127719080905,0.000562840164302,0.00237699151989
1.369,2.5677622802e-11,2.02523514361e-05,0.000127263078148,0.000560986083032,0.00236975761611
1.37,2.50226192155e-11,2.01563684609e-05,0.000126653001426,0.000558505872126,0.00235979612017
1.371,2.43896275471e-11,2.00754650958e-05,0.000126137643711,0.000556467276709,0.00235168298581
1.372,2.37852289259e-11,2.0036432364e-05,0.000125882946706,0.000555669261481,0.00234858928134
1.373,2.31783709118e-11,1.99597644729e-05,0.000125392869221,0.00055390586969,0.00234127116878
1.374,2.2547095187e-11,1.98602104708e-05,0.000124759559213,0.000551531872504,0.00233141920569
1.375,2.19126863251e-11,1.97537762556e-05,0.000124080446816,0.00054901488813,0.00232094108662
1.376,2.12899575867e-11,1.96382702861e-05,0.00012334745707,0.000546336517142,0.00230953950266
1.377,2.07174812346e-11,1.95692722592e-05,0.000122904920295,0.000544980544643,0.00230360726989
1.378,2.01187827991e-11,1.94561407601e-05,0.000122186107129,0.000542434481638,0.00229273942703
1.379,1.9541787372e-11,1.93679630124e-05,0.000121623592513,0.000540627581583,0.00228481477309
1.38,1.89639291167e-11,1.92631508361e-05,0.000120958015102,0.000538366809566,0.0022750664732
1.381,1.83918516024e-11,1.9155920544e-05,0.00012027703757,0.000536083749858,0.00226515602336
1.382,1.78868435858e-11,1.91214623932e-05,0.000120056331571,0.00053583996166,0.00226399215798
1.383,1.73180647376e-11,1.89992109018e-05,0.000119282642831,0.000533147107575,0.00225255626232
1.384,1.67854077102e-11,1.89156533659e-05,0.000118749902008,0.000531617929407,0.0022457582117
1.385,1.6261216872e-11,1.88221976513e-05,0.000118155968144,0.000529860867944,0.00223793895
1.386,1.5741346423e-11,1.87322731734e-05,0.000117583341065,0.000528244858141,0.0022305140722
1.387,1.52237752931e-11,1.86276690897e-05,0.000116924492578,0.00052625951868,0.00222150023744
1.388,1.47223047393e-11,1.85329314524e-05,0.000116329234922,0.000524556296343,0.00221365926166
1.389,1.42190693364e-11,1.84180393511e-05,0.000115611132208,0.000522302085171,0.00220342415477
1.39,1.37457100734e-11,1.8336632802e-05,0.000115110227076,0.000521015190436,0.0021974071417
1.391,1.32774896431e-11,1.8258370728e-05,0.000114635983986,0.000519776320117,0.00219150493527
1.392,1.31278928167e-11,1.84596096259e-05,0.000115901850748,0.000525569004706,0.00221514390734
1.393,1.30147613042e-11,1.86747099865e-05,0.000117246834112,0.000531443638276,0.00223912616991
1.394,1.29596741037e-11,1.89704278818e-05,0.000119099897679,0.000539538336816,0.00227246552473
1.395,1.29103950148e-11,1.92739219788e-05,0.000121000698442,0.000547782875456,0.00230640504694
1.396,1.28452339727e-11,1.95322208442e-05,0.000122617735386,0.000554691542565,0.00233465898718
1.397,1.27963797448e-11,1.98082306472e-05,0.000124347381165,0.000562096523833,0.00236494933666
1.398,1.27510139541e-11,2.00826770134e-05,0.000126067220848,0.000569458308073,0.00239502225529
1.399,1.27206796875e-11,2.03879648889e-05,0.000127978932475,0.00057760690702,0.00242841578188
1.4,1.27104372097e-11,2.07172927779e-05,0.000130042059749,0.000586425533269,0.00246456672784
1.401,1.26870182469e-11,2.10150795176e-05,0.000131908907366,0.00059435990598,0.00249701837837
1.402,1.26886591406e-11,2.13768687126e-05,0.000134174691254,0.00060407081097,0.00253684748146
1.403,1.26463032899e-11,2.16559659412e-05,0.00013592139319,0.000611396310768,0.00256671743839
1.404,1.26337073167e-11,2.1980712634e-05,0.000137955920011,0.000619978758264,0.00260189495694
1.405,1.26215016814e-11,2.23074937444e-05,0.000140002479142,0.000628656631288,0.00263738705608
1.406,1.25974083676e-11,2.26112472928e-05,0.000141904656424,0.00063662007118,0.00266994352502
1.407,1.23416929971e-11,2.25147454543e-05,0.000141294663178,0.000633246222739,0.00265474222593
1.408,1.20880033764e-11,2.24177932864e-05,0.000140682590921,0.000629875742226,0.00263960340751
1.409,1.18496383312e-11,2.2354465474e-05,0.000140278898264,0.00062740921372,0.0026282776779
1.41,1.16133856493e-11,2.22904575054e-05,0.000139871114063,0.000624938833457,0.00261700530622
1.411,1.13767614516e-11,2.2206168856e-05,0.000139336204293,0.00062192109199,0.00260413591259
1.412,1.11419994339e-11,2.21169471283e-05,0.000138771719679,0.000618793433623,0.00259206526033
1.413,1.09315632993e-11,2.20896459416e-05,0.000138594522486,0.000617360443846,0.00258812224991
1.414,1.07057121088e-11,2.20208498784e-05,0.000138158109936,0.000614792689023,0.0025794266726
1.415,1.04768626177e-11,2.19355366517e-05,0.000137616816991,0.000611760234408,0.00256882369488
1.416,1.02406868511e-11,2.18275007818e-05,0.000136935635621,0.000608139499099,0.00255572312449
1.417,1.00066631096e-11,2.17274517574e-05,0.000136301506044,0.000604822529524,0.00254361616689
1.418,9.77384440992e-12,2.16090927252e-05,0.000135552606131,0.000601090342515,0.00252961618023
1.419,9.54488293824e-12,2.14976416369e-05,0.000134847012263,0.000597622513661,0.00251648080249
1.42,9.29877284079e-12,2.13284619745e-05,0.000133780240998,0.00059268118217,0.00249704148536
1.421,9.07198299756e-12,2.12089699095e-05,0.000133026434785,0.000589290207246,0.0024836108886
1.422,8.84738055759e-12,2.10838954987e-05,0.000132238196095,0.000585981076029,0.00247000697522
1.423,8.63930453673e-12,2.09943562394e-05,0.000131672723058,0.000583809322525,0.0024608728343
1.424,8.44272491675e-12,2.09300908711e-05,0.000131264104345,0.000582419321021,0.00245476124921
1.425,8.23974039997e-12,2.08484314623e-05,0.000130747356579,0.000580676922261,0.00244682420481
1.426,8.04069268709e-12,2.0764199299e-05,0.000130215059266,0.000578949566238,0.00243880896441
1.427,7.82125355493e-12,2.0606205519e-05,0.000129220880158,0.000575263995762,0.00242249205829
1.428,7.63176801072e-12,2.05357345369e-05,0.000128773439096,0.00057407071,0.00241674464268
1.429,7.4348020562e-12,2.0433452842e-05,0.000128126738008,0.000572060635405,0.00240740935527
1.43,7.24175839762e-12,2.03296057867e-05,0.000127473037714,0.00057004251791,0.00239804337542
1.431,7.03823338295e-12,2.01929683739e-05,0.000126612076647,0.000567118071543,0.00238491706148
1.432,6.84401428092e-12,2.0084748777e-05,0.000125927589602,0.000564997908447,0.002375256802
1.433,6.66073390473e-12,2.00080162324e-05,0.000125441584594,0.000563765380859,0.00236927298285
1.434,6.49363297289e-12,1.99688094941e-05,0.000125190919178,0.000563656494759,0.00236796822978
1.435,6.31615647009e-12,1.98780065196e-05,0.000124617122944,0.000562069760738,0.00236057736759
1.436,6.12478915337e-12,1.97329856258e-05,0.00012370339374,0.000558967860965,0.00234685099678
1.437,5.93969859e-12,1.96059675892e-05,0.000122902992748,0.000556375339424,0.00233536864463
1.438,5.7776294646e-12,1.9549213054e-05,0.000122543225169,0.000555817675746,0.00233245267964
1.439,5.59938567422e-12,1.94206790204e-05,0.000121733904551,0.000553224510361,0.00232104785683
1.44,5.43047477782e-12,1.93113991856e-05,0.000121049613566,0.000551181387461,0.00231205689251
1.441,5.25951970593e-12,1.9192860401e-05,0.000120306936219,0.000548819923885,0.00230182052097
1.442,5.10108471404e-12,1.91114571662e-05,0.000119804493606,0.000547557747144,0.00229631841263
1.443,4.9428913501e-12,1.90120242473e-05,0.000119187697492,0.000545798968629,0.00228872118689
1.444,4.77800055154e-12,1.88854123208e-05,0.000118407649058,0.000543262255169,0.00227783052023
1.445,4.61932589863e-12,1.87685063936e-05,0.000117687431424,0.00054101749873,0.00226821833019
1.446,4.46451624069e-12,1.86550990974e-05,0.000116989691546,0.000538885561721,0.00225914963605
1.447,4.31848845319e-12,1.85760139423e-05,0.000116514100516,0.000537727994342,0.00225407171039
1.448,4.16250562676e-12,1.8428594037e-05,0.000115637827357,0.000534625577038,0.00224087125114
1.449,4.01651117436e-12,1.8320393159e-05,0.000115029016508,0.000532673301109,0.00223248147838
1.45,3.87415105613e-12,1.8207919957e-05,0.000114406898807,0.000530603962008,0.00222367469769
1.451,3.72946573853e-12,1.80713845105e-05,0.000113637532495,0.000527898932136,0.00221223641585
1.452,3.58728216684e-12,1.79367672847e-05,0.000112893700562,0.000525224100717,0.00220103186827
1.453,3.44909971531e-12,1.78120986993e-05,0.000112216360722,0.000522821046919,0.00219102106827
1.454,3.31313746254e-12,1.76668754835e-05,0.000111416368216,0.000519860638001,0.00217865306375
1.455,3.19161652052e-12,1.76023512525e-05,0.000111135118747,0.000519274887521,0.00217627961592
1.456,3.07650154955e-12,1.75634314157e-05,0.000111020442329,0.00051941688166,0.00217701182261
1.457,2.95566938658e-12,1.74752988643e-05,0.000110606705209,0.000518124330928,0.0021718510662
1.458,2.86183588187e-12,1.7474389067e-05,0.000110718439265,0.000519005031402,0.00217551315199
1.459,2.83181630692e-12,1.76961751989e-05,0.000112142191992,0.000525417201762,0.00220181253779
1.46,2.80822378056e-12,1.79571285667e-05,0.00011380870861,0.000532846925756,0.00223231377828
1.461,2.78792799352e-12,1.82109259731e-05,0.000115425151075,0.000539996824892,0.00226158850655
1.462,2.77036709958e-12,1.84738423514e-05,0.00011709219916,0.000547345006268,0.00229161046307
1.463,2.75570905118e-12,1.8744865052e-05,0.000118806181978,0.000554856132332,0.0023222643904
1.464,2.74668779745e-12,1.90488662485e-05,0.000120728650315,0.0005632828328,0.00235673603607
1.465,2.73128502907e-12,1.92965945597e-05,0.000122297126435,0.000569985467716,0.00238403444977
1.466,2.72243296861e-12,1.95838013946e-05,0.000124112675933,0.000577821157536,0.00241603594421
1.467,2.71148065825e-12,1.98605316936e-05,0.000125850919301,0.000585285866939,0.00244641210197
1.468,2.70087594896e-12,2.01302948444e-05,0.000127549104365,0.000592557412479,0.00247595284215
1.469,2.69344115449e-12,2.04203590843e-05,0.000129381739743,0.000600407245616,0.00250790849629
1.47,2.68608489941e-12,2.0714013137e-05,0.00013123675502,0.000608286045447,0.00254006069209
1.471,2.68080364809e-12,2.10213163005e-05,0.000133171743085,0.000616575283721,0.00257389916567
1.472,2.67278208297e-12,2.13076068023e-05,0.000134974173615,0.00062421622482,0.00260500808129
1.473,2.66852932764e-12,2.16122365147e-05,0.000136888018778,0.000632384475816,0.00263833239306
1.474,2.66585812826e-12,2.19449227202e-05,0.000138981329721,0.000641362858557,0.00267495244163
1.475,2.66096092371e-12,2.22643414564e-05,0.000140990411226,0.000649936374525,0.00270987235092
1.476,2.61041877281e-12,2.21947072634e-05,0.000140534585786,0.000647012013405,0.0026967577037
1.477,2.5622165871e-12,2.21563642179e-05,0.000140277790337,0.000645037941615,0.00268763706205
1.478,2.50980397482e-12,2.20605227881e-05,0.000139661315646,0.000641405497427,0.00267166588038
1.479,2.45895680768e-12,2.19772436346e-05,0.00013912286163,0.000638151726568,0.00265750805861
1.48,2.41104767984e-12,2.19382293741e-05,0.000138850315272,0.000636142492347,0.00264917621574
1.481,2.35897727383e-12,2.18431560497e-05,0.000138232017661,0.000632529277431,0.00263594244768
1.482,2.30890285532e-12,2.17602636815e-05,0.000137690527085,0.000629281683306,0.00262456413431
1.483,2.26063076401e-12,2.16886907661e-05,0.000137217724976,0.000626380769291,0.00261469983938
1.484,2.21496294199e-12,2.16395220735e-05,0.000136888069154,0.00062410931429,0.0026073728254
1.485,2.16239183215e-12,2.14967907874e-05,0.00013596922535,0.000619253426516,0.00258908654441
1.486,2.11254153166e-12,2.13971011992e-05,0.000135316661233,0.000615662734875,0.00257616244412
1.487,2.06309450208e-12,2.12920161722e-05,0.000134633063214,0.000612022047367,0.00256275050332
1.488,2.01200400931e-12,2.11481646849e-05,0.00013370475224,0.000607513783439,0.00254512462878
1.489,1.96832574778e-12,2.10881086391e-05,0.000133303931634,0.000605677458068,0.00253802937615
1.49,1.92593451403e-12,2.10449327457e-05,0.00013300807157,0.000604428589211,0.00253317408262
1.491,1.8843662832e-12,2.10017036119e-05,0.000132717530713,0.000603324638741,0.00252865650273
1.492,1.8380071499e-12,2.08926454343e-05,0.000132012346426,0.000600483514421,0.00251655421276
1.493,1.79120309213e-12,2.077315854e-05,0.00013124428186,0.000597493880627,0.00250349123493
1.494,1.7487566539e-12,2.06946659498e-05,0.000130731220119,0.000595788815332,0.00249554316699
1.495,1.70758527302e-12,2.06217812271e-05,0.000130259922968,0.000594315838832,0.00248853198756
1.496,1.66518012115e-12,2.05319389724e-05,0.000129671251301,0.000592360242025,0.00247945723184
1.497,1.62609867792e-12,2.04743945672e-05,0.000129292583837,0.000591442263005,0.00247471885829
1.498,1.58083260892e-12,2.03298844178e-05,0.000128366672154,0.000588010962576,0.00245951202669
1.499,1.54097958514e-12,2.02527186399e-05,0.000127860550725,0.000586529110947,0.00245254912143
1.5,1.49850930264e-12,2.01334982265e-05,0.000127092405619,0.000583850479016,0.00244068220026
1.501,1.45750805538e-12,2.00210560553e-05,0.000126365190296,0.000581377036932,0.00242969436321
1.502,1.4166732514e-12,1.98998874375e-05,0.000125581197349,0.000578652883042,0.00241770139577
1.503,1.37771109784e-12,1.98039942379e-05,0.000124960811167,0.000576700752719,0.00240905727989
1.504,1.33712712803e-12,1.96822918123e-05,0.000124174973043,0.000573982670873,0.00239725605665
1.505,1.29791791789e-12,1.95716636067e-05,0.000123461944864,0.000571576937768,0.00238680846141
1.506,1.25956456318e-12,1.94659305539e-05,0.0001227842918,0.00056933780638,0.0023771701132
1.507,1.22115653296e-12,1.93446378144e-05,0.000122006225989,0.00056663262892,0.00236558912302
1.508,1.18420800207e-12,1.92315086987e-05,0.000121286567749,0.000564184994021,0.00235519643278
1.509,1.14818106088e-12,1.91344789947e-05,0.00012066763453,0.000562204549375,0.0023467694695
1.51,1.11684787741e-12,1.90841611328e-05,0.000120342445525,0.000561488033893,0.00234355764222
1.511,1.11051576449e-12,1.93535902116e-05,0.000122031557357,0.00056906058424,0.00237454021853
1.512,1.10353836172e-12,1.96017085144e-05,0.000123587300882,0.000575934859305,0.00240251859923
1.513,1.10107346865e-12,1.99094448537e-05,0.000125521445671,0.00058452984929,0.00243765895121
1.514,1.09658541144e-12,2.01838955055e-05,0.000127245189252,0.000592061321372,0.00246834941485
1.515,1.09365925982e-12,2.04926456667e-05,0.000129182110485,0.000600521441963,0.00250291470122
1.516,1.09074227197e-12,2.07835161172e-05,0.000131009444735,0.000608435119469,0.00253517493792
1.517,1.08976000971e-12,2.11128970527e-05,0.000133081563412,0.000617433927256,0.00257193190799
1.518,1.08712840852e-12,2.14077678383e-05,0.000134931985795,0.000625396530437,0.00260434450547
1.519,1.08565687239e-12,2.17217606442e-05,0.000136905130508,0.000633896076274,0.00263901032458
1.52,1.08319891887e-12,2.20304352811e-05,0.000138843161747,0.000642196367682,0.00267281506927
1.521,1.08246391537e-12,2.23704371171e-05,0.00014097709988,0.000651374058375,0.00271027479368
1.522,1.07114091908e-12,2.24957604314e-05,0.000141755559946,0.000654234938875,0.0027213143581
1.523,1.05189987719e-12,2.24755118142e-05,0.000141619404115,0.000652736232992,0.00271421469518
1.524,1.03054390235e-12,2.23856829829e-05,0.000141043644639,0.000649258454608,0.00269883540739
1.525,1.00705198052e-12,2.22364623038e-05,0.000140095307561,0.000644082159215,0.00267646956711
1.526,9.86514925561e-13,2.21567512913e-05,0.000139581610256,0.000640900972266,0.00266264549994
1.527,9.6364283835e-13,2.20110707844e-05,0.000138655304612,0.000635852112773,0.00264170555069
1.528,9.41843150606e-13,2.18985520869e-05,0.000137935554809,0.000631759445285,0.00262593977003
1.529,9.22493651408e-13,2.18276590031e-05,0.000137480494233,0.000628876379029,0.00261621612031
1.53,9.02628127439e-13,2.17353409637e-05,0.000136893484378,0.000625402457073,0.00260411472407
1.531,8.82011552654e-13,2.16161212204e-05,0.00013613641289,0.0006211585631,0.00258888308866
1.532,8.61872027644e-13,2.15113506314e-05,0.000135467642567,0.000617322520057,0.0025753480783
1.533,8.42647987169e-13,2.14268604461e-05,0.000134929214042,0.000614176952449,0.0025644916167
1.534,8.24124565521e-13,2.13482433385e-05,0.000134420729968,0.00061123816708,0.00255426712406
1.535,8.03482830803e-13,2.12060744917e-05,0.000133521384732,0.000606626169294,0.00253689940204
1.536,7.85577163694e-13,2.11254346539e-05,0.000133005362517,0.000603963666848,0.00252712201878
1.537,7.68120208789e-13,2.10566030549e-05,0.000132561011366,0.000601829274149,0.00251894719336
1.538,7.50959202827e-13,2.1000094338e-05,0.000132191425515,0.00060012103506,0.00251243345015
1.539,7.33557244629e-13,2.09311807809e-05,0.000131748247168,0.000598164412497,0.00250468620788
1.54,7.14085299709e-13,2.07947487647e-05,0.000130878672713,0.000594356346688,0.00248904572223
1.541,6.96440253589e-13,2.07070748202e-05,0.000130317394231,0.000592066136496,0.00247942703997
1.542,6.77962229885e-13,2.05773479168e-05,0.00012949285499,0.000588684289727,0.00246499095633
1.543,6.61873106392e-13,2.05119638162e-05,0.000129074459918,0.000587228827858,0.00245865246529
1.544,6.45168445781e-13,2.04204556549e-05,0.000128491740533,0.000585068965779,0.00244934324368
1.545,6.43568254922e-13,2.07191822803e-05,0.000130365365961,0.000593175840921,0.00248279380267
1.546,6.4071726877e-13,2.09752937717e-05,0.00013196614632,0.000600011107043,0.0025108416176
1.547,6.37611879673e-13,2.1216468947e-05,0.000133475912669,0.000606382975363,0.00253687250326
1.548,6.35618847572e-13,2.14929336286e-05,0.000135209120061,0.000613744420602,0.00256698900217
1.549,6.33838950767e-13,2.17833104291e-05,0.000137027146303,0.000621459526226,0.00259857477658
1.55,6.33048790577e-13,2.20983392725e-05,0.000139003584239,0.000629862829565,0.00263301120457
1.551,6.30317777755e-13,2.23451430929e-05,0.000140549398702,0.000636308079973,0.00265919565132
1.552,6.24517656078e-13,2.25104617526e-05,0.000141581837892,0.000640335733714,0.00267512703909
1.553,6.1190026797e-13,2.24293168719e-05,0.000141059800783,0.00063729948905,0.00266144504856
1.554,5.98977557795e-13,2.23258007959e-05,0.000140401550265,0.000633647921417,0.00264523211272
1.555,5.84951381927e-13,2.21748212219e-05,0.000139441452043,0.000628670979522,0.00262347796705
1.556,5.73093149064e-13,2.20970599132e-05,0.000138942548709,0.000625756993639,0.00261045372421
1.557,5.61499852444e-13,2.20154539115e-05,0.00013842754754,0.000622777826727,0.00259747540312
1.558,5.49341791429e-13,2.19181849973e-05,0.00013780885913,0.000619341928952,0.00258294653589
1.559,5.38750249068e-13,2.18744453705e-05,0.000137528117828,0.000617417575681,0.0025752917663
1.56,5.27397783479e-13,2.17961768008e-05,0.000137029009138,0.000614503175136,0.00256406611917
1.561,5.14292953231e-13,2.16398589313e-05,0.000136039450332,0.000609397975931,0.00254440722635
1.562,5.03454031463e-13,2.15713398844e-05,0.000135602307619,0.000606778752321,0.00253556083773
1.563,4.91606064164e-13,2.14585828235e-05,0.000134886257549,0.000602919840204,0.00252164789672
1.564,4.80959046845e-13,2.13877174481e-05,0.000134432846271,0.000600299775795,0.00251285456307
1.565,4.71175795526e-13,2.13577264877e-05,0.000134236089838,0.000598843763756,0.00250888909224
1.566,4.60613006522e-13,2.12739017686e-05,0.000133701997675,0.000595920941271,0.00249873873777
1.567,4.50132517804e-13,2.11833940187e-05,0.000133126204991,0.000592886552986,0.00248789865835
1.568,4.39278905494e-13,2.10849095602e-05,0.000132500656088,0.000589669152545,0.00247625874459
1.569,4.28602255542e-13,2.09831551153e-05,0.000131854988078,0.000586439671324,0.00246435573498
1.57,4.17838489824e-13,2.08630241139e-05,0.00013109327078,0.00058277571383,0.00245041512543
1.571,4.07838376409e-13,2.0781471715e-05,0.000130575118807,0.000580322129045,0.00244118803322
1.572,3.97657206103e-13,2.06880391499e-05,0.000129983461589,0.000577633594272,0.00243080014179
1.573,3.88187743624e-13,2.06114630595e-05,0.000129495648739,0.000575517331469,0.00242263131466
1.574,3.78337359598e-13,2.05054695187e-05,0.000128822743431,0.000572687352475,0.00241116547762
1.575,3.69159051295e-13,2.04396845524e-05,0.000128402753656,0.00057105387264,0.00240464149783
1.576,3.59402313753e-13,2.03283985219e-05,0.000127699161599,0.000568221087804,0.00239296433467
1.577,3.49175619656e-13,2.01902543542e-05,0.000126827495265,0.000564687711834,0.0023782494733
1.578,3.39413174275e-13,2.00656008696e-05,0.000126036846611,0.00056157943884,0.00236519688641
1.579,3.30478212068e-13,1.99991307185e-05,0.000125610378996,0.000560132299152,0.00235911705177
1.58,3.2127024587e-13,1.9891847291e-05,0.000124927164572,0.000557597643412,0.00234837477527
1.581,3.12589801504e-13,1.98160237864e-05,0.000124442555175,0.00055600500944,0.00234151586157
1.582,3.03925629533e-13,1.97267906241e-05,0.000123876507492,0.000554086220449,0.00233312535442
1.583,2.95487110006e-13,1.96556764302e-05,0.000123428094703,0.000552708332689,0.00232690378101
1.584,2.87214445268e-13,1.95759876026e-05,0.000122925304283,0.000551158722574,0.00231972992657
1.585,2.79244576474e-13,1.95199926778e-05,0.000122573577061,0.000550317560258,0.00231552972527
1.586,2.71433606612e-13,1.94655150785e-05,0.000122229492042,0.000549504337695,0.00231154465756
1.587,2.64307519758e-13,1.94385763594e-05,0.000122056648855,0.000549364945127,0.0023103554105
1.588,2.62492461627e-13,1.96688769508e-05,0.000123499638372,0.000555612330084,0.00233596364427
1.589,2.60945609246e-13,1.99233352692e-05,0.000125093813355,0.000562459898169,0.00236404061848
1.59,2.59330414842e-13,2.01673078023e-05,0.000126621026737,0.000568981652023,0.00239071209012
1.591,2.5804549211e-13,2.04197139562e-05,0.000128200871547,0.000575711457696,0.00241814088531
1.592,2.57132252754e-13,2.07024800815e-05,0.000129968532433,0.00058324411386,0.00244897007036
1.593,2.56021769761e-13,2.09757291905e-05,0.000131679567014,0.000590498770454,0.00247860838671
1.594,2.55764472896e-13,2.1305452394e-05,0.000133744080041,0.000599275330114,0.00251459790359
1.595,2.55195619235e-13,2.16065940148e-05,0.000135629945543,0.000607247700728,0.00254721063218
1.596,2.54613115161e-13,2.19052373557e-05,0.000137498129295,0.000615135632213,0.00257937832169
1.597,2.54318962513e-13,2.22379773202e-05,0.000139582773846,0.000623918041633,0.00261540065143
1.598,2.54026452661e-13,2.25608795946e-05,0.000141606819394,0.000632498628097,0.00265038260235
1.599,2.52766019133e-13,2.28026760027e-05,0.000143120029073,0.000638739083427,0.00267554812581
1.6,2.47438212388e-13,2.26845367683e-05,0.000142373951681,0.00063480286571,0.00265800360429
1.601,2.42125239758e-13,2.25728237787e-05,0.000141669193444,0.000631046872667,0.00264129816317
1.602,2.37071849277e-13,2.24708098087e-05,0.000141023455852,0.000627579966211,0.00262582339756
1.603,2.3253457115e-13,2.24157628619e-05,0.000140672824236,0.000625404385829,0.0026159818054
1.604,2.27416499217e-13,2.22930235272e-05,0.000139896341212,0.000621372454713,0.00259884351957
1.605,2.23076497452e-13,2.22436047018e-05,0.00013957870354,0.000619405269738,0.00259122940035
1.606,2.1851695978e-13,2.2169548974e-05,0.000139110180743,0.000616752335157,0.00258188312558
1.607,2.13680623452e-13,2.20603103122e-05,0.00013842125035,0.000613116486367,0.00256884764895
1.608,2.08875302534e-13,2.19533801123e-05,0.00013774398075,0.000609530634958,0.00255595679089
1.609,2.04561902306e-13,2.18910327815e-05,0.000137349583163,0.000607265335118,0.00254845058543
1.61,2.00709905441e-13,2.1872631982e-05,0.000137227740423,0.00060624584151,0.00254609621096
1.611,1.9629639805e-13,2.17998835781e-05,0.000136765717879,0.000603796988297,0.00253767032232
1.612,1.91812897805e-13,2.17154765222e-05,0.000136229913704,0.000601043818452,0.00252796805769
1.613,1.87135147946e-13,2.15955070936e-05,0.000135471392874,0.000597390250662,0.00251428043313
1.614,1.8329493963e-13,2.15476828191e-05,0.000135168018122,0.00059584737404,0.00250918646818
1.615,1.78910326926e-13,2.14368080661e-05,0.000134466940102,0.000592599871659,0.00249686847983
1.616,1.7472629531e-13,2.13419532441e-05,0.000133865988884,0.000589909151468,0.00248658461293
1.617,1.7047522675e-13,2.12399982679e-05,0.000133222572591,0.000587125178329,0.00247574875804
1.618,1.66278359036e-13,2.11385199625e-05,0.000132582033096,0.000584505465921,0.00246533211122
1.619,1.62031047077e-13,2.10172264818e-05,0.0001318171252,0.000581431354566,0.00245278268658
1.62,1.57552541727e-13,2.08670850972e-05,0.000130871099837,0.000577646415664,0.00243696135348
1.621,1.53372481045e-13,2.07400291021e-05,0.000130068975369,0.000574611751476,0.00242398766712
1.622,1.49528445636e-13,2.06503528273e-05,0.000129500361422,0.000572674668994,0.00241547664645
1.623,1.45417936662e-13,2.05296960086e-05,0.000128739411335,0.000569947677346,0.00240343851424
1.624,1.41529849701e-13,2.04218477952e-05,0.000128058410116,0.00056765591235,0.00239316106947
1.625,1.3757612009e-13,2.03007964251e-05,0.000127294467726,0.000565020666337,0.00238148782777
1.626,1.33745374262e-13,2.01884885869e-05,0.000126591014125,0.000562698993506,0.00237111060754
1.627,1.30150101812e-13,2.00966113114e-05,0.000126014878023,0.000560934991043,0.00236327336086
1.628,1.26260553026e-13,1.99603485548e-05,0.0001251614363,0.00055797785874,0.00235041604385
1.629,1.22401129126e-13,1.9810706149e-05,0.000124225213573,0.000554637642453,0.00233601155338
1.63,1.19066646609e-13,1.97457132523e-05,0.000123817897678,0.000553711364213,0.0023316210047
1.631,1.15565549107e-13,1.96383907482e-05,0.000123148469109,0.000551616651779,0.00232239349214
1.632,1.12176239806e-13,1.95452091062e-05,0.000122570128783,0.00054994700945,0.00231489975967
1.633,1.08976432084e-13,1.94621292449e-05,0.000122057802136,0.00054862127186,0.00230889963409
1.634,1.05572594511e-13,1.93458360213e-05,0.000121345086391,0.000546335840834,0.00229891754122
1.635,1.02379564829e-13,1.92552270685e-05,0.000120802182304,0.000544841463947,0.0022922005651
1.636,9.90483276784e-14,1.9130753614e-05,0.000120051559656,0.000542422636514,0.00228152206965
1.637,9.58531080032e-14,1.9023892465e-05,0.000119414986582,0.000540509566974,0.00227297662434
1.638,9.26803302688e-14,1.89214048826e-05,0.000118805697494,0.000538740904965,0.00226507709341
1.639,8.96567984008e-14,1.88315358733e-05,0.000118276541576,0.000537318201827,0.00225866213922
1.64,8.65883234975e-14,1.87202611057e-05,0.000117622764605,0.000535323983535,0.00224987311215
1.641,8.35717830775e-14,1.85970850716e-05,0.000116913987728,0.000532978081484,0.00223961454901
1.642,8.08141648405e-14,1.85344331156e-05,0.000116590523454,0.000532356245755,0.00223670946897
1.643,7.80805162306e-14,1.84565665427e-05,0.000116177586932,0.000531341429557,0.00223214029122
1.644,7.52880378672e-14,1.83514558459e-05,0.000115606734822,0.000529597900525,0.00222441129739
1.645,7.25400907232e-14,1.8255403603e-05,0.000115095580478,0.000528062152592,0.00221760442191
1.646,6.99071181061e-14,1.81679354057e-05,0.000114652331212,0.000526803145666,0.00221201293101
1.647,6.74489926442e-14,1.8106667522e-05,0.000114402509017,0.000526317489406,0.00220969058395
1.648,6.48616008245e-14,1.80006034444e-05,0.000113873864413,0.000524558227812,0.00220195077893
1.649,6.24178111405e-14,1.79229506974e-05,0.000113534294104,0.000523615745892,0.002197661449
1.65,5.98505909356e-14,1.7790651271e-05,0.00011284575314,0.000521049924329,0.00218669515927
1.651,5.81192711965e-14,1.78147632593e-05,0.000113086846665,0.000522402993706,0.00219188067161
1.652,5.75170382607e-14,1.80392304441e-05,0.000114530188909,0.00052880802354,0.00221801889942
1.653,5.68675726836e-14,1.82337863445e-05,0.000115779789461,0.000534254686644,0.0022400706086
1.654,5.63700159829e-14,1.84664236695e-05,0.000117263230813,0.000540678833569,0.00226630971535
1.655,5.62034110954e-14,1.87962928016e-05,0.000119363174226,0.000549905511704,0.00230421648468
1.656,5.59758023388e-14,1.90857008096e-05,0.00012120024095,0.000557893932208,0.00233688257613
1.657,5.58766486205e-14,1.94148793857e-05,0.000123291072278,0.000566971720112,0.00237411963719
1.658,5.57220876053e-14,1.97152109694e-05,0.000125183969978,0.000575158526138,0.0024075551944
1.659,5.55864714821e-14,2.00324758162e-05,0.000127187883666,0.000583795732061,0.00244286192466
1.66,5.55440238183e-14,2.0371347636e-05,0.000129330428087,0.000593075373537,0.00248084195427
1.661,5.53024570928e-14,2.06418518612e-05,0.00013103567424,0.000600316216626,0.00251029029341
1.662,5.51666974507e-14,2.0950736753e-05,0.000132982478212,0.000608648045656,0.00254427322047
1.663,5.50535194412e-14,2.12666092624e-05,0.000134971708001,0.000617158553683,0.00257897262944
1.664,5.50140242567e-14,2.16027472357e-05,0.000137091750155,0.000626221846953,0.0026160167348
1.665,5.48798015424e-14,2.19073046092e-05,0.000139015445274,0.000634373495788,0.00264926840963
1.666,5.46965538006e-14,2.21948030922e-05,0.000140813046395,0.000641970721358,0.00268010821915
1.667,5.46733049355e-14,2.25375937634e-05,0.000142961024929,0.000651152553914,0.00271759189703
1.668,5.43871071019e-14,2.27779367969e-05,0.000144467686164,0.000657367355539,0.0027427212786
1.669,5.32369089261e-14,2.26679340299e-05,0.000143748497395,0.000653361318766,0.00272510619061
1.67,5.23022222437e-14,2.26263432608e-05,0.000143465853424,0.000651349720615,0.00271575699925
1.671,5.1226988477e-14,2.25179729032e-05,0.000142752893921,0.000647410784569,0.0026983795515
1.672,5.01319598602e-14,2.24087974995e-05,0.000142038473772,0.00064346716087,0.00268135639436
1.673,4.90360760331e-14,2.22932280114e-05,0.000141286637571,0.000639359813238,0.00266481710588
1.674,4.79904038817e-14,2.22012674576e-05,0.000140675985121,0.000635915456823,0.0026525342066
1.675,4.68631777857e-14,2.20641321415e-05,0.000139784686062,0.000631204290883,0.00263514090562
1.676,4.58305403417e-14,2.19649027397e-05,0.000139137495834,0.000627606781704,0.00262234347623
1.677,4.48488645457e-14,2.18827136449e-05,0.000138602843389,0.000624523920803,0.00261165973582
1.678,4.37550958113e-14,2.17331971708e-05,0.000137638508037,0.000619624896978,0.00259305645462
1.679,4.28707649572e-14,2.16865134571e-05,0.000137313907188,0.00061776046408,0.00258692820658
1.68,4.1836340273e-14,2.15525907301e-05,0.000136451499135,0.000613669042167,0.00257079000173
1.681,4.09390134378e-14,2.14903068355e-05,0.000136039038003,0.000611767773882,0.00256371199556
1.682,4.00046622143e-14,2.14097579331e-05,0.000135508177156,0.000609520629957,0.0025546611838
1.683,3.91201510921e-14,2.13331529756e-05,0.000135013250346,0.000607596086881,0.0025466235339
1.684,3.815302434e-14,2.12201837744e-05,0.000134279214554,0.000604760940023,0.00253442485107
1.685,3.72825984189e-14,2.11554072603e-05,0.00013385035045,0.000603489048672,0.00252828493119
1.686,3.63472336034e-14,2.10391477283e-05,0.00013309606516,0.000600814610546,0.00251612737755
1.687,3.54339482187e-14,2.09254347532e-05,0.000132352329463,0.000598276185533,0.0025044401326
1.688,3.45011370361e-14,2.08008338624e-05,0.000131548299867,0.000595479068535,0.00249182488731
1.689,3.36147801041e-14,2.06956132456e-05,0.000130862878393,0.000593255926992,0.00248165818273
1.69,3.27080626663e-14,2.05649526655e-05,0.000130020926793,0.000590336115911,0.00246864498617
1.691,3.1849201159e-14,2.04632083805e-05,0.000129353949911,0.000588247929918,0.00245923216719
1.692,3.09916509964e-14,2.03488174413e-05,0.000128612571025,0.000585801738928,0.00244829583748
1.693,3.02161733275e-14,2.02694413261e-05,0.000128088422192,0.000584401476793,0.00244179264758
1.694,2.93358230128e-14,2.01270094358e-05,0.000127173469244,0.00058117793286,0.00242777943168
1.695,2.84782486358e-14,1.99847331957e-05,0.000126257921063,0.00057800395245,0.00241405653579
1.696,2.76445548415e-14,1.98643525943e-05,0.000125485402807,0.000575416020466,0.00240297894522
1.697,2.68869584931e-14,1.97799393588e-05,0.000124947485961,0.000573906588804,0.00239650392587
1.698,2.60962359339e-14,1.96599249383e-05,0.000124189149121,0.000571355216457,0.00238577656617
1.699,2.52942181343e-14,1.9525068938e-05,0.000123333224818,0.000568359499737,0.00237327369556
1.7,2.45940010551e-14,1.94537940555e-05,0.000122893656264,0.000567286281534,0.00236873722417
1.701,2.38693640078e-14,1.93622750633e-05,0.000122323015232,0.000565615390835,0.0023617822916
1.702,2.31229466327e-14,1.92462044268e-05,0.00012160804398,0.00056318482918,0.00235171890828
1.703,2.23496413406e-14,1.91002244287e-05,0.000120710657815,0.00055990682396,0.00233822468669
1.704,2.16429263411e-14,1.89936479082e-05,0.000120063471282,0.000557804098703,0.00232972124442
1.705,2.09481382416e-14,1.8887998718e-05,0.000119426865523,0.000555732099588,0.00232134621653
1.706,2.02823945577e-14,1.87985658287e-05,0.000118903579876,0.000554162468029,0.00231507350285
1.707,1.95896244097e-14,1.86733993018e-05,0.000118158569625,0.000551517403403,0.00230443810589
1.708,1.89190827889e-14,1.85615198143e-05,0.000117504475678,0.000549322271463,0.00229562128099
1.709,1.83001146724e-14,1.84832380043e-05,0.000117073814742,0.000548140772211,0.00229099953127
1.71,1.76290827797e-14,1.83535317482e-05,0.000116312588608,0.000545422272689,0.00228003105547
1.711,1.70000260352e-14,1.82536481498e-05,0.000115758279162,0.000543607196064,0.00227283515026
1.712,1.64135963447e-14,1.81683507097e-05,0.000115304397098,0.000542108608282,0.00226681146971
1.713,1.62772580253e-14,1.84146565184e-05,0.000116877345278,0.000549218711273,0.00229602874502
1.714,1.6171208019e-14,1.86732776388e-05,0.000118518194609,0.000556572872751,0.00232622095655
1.715,1.60439052788e-14,1.89014496599e-05,0.000119969636643,0.000562923063611,0.00235211920177
1.716,1.59665226196e-14,1.91774406341e-05,0.000121712639307,0.000570633009231,0.0023836700028
1.717,1.58980551967e-14,1.9453476603e-05,0.000123458609388,0.000578290163315,0.00241496513366
1.718,1.58162994201e-14,1.97160952994e-05,0.000125114447329,0.000585466317687,0.00244420274153
1.719,1.57185250808e-14,1.99474482697e-05,0.000126570613179,0.000591685073072,0.00246946334942
1.72,1.56660674462e-14,2.02358047839e-05,0.000128388505418,0.000599551418499,0.00250156576361
1.721,1.55504174605e-14,2.04440448491e-05,0.000129699878184,0.000605031130699,0.0025236585222
1.722,1.55023210667e-14,2.073566454e-05,0.000131534669197,0.000612923084544,0.0025558409642
1.723,1.54677507131e-14,2.10392154537e-05,0.000133449679098,0.000621160400469,0.00258945914007
1.724,1.53977427687e-14,2.13006362003e-05,0.000135090719606,0.000628104569569,0.00261761227515
1.725,1.53583697849e-14,2.15936762709e-05,0.000136934735882,0.000635971697302,0.00264960478285
1.726,1.53363603552e-14,2.19135974007e-05,0.000138948666278,0.000644616663838,0.00268480583425
1.727,1.52035172788e-14,2.20739737473e-05,0.00013994604442,0.00064847444303,0.0027000459496
1.728,1.49334621558e-14,2.20424592854e-05,0.000139724649399,0.000646598486167,0.00269129735535
1.729,1.46343782838e-14,2.19716953065e-05,0.000139259359991,0.000643592982384,0.00267789014399
1.73,1.43410142883e-14,2.1902683295e-05,0.000138802482709,0.00064066642276,0.0026648331928
1.731,1.40759435714e-14,2.18684946258e-05,0.000138565821327,0.000638762787288,0.00265616552059
1.732,1.37805984752e-14,2.17791518353e-05,0.000137981312034,0.000635268200224,0.00264183095732
1.733,1.35163091923e-14,2.17409022986e-05,0.000137721177796,0.000633258147972,0.00263521708627
1.734,1.32029858544e-14,2.16109505758e-05,0.000136876940472,0.000628583851436,0.00261802913801
1.735,1.29129782471e-14,2.1521691665e-05,0.000136292254261,0.000625103951949,0.00260581556819
1.736,1.26082651418e-14,2.13985806632e-05,0.000135490077153,0.00062061928472,0.00258940308336
1.737,1.2334866281e-14,2.13105060622e-05,0.000134903768616,0.000617189477434,0.00257740468589
1.738,1.2046245823e-14,2.11996353749e-05,0.000134184661109,0.000613175369489,0.00256283788285
1.739,1.17401464709e-14,2.10539312076e-05,0.000133238596195,0.000608289625441,0.00254425897727
1.74,1.14758643355e-14,2.0983510276e-05,0.000132770497186,0.000605749901838,0.00253501435313
1.741,1.12082384512e-14,2.08918674941e-05,0.000132173719565,0.000602804615093,0.00252352815318
1.742,1.09512620664e-14,2.08055031653e-05,0.000131612718037,0.000600235788178,0.00251316326836
1.743,1.06912858599e-14,2.07202671066e-05,0.000131049894318,0.000597829772892,0.0025033376005
1.744,1.04266263175e-14,2.06150289583e-05,0.000130364415143,0.000594988642667,0.00249144005938
1.745,1.01451608331e-14,2.04712640953e-05,0.000129435292475,0.000591130689189,0.0024750018864
1.746,9.8917746382e-15,2.03677647583e-05,0.000128766162465,0.000588537156849,0.00246380133832
1.747,9.62299280615e-15,2.02274279578e-05,0.000127866788255,0.00058495543071,0.00244830508404
1.748,9.37167912069e-15,2.01227397577e-05,0.000127187625538,0.000582489388789,0.00243724706159
1.749,9.12142162172e-15,2.00064806634e-05,0.000126433216613,0.000579711706676,0.00242486859003
1.75,8.89139846343e-15,1.99324526038e-05,0.00012594664432,0.000578218976024,0.00241795507512
1.751,8.66387004841e-15,1.985013618e-05,0.000125406901693,0.000576510358619,0.00241013711651
1.752,8.4685420144e-15,1.98189812261e-05,0.000125194752917,0.000576131403684,0.00240791332545
1.753,8.43527305166e-15,2.00921229437e-05,0.000126905744929,0.000583630327337,0.00243861057477
1.754,8.39049840102e-15,2.03261169577e-05,0.000128373739155,0.00058997364173,0.00246443959708
1.755,8.3598980429e-15,2.05913810484e-05,0.000130038735448,0.000597146735372,0.0024937274789
1.756,8.33640546189e-15,2.08798840726e-05,0.000131852195078,0.000604962604925,0.00252566753753
1.757,8.29587226839e-15,2.11251855043e-05,0.000133388436645,0.000611490341651,0.00255215583129
1.758,8.28602563693e-15,2.14524276477e-05,0.000135440243166,0.000620331303506,0.00258830202683
1.759,8.26771502688e-15,2.17537213363e-05,0.00013732348919,0.000628388036786,0.0026211415851
1.76,8.25073676273e-15,2.20613764036e-05,0.000139257655705,0.000636628612019,0.00265473238309
1.761,8.11484066583e-15,2.20597535066e-05,0.000139237833827,0.000635833094642,0.00265055749015
1.762,7.95053000156e-15,2.19817046702e-05,0.000138732256967,0.000632772456295,0.0026369100682
1.763,7.80270654317e-15,2.19475985317e-05,0.000138505006273,0.000630994473147,0.00262859617427
1.764,7.64898356806e-15,2.18867553204e-05,0.000138108775854,0.000628449183878,0.00261711568494
1.765,7.48318075465e-15,2.17860623443e-05,0.000137466626669,0.000624800942225,0.00260112513851
1.766,7.30940042905e-15,2.16467036884e-05,0.000136575622242,0.000620024563302,0.00258077157625
1.767,7.14101180533e-15,2.1530174841e-05,0.000135830496442,0.000615919915973,0.00256393670595
1.768,6.9804416897e-15,2.1429883599e-05,0.000135186869506,0.000612289394541,0.00254993615846
1.769,6.81894371926e-15,2.13269735939e-05,0.000134527896613,0.000608600018023,0.00253642168218
1.77,6.66568858474e-15,2.1239756737e-05,0.000133968214569,0.000605366058512,0.00252507300757
1.771,6.51076218442e-15,2.11324421083e-05,0.000133286339523,0.000601610296898,0.00251166864354
1.772,6.37310529497e-15,2.10707544367e-05,0.000132885382413,0.000599150554316,0.00250356565176
1.773,6.22435890831e-15,2.09714740138e-05,0.000132243839075,0.000595662498858,0.00249103668233
1.774,6.07915314216e-15,2.08644966484e-05,0.000131559322776,0.000592002697396,0.00247774719898
1.775,5.93866005146e-15,2.07810947532e-05,0.000131020732782,0.000588993459916,0.00246724894861
1.776,5.8080879406e-15,2.07229799616e-05,0.000130639731139,0.000586807298387,0.00246004517756
1.777,5.66389435844e-15,2.06118774151e-05,0.000129925874158,0.000583210367973,0.00244666529375
1.778,5.52123279895e-15,2.04962932948e-05,0.000129181209006,0.000579595068308,0.00243303204375
1.779,5.38904383461e-15,2.04234323722e-05,0.000128707436251,0.000577285452266,0.00242454954102
1.78,5.26534869938e-15,2.03732691563e-05,0.000128378815026,0.000575740527072,0.00241890237288
1.781,5.12734966506e-15,2.02685692486e-05,0.00012771297715,0.000572778838964,0.00240699858617
1.782,4.979552136e-15,2.01143013347e-05,0.000126736235725,0.000568557803562,0.00238953279676
1.783,4.8536496503e-15,2.00358688287e-05,0.000126230182625,0.000566578381921,0.00238130398887
1.784,4.73261161945e-15,1.99613961993e-05,0.000125753059246,0.000564808493505,0.00237367781279
1.785,4.61403204626e-15,1.98946407609e-05,0.000125322422733,0.000563299300896,0.00236711210508
1.786,4.49932953067e-15,1.98377725593e-05,0.00012495661318,0.000562080246326,0.0023618293719
1.787,4.38332360098e-15,1.97777882203e-05,0.000124569242487,0.000560764450974,0.00235631630058
1.788,4.32105526726e-15,1.98967764217e-05,0.000125308895763,0.000564020788629,0.00236964024783
1.789,4.30996022999e-15,2.01980873412e-05,0.000127197401051,0.00057213716273,0.00240316464525
1.79,4.28824133274e-15,2.04500853847e-05,0.000128774932898,0.000578812825871,0.00243054678411
1.791,4.27609903705e-15,2.07371032549e-05,0.000130574389962,0.000586468454871,0.00246201884453
1.792,4.2644926987e-15,2.1032621135e-05,0.000132426795328,0.000594340658213,0.00249431612983
1.793,4.26710819239e-15,2.13931848002e-05,0.00013468838858,0.000604021419685,0.00253413739458
1.794,4.25486922458e-15,2.16839105455e-05,0.000136509960797,0.000611690943097,0.00256551425418
1.795,4.24455073462e-15,2.19786321919e-05,0.000138359975654,0.000619479208595,0.00259732789489
1.796,4.23942474041e-15,2.23051573926e-05,0.000140407173435,0.000628118153229,0.00263273405352
1.797,4.18407958375e-15,2.23791221943e-05,0.000140863939054,0.000629581035397,0.00263784889783
1.798,4.09713010396e-15,2.22875321027e-05,0.000140285287696,0.000626360679012,0.00262333414541
1.799,4.00720487441e-15,2.21756121071e-05,0.000139571201928,0.000622558552553,0.00260637944376
1.8,3.91594437963e-15,2.20323654868e-05,0.000138662189437,0.000617906594063,0.0025858749768
1.801,3.82742849796e-15,2.19063842805e-05,0.000137861667724,0.000613732117838,0.00256747630977
1.802,3.74878694699e-15,2.18441157517e-05,0.000137464337707,0.000611339467872,0.00255710772709
1.803,3.67328922008e-15,2.17775757795e-05,0.000137038316487,0.00060884332878,0.00254706245762
1.804,3.5940823123e-15,2.16758020904e-05,0.000136389164948,0.000605372392556,0.00253362224481
1.805,3.51326879747e-15,2.15773525478e-05,0.000135761259634,0.000601991409098,0.00252125434543
1.806,3.43650187973e-15,2.1493699771e-05,0.000135226773123,0.000599053483136,0.00251098583103
1.807,3.36223434553e-15,2.14285200207e-05,0.000134808718681,0.000596618428188,0.00250299105668
1.808,3.28255194988e-15,2.13185087529e-05,0.000134104866877,0.000592929901699,0.00248965237942
1.809,3.21430534498e-15,2.12743186743e-05,0.000133817922746,0.000591164726186,0.00248421082394
1.81,3.13631166904e-15,2.11646437207e-05,0.0001331209128,0.000587649044149,0.00247125949449
1.811,3.05882813186e-15,2.10504573053e-05,0.000132393741738,0.000584081002238,0.00245788205151
1.812,2.98406481032e-15,2.09404517597e-05,0.000131693321922,0.000580684109583,0.0024451509664
1.813,2.91622674702e-15,2.08633767513e-05,0.00013120018481,0.000578307861687,0.00243638964438
1.814,2.84095967992e-15,2.07282591258e-05,0.00013034004393,0.000574479579848,0.00242111431912
1.815,2.76778925654e-15,2.06168228966e-05,0.000129634002142,0.000571411230821,0.00240878747593
1.816,2.69989212546e-15,2.05351872436e-05,0.000129112673055,0.000569246268341,0.0024002038987
1.817,2.63008065568e-15,2.04305934325e-05,0.000128447306144,0.000566523349301,0.00238922537805
1.818,2.56033373233e-15,2.03056735106e-05,0.000127656683115,0.000563342823972,0.00237614437501
1.819,2.49311151221e-15,2.02172657056e-05,0.000127093382937,0.000561216886436,0.00236739373228
1.82,2.42551008283e-15,2.01147436677e-05,0.000126444209947,0.000558756841584,0.00235716500878
1.821,2.36325314781e-15,2.0037099372e-05,0.000125947350892,0.000557059526688,0.00235000474518
1.822,2.29791430199e-15,1.99294105067e-05,0.000125262829901,0.00055455791361,0.00233933844671
1.823,2.2304644487e-15,1.97890400062e-05,0.000124370522583,0.000551216718562,0.00232509776975
1.824,2.16241149562e-15,1.9651414e-05,0.000123495543529,0.000547993194651,0.00231117418803
1.825,2.09895505297e-15,1.95275635023e-05,0.00012271176409,0.000545243160347,0.00229908123809
1.826,2.04012176502e-15,1.94353723959e-05,0.000122122825036,0.000543402299445,0.00229089537536
1.827,1.98498577295e-15,1.93717697098e-05,0.00012171458703,0.000542364917499,0.00228617541172
1.828,1.92820484054e-15,1.9274463176e-05,0.000121094355638,0.000540413684018,0.00227760408623
1.829,1.86794840602e-15,1.9149229382e-05,0.000120297657016,0.000537727261796,0.00226579582796
1.83,1.81202140125e-15,1.90574638651e-05,0.000119714591417,0.000536020462275,0.00225809698292
1.831,1.75857446706e-15,1.89866246644e-05,0.000119262498158,0.000534881278893,0.00225287140805
1.832,1.70252941472e-15,1.88760617669e-05,0.000118571094424,0.000532618681982,0.00224296176014
1.833,1.64914777168e-15,1.87872004941e-05,0.00011802101496,0.00053096257172,0.00223558226893
1.834,1.59677555254e-15,1.86971102109e-05,0.000117466744747,0.000529289784421,0.00222817255364
1.835,1.54493598753e-15,1.86051380801e-05,0.000116897679675,0.000527594153408,0.00222067658198
1.836,1.49073766136e-15,1.8489047359e-05,0.000116178971106,0.000525210353951,0.00221029008551
1.837,1.43974528084e-15,1.83841323718e-05,0.000115531201131,0.000523160288994,0.00220136483247
1.838,1.38966624445e-15,1.82760639019e-05,0.000114871011943,0.000521056863734,0.0021921675143
1.839,1.33963450156e-15,1.81539603632e-05,0.000114134775769,0.000518583815394,0.0021814275003
1.84,1.29576937655e-15,1.80952157356e-05,0.000113807180392,0.000517934255549,0.00217833150184
1.841,1.25145581481e-15,1.80318112726e-05,0.000113464461876,0.000517203339386,0.00217487477769
1.842,1.20805264356e-15,1.79630931976e-05,0.000113088469313,0.000516342330247,0.00217086458048
1.843,1.16889508943e-15,1.79318364851e-05,0.00011295353848,0.000516436459068,0.00217082063182
1.844,1.15809988117e-15,1.81669574091e-05,0.000114438038577,0.000523032141151,0.00219786883867
1.845,1.14853855128e-15,1.8409402109e-05,0.000115962986205,0.000529708425766,0.00222527581004
1.846,1.14117342637e-15,1.8661852364e-05,0.000117555378828,0.000536664671528,0.00225375017832
1.847,1.13664966369e-15,1.89457295612e-05,0.000119342752186,0.000544481977672,0.0022857471583
1.848,1.12936972457e-15,1.91835468602e-05,0.000120838849618,0.00055090373775,0.00231188171372
1.849,1.1265300723e-15,1.94926492284e-05,0.000122780128063,0.0005592706486,0.00234617914804
1.85,1.12333840228e-15,1.97903600571e-05,0.000124647609747,0.000567313403233,0.00237901337504
1.851,1.11918170466e-15,2.00718012461e-05,0.000126416473752,0.000574866712198,0.0024098484726
1.852,1.11305688812e-15,2.03093502361e-05,0.000127907622858,0.000581146317865,0.00243531736744
1.853,1.11003086722e-15,2.06068215109e-05,0.000129773472016,0.000589092378199,0.00246779145547
1.854,1.10543085039e-15,2.0874559743e-05,0.000131452123467,0.000596198562106,0.00249666866741
1.855,1.10457724151e-15,2.12118076782e-05,0.000133569602006,0.000605205159423,0.00253357038078
1.856,1.10206090838e-15,2.15137065761e-05,0.000135462111134,0.000613218268764,0.00256629911329
1.857,1.10019322372e-15,2.18294852481e-05,0.000137441604667,0.000621621396587,0.00260061518714
1.858,1.09849132329e-15,2.21558001292e-05,0.000139488631149,0.000630296774046,0.00263598667436
1.859,1.08478744038e-15,2.22297506021e-05,0.000139947325944,0.000631703798374,0.00264095471685
1.86,1.06079228733e-15,2.21131745084e-05,0.000139201186759,0.000627649092425,0.00262310475404
1.861,1.03776562692e-15,2.19971163718e-05,0.000138460909104,0.000623640916488,0.00260540389412
1.862,1.01741961089e-15,2.19361661091e-05,0.000138068495918,0.00062120732681,0.00259432626831
1.863,9.96291681179e-16,2.18587276232e-05,0.000137569518806,0.000618302730931,0.00258172933864
1.864,9.75570605296e-16,2.17769805743e-05,0.000137044701849,0.000615307128558,0.00256989383181
1.865,9.56906477006e-16,2.17372545052e-05,0.000136784611821,0.000613519722576,0.0025642881171
1.866,9.34855238411e-16,2.1613525705e-05,0.000135998498164,0.000609361456602,0.00254916181653
1.867,9.15983681672e-16,2.15566265962e-05,0.0001356301101,0.000607091437784,0.00254183691755
1.868,8.95149813469e-16,2.14494733143e-05,0.000134948005254,0.000603411347949,0.00252866670399
1.869,8.75222262402e-16,2.13572291276e-05,0.00013435951434,0.000600208989314,0.00251725482905
1.87,8.56688537764e-16,2.1289143631e-05,0.000133924364522,0.000597787867156,0.00250880689206
1.871,8.37432105371e-16,2.12029148831e-05,0.000133373186447,0.000594976394582,0.00249842590607
1.872,8.17424681968e-16,2.10945258883e-05,0.00013267818491,0.000591670900424,0.00248579433175
1.873,7.98041298653e-16,2.09976987796e-05,0.000132061566417,0.000588839963212,0.00247488288328
1.874,7.79437021798e-16,2.09137736941e-05,0.000131520877237,0.000586509360335,0.0024656946495
1.875,7.60340653894e-16,2.0806948076e-05,0.000130839121815,0.000583745711383,0.00245404376057
1.876,7.42531115589e-16,2.0744764816e-05,0.000130436681351,0.000582340379871,0.0024479553522
1.877,7.22868875886e-16,2.06163763804e-05,0.000129622333328,0.000579231138954,0.00243436587608
1.878,7.03735819404e-16,2.04902890876e-05,0.000128819032141,0.000576237547689,0.00242127254245
1.879,6.85385864602e-16,2.03813249101e-05,0.000128127889299,0.000573881143338,0.00241049437857
1.88,6.69474876557e-16,2.03346173991e-05,0.000127820106797,0.000573287022937,0.00240710113397
1.881,6.51947263944e-16,2.02288584306e-05,0.000127146760123,0.000571091424355,0.00239693834519
1.882,6.32985244348e-16,2.00693192348e-05,0.00012613678776,0.000567397710276,0.00238060528823
1.883,6.165944803e-16,1.99670952145e-05,0.000125487869211,0.00056536359811,0.00237127538001
1.884,5.99839165999e-16,1.98636598815e-05,0.00012482997172,0.000563285405291,0.00236186563096
1.885,5.83145472993e-16,1.97634961233e-05,0.000124193308342,0.000561305693326,0.00235300259106
1.886,5.6739327957e-16,1.96712428398e-05,0.000123606869789,0.000559568011171,0.00234517850252
1.887,5.52218139606e-16,1.95916034529e-05,0.0001231045875,0.000558194440458,0.00233897046527
1.888,5.35567403591e-16,1.94614486101e-05,0.000122287986384,0.000555424913839,0.00232703100993
1.889,5.20834152266e-16,1.93843532445e-05,0.000121800495641,0.000554157915235,0.00232133810328
1.89,5.04833636528e-16,1.92678532742e-05,0.000121067603071,0.000551783153813,0.00231105386441
1.891,4.89569350913e-16,1.91733463912e-05,0.000120468961172,0.000550011721421,0.00230341175913
1.892,4.7563807462e-16,1.91028215695e-05,0.000120023791685,0.000548983507986,0.00229886374582
1.893,4.61373765121e-16,1.9025833951e-05,0.000119536984896,0.000547758916146,0.00229347369597
1.894,4.46851865247e-16,1.89244543124e-05,0.000118899409454,0.000545847834293,0.0022852922141
1.895,4.32793996693e-16,1.88270552221e-05,0.000118288189326,0.000544082998729,0.00227764942617
1.896,4.18849987578e-16,1.872092156e-05,0.000117625198914,0.000542088043973,0.00226915644748
1.897,4.05100311465e-16,1.86156776925e-05,0.000116975900853,0.000540140867458,0.00226077316607
1.898,3.92026802149e-16,1.85255096251e-05,0.000116435707753,0.000538607278568,0.0022542019234
1.899,3.79257843862e-16,1.84448715734e-05,0.000115960017767,0.000537373948814,0.00224885416264
1.9,3.66179805173e-16,1.83432389533e-05,0.000115360348721,0.000535533910487,0.00224095361297
1.901,3.53410733668e-16,1.82358526522e-05,0.00011473572944,0.000533542547292,0.00223248473985
1.902,3.41740484754e-16,1.81680833855e-05,0.000114370530351,0.000532740617742,0.00222901624862
1.903,3.29229429436e-16,1.80448366159e-05,0.000113655746396,0.00053032329754,0.0022187614602
1.904,3.17558551611e-16,1.79704360159e-05,0.000113254145184,0.000529311999638,0.00221445563759
1.905,3.06215717844e-16,1.78852381767e-05,0.000112795823684,0.000528039377234,0.00220900065091
1.906,2.94390370542e-16,1.77649560406e-05,0.000112121453875,0.000525711891385,0.00219916232486
1.907,2.83012779918e-16,1.76634018449e-05,0.000111579666743,0.000523935366936,0.00219167349889
1.908,2.71952802265e-16,1.75567939055e-05,0.000111039149235,0.000522021716744,0.00218365139401
1.909,2.61341028482e-16,1.74646598727e-05,0.000110598211715,0.000520549783481,0.00217751313954
1.91,2.56924012918e-16,1.76315831273e-05,0.000111695684741,0.000525539736125,0.002197909588
1.911,2.5445656251e-16,1.78684867546e-05,0.000113211698353,0.000532318492282,0.00222561598682
1.912,2.52515054514e-16,1.81231956255e-05,0.00011483305728,0.000539524382188,0.00225514540654
1.913,2.50305938529e-16,1.83459531176e-05,0.000116243130774,0.000545701928652,0.00228026961109
1.914,2.48396041488e-16,1.85906390403e-05,0.000117788878802,0.0005524369492,0.0023077132953
1.915,2.47122321031e-16,1.88558640411e-05,0.000119460745707,0.000559715399225,0.00233738404697
1.916,2.46140735832e-16,1.91289456287e-05,0.000121184244602,0.000567170665614,0.00236774623005
1.917,2.45130021662e-16,1.93998559987e-05,0.000122891751589,0.000574562529053,0.00239784408198
1.918,2.4437454569e-16,1.96979963019e-05,0.000124766956926,0.000582699554151,0.00243099705323
1.919,2.44390356356e-16,2.00672232177e-05,0.000127099435436,0.00059291114496,0.00247276589484
1.92,2.44599844242e-16,2.04263699929e-05,0.000129361111596,0.000602806751647,0.00251323547724
1.921,2.43981850979e-16,2.07219948391e-05,0.00013122163344,0.000610790813635,0.0025457164793
1.922,2.43458855575e-16,2.10430359154e-05,0.000133242942853,0.000619498042569,0.00258121988771
1.923,2.43053548267e-16,2.1348228443e-05,0.000135167323997,0.00062773605555,0.00261472098987
1.924,2.42454543559e-16,2.16433608522e-05,0.000137018845972,0.000635656904798,0.0026468831682
1.925,2.42081068241e-16,2.195464744e-05,0.00013898615733,0.000644049605519,0.00268108666445
1.926,2.41830102087e-16,2.22815368838e-05,0.000141036912971,0.000652838858543,0.00271684984168
1.927,2.36915407641e-16,2.21976742747e-05,0.000140492341428,0.000649470788917,0.00270198009785
1.928,2.31903742117e-16,2.2082003851e-05,0.000139746096559,0.000645200936922,0.00268341971484
1.929,2.27333018767e-16,2.20176691815e-05,0.000139319695145,0.000642402448598,0.00267097026414
1.93,2.22911279305e-16,2.19683289844e-05,0.000138989298801,0.000640044280891,0.00266054850628
1.931,2.18123979315e-16,2.18689264364e-05,0.000138349644471,0.000636271015741,0.00264506351969
1.932,2.13602542741e-16,2.17882547293e-05,0.000137824243108,0.000633061714092,0.00263339226243
1.933,2.09154189021e-16,2.16977069239e-05,0.000137234069556,0.000629576876546,0.00262118527631
1.934,2.04592817928e-16,2.16228462009e-05,0.000136743365766,0.000626553344679,0.0026108822218
1.935,1.99735544499e-16,2.14986397148e-05,0.00013594150388,0.000622150205451,0.00259467585313
1.936,1.95258549184e-16,2.13951958498e-05,0.000135270150045,0.000618461838293,0.00258120750523
1.937,1.90777288452e-16,2.12904970404e-05,0.000134592272715,0.000614824070054,0.00256775115938
1.938,1.86117381414e-16,2.11604256463e-05,0.000133755641114,0.000610583988957,0.00255149024474
1.939,1.817646189e-16,2.10420087629e-05,0.000132992775176,0.000606865373021,0.00253700989348
1.94,1.77157816273e-16,2.09006170018e-05,0.000132086439796,0.00060265397969,0.00252013994656
1.941,1.72761407344e-16,2.07727665837e-05,0.000131260272504,0.000599014694489,0.00250519183539
1.942,1.68776166428e-16,2.06842146539e-05,0.00013068188764,0.000596697752768,0.0024954480142
1.943,1.64759354431e-16,2.06083484251e-05,0.000130191204443,0.000594844525684,0.0024875091372
1.944,1.60472952197e-16,2.04907282418e-05,0.000129434465069,0.000591891013498,0.00247484795719
1.945,1.5668595824e-16,2.04191745379e-05,0.000128965838778,0.000590327711935,0.00246790353166
1.946,1.52895415163e-16,2.03379542859e-05,0.000128434255482,0.000588606744984,0.00245986373708
1.947,1.49079194495e-16,2.02485508398e-05,0.000127857085239,0.000586716815144,0.00245107969535
1.948,1.44992653133e-16,2.01356825711e-05,0.00012712538408,0.000584118734539,0.00243949538829
1.949,1.41318949942e-16,2.00674108873e-05,0.000126676355917,0.000582870071503,0.00243362521994
1.95,1.37595450204e-16,1.9966679049e-05,0.000126024146848,0.000580698537407,0.00242394680846
1.951,1.34010687515e-16,1.98723098849e-05,0.000125412826657,0.000578766776228,0.00241535900134
1.952,1.30237133247e-16,1.97546707581e-05,0.00012465564851,0.000576113942585,0.00240389830126
1.953,1.26813532609e-16,1.96825631226e-05,0.00012418741617,0.000574833648013,0.00239821107958
1.954,1.23517774621e-16,1.96235982706e-05,0.000123798820333,0.000573922674095,0.00239412967538
1.955,1.20020574822e-16,1.95222843717e-05,0.000123150855551,0.000571777974847,0.00238504161576
1.956,1.16435979715e-16,1.94033125244e-05,0.000122391181449,0.000569108669755,0.00237376540168
1.957,1.13263290907e-16,1.93404482718e-05,0.000121989552064,0.000568102898265,0.00236959538106
1.958,1.10126958613e-16,1.927698979e-05,0.000121596218847,0.000567108967495,0.00236543397346
1.959,1.07687061751e-16,1.92943488073e-05,0.000121707714124,0.000568067073651,0.00236923409374
1.96,1.06901537369e-16,1.9505592672e-05,0.000123032003075,0.000573939003831,0.00239309048943
1.961,1.06277958461e-16,1.97461210207e-05,0.000124542063333,0.000580555358584,0.0024200131161
1.962,1.05748859744e-16,1.99997843674e-05,0.000126133625629,0.000587510301029,0.00244831416963
1.963,1.05392738775e-16,2.02793008733e-05,0.000127890521121,0.000595176448628,0.00247961438308
1.964,1.05149640996e-16,2.05912678967e-05,0.000129847527358,0.000603733055991,0.00251460764788
1.965,1.04779824145e-16,2.08627513057e-05,0.00013155049644,0.000611068545924,0.00254445758377
1.966,1.04528306518e-16,2.11773424854e-05,0.000133526523978,0.000619617378974,0.00257936034818
1.967,1.04268514381e-16,2.14794588226e-05,0.000135422400856,0.000627761668888,0.00261254761722
1.968,1.03880553222e-16,2.17518960782e-05,0.000137130304266,0.000635030159766,0.00264205933406
1.969,1.03852758311e-16,2.20875999829e-05,0.000139239771112,0.000644160627589,0.00267924085805
1.97,1.02613153221e-16,2.21693133852e-05,0.000139743196085,0.000645737655116,0.00268499455529
1.971,1.0074480176e-16,2.21362189361e-05,0.000139523165984,0.000643871907863,0.0026763950982
1.972,9.87595983628e-17,2.20724622181e-05,0.000139107176681,0.000641133469785,0.00266413745287
1.973,9.68209016504e-17,2.20175334151e-05,0.000138749008133,0.000638683486607,0.00265308107036
1.974,9.47047972876e-17,2.19038157562e-05,0.000138019344918,0.000634516402574,0.00263504512022
1.975,9.27567426477e-17,2.18235616582e-05,0.000137502210743,0.000631317712511,0.00262157400224
1.976,9.10074370479e-17,2.1783627466e-05,0.000137238084893,0.000629296984608,0.00261382299475
1.977,8.91480668846e-17,2.17257674462e-05,0.0001368643875,0.000626741826535,0.00260490013874
1.978,8.73446540215e-17,2.16787232129e-05,0.000136556527014,0.000624533833164,0.00259809570197
1.979,8.54621891327e-17,2.16014546374e-05,0.000136062347125,0.000621448177239,0.00258768530272
1.98,8.34202974687e-17,2.14697261723e-05,0.000135222680888,0.000616853595222,0.00257091353238
1.981,8.16086800277e-17,2.13825049109e-05,0.000134663606323,0.000613525074438,0.00255943479765
1.982,7.99019117597e-17,2.13158915662e-05,0.000134231121267,0.000610867627923,0.00255062120906
1.983,7.79802781982e-17,2.120509058e-05,0.000133523493459,0.000607011702558,0.00253657227034
1.984,7.60517244469e-17,2.10960821412e-05,0.000132825006902,0.000603298811456,0.00252294560267
1.985,7.43045850334e-17,2.10224308127e-05,0.000132350662313,0.000600740563438,0.00251378776972
1.986,7.2381777107e-17,2.08942135657e-05,0.000131533376644,0.000596711001281,0.00249827142062
1.987,7.07460856574e-17,2.08261836265e-05,0.000131094804939,0.000594569889063,0.00249033030891
1.988,6.90406293135e-17,2.07456022629e-05,0.000130578451625,0.000592197988453,0.00248104685727
1.989,6.73300443871e-17,2.06498017728e-05,0.000129967091811,0.000589513634776,0.0024702928424
1.99,6.55822325823e-17,2.05362025277e-05,0.000129244025855,0.000586401219547,0.00245754806495
1.991,6.39684611262e-17,2.04469257451e-05,0.000128671894957,0.000584115107014,0.00244790032003
1.992,6.22746180932e-17,2.03353571169e-05,0.000127961809799,0.00058123103819,0.0024356923332
1.993,6.16678831532e-17,2.05120860551e-05,0.000129068390229,0.000586018054928,0.00245540071873
1.994,6.13912109783e-17,2.07664052082e-05,0.000130659784569,0.000592780758774,0.00248320722251
1.995,6.11787791645e-17,2.10363085142e-05,0.000132349830252,0.000599982510184,0.0025127294512
1.996,6.09895477131e-17,2.13095742179e-05,0.000134062884783,0.000607227426334,0.00254243930203
1.997,6.09412386158e-17,2.1646421557e-05,0.000136174725845,0.000616251979408,0.00257955361802
1.998,6.07481534355e-17,2.19086728397e-05,0.0001378173985,0.000623146714822,0.00260768012474
1.999,6.05931009541e-17,2.21885554376e-05,0.00013957006771,0.000630524275096,0.00263780326019
2,6.03894449182e-17,2.24597824982e-05,0.000141266973402,0.000637613582703,0.0026666253782
2.001,5.92076050109e-17,2.23907605044e-05,0.000140824356296,0.000634949316545,0.00265448813679
2.002,5.79333927272e-17,2.22969973453e-05,0.00014022942481,0.000631611076553,0.00263948684524
2.003,5.67938167073e-17,2.22429173388e-05,0.000139882295582,0.000629410777757,0.00262919896928
2.004,5.56732292612e-17,2.21751831602e-05,0.000139448575604,0.000626811619932,0.00261735707686
2.005,5.46196740378e-17,2.21241606067e-05,0.000139120312069,0.000624700994867,0.00260774512463
2.006,5.34496799431e-17,2.20335379565e-05,0.000138542448849,0.00062145171536,0.00259377816773
2.007,5.23306111543e-17,2.19616926067e-05,0.000138080780659,0.000618737979898,0.00258251748267
2.008,5.12564066262e-17,2.1898181255e-05,0.000137672466501,0.000616264383756,0.00257280245433
2.009,5.01353074373e-17,2.17923967226e-05,0.000137001545556,0.000612621617004,0.00255888102031
2.01,4.89998689629e-17,2.16866839707e-05,0.000136329382558,0.000608997850467,0.00254555914207
2.011,4.78011904072e-17,2.15467017929e-05,0.000135444676449,0.000604391058188,0.00252847845106
2.012,4.67203063447e-17,2.14436391942e-05,0.000134791502851,0.000600886087494,0.00251592432705
2.013,4.5636395636e-17,2.13300080397e-05,0.000134071353181,0.000597097719792,0.00250216495528
2.014,4.45682865333e-17,2.12237621451e-05,0.000133396121599,0.00059353316094,0.00248928326883
2.015,4.34926114399e-17,2.1108345065e-05,0.000132665432381,0.000589780654004,0.0024755000587
2.016,4.24132569531e-17,2.09785179075e-05,0.000131841367572,0.000585714964847,0.00246023163322
2.017,4.1407985189e-17,2.08868247302e-05,0.000131256955277,0.000582805141021,0.00244962465033
2.018,4.04488466116e-17,2.08193216633e-05,0.000130823695234,0.000580629488982,0.00244195815328
2.019,3.94465913441e-17,2.07339352242e-05,0.000130279026296,0.000578116122638,0.00243238812848
2.02,3.85084061961e-17,2.06610264028e-05,0.000129816119816,0.000575991362328,0.00242445354961
2.021,3.75601742199e-17,2.0567869938e-05,0.00012922056471,0.000573332375704,0.00241416195485
2.022,3.6610569342e-17,2.04693893163e-05,0.000128594979015,0.000570652963718,0.00240345657105
2.023,3.56704769846e-17,2.0376590852e-05,0.000128007598486,0.000568237206699,0.00239363844684
2.024,3.47071372385e-17,2.02791961782e-05,0.00012738815915,0.000565716632852,0.00238332284094
2.025,3.38529288626e-17,2.02026233352e-05,0.000126900333535,0.000563868561188,0.00237563467673
2.026,3.29455277846e-17,2.01020872039e-05,0.000126261840532,0.000561393947132,0.00236519178506
2.027,3.21697010389e-17,2.00711235905e-05,0.000126062358004,0.000560902948483,0.00236306949867
2.028,3.13038807992e-17,1.99822224591e-05,0.000125497994749,0.000558822878949,0.00235416402346
2.029,3.04138624079e-17,1.98660666786e-05,0.000124759714727,0.000556015347215,0.00234210689042
2.03,2.94743506081e-17,1.97072783117e-05,0.00012375573203,0.000552108640891,0.00232533065798
2.031,2.86455754222e-17,1.96205586433e-05,0.000123202840284,0.000550245487201,0.00231710251457
2.032,2.78206176896e-17,1.95333811741e-05,0.00012264845688,0.000548418575103,0.00230903688149
2.033,2.69780599309e-17,1.94117341089e-05,0.000121880968261,0.000545635783831,0.00229685936291
2.034,2.61849571077e-17,1.93319980066e-05,0.000121380809167,0.000544097098702,0.00228987745315
2.035,2.533503751e-17,1.91890197261e-05,0.000120482707715,0.000540784269649,0.00227555370853
2.036,2.45595505509e-17,1.91023636271e-05,0.000119935521239,0.000539046163132,0.00226795329548
2.037,2.38150879863e-17,1.90272399049e-05,0.000119463228781,0.00053766372824,0.00226190658825
2.038,2.32998731128e-17,1.90646377358e-05,0.000119695327504,0.000539147358904,0.00226772041253
2.039,2.31253364199e-17,1.92968109061e-05,0.000121150422334,0.000545458971045,0.00229353554567
2.04,2.30296880819e-17,1.95710347855e-05,0.000122867382995,0.000552893608864,0.00232406285699
2.041,2.29153934264e-17,1.98252035797e-05,0.000124458135414,0.000559736402567,0.00235199099182
2.042,2.2796991244e-17,2.00766289397e-05,0.000126030937957,0.00056644725916,0.00237934029952
2.043,2.27378459011e-17,2.03810879056e-05,0.000127934249753,0.00057458508814,0.00241269967435
2.044,2.2636562127e-17,2.06449640756e-05,0.000129586327298,0.000581574152001,0.00244120865541
2.045,2.25249495451e-17,2.09106272575e-05,0.000131250012097,0.00058857213738,0.00246974508249
2.046,2.24902346625e-17,2.12149174026e-05,0.000133155034583,0.000596635003385,0.00250270294481
2.047,2.24801035469e-17,2.15485130141e-05,0.000135246578376,0.000605527283623,0.00253910210648
2.048,2.24286519136e-17,2.1870587048e-05,0.000137263090026,0.00061403907947,0.00257391140973
2.049,2.23722567896e-17,2.21713984912e-05,0.000139146222604,0.000621975889344,0.00260629902807
2.05,2.23036336144e-17,2.24624669439e-05,0.000140968700797,0.000629620372474,0.00263740365461
2.051,2.19563768918e-17,2.24630821945e-05,0.000140966538187,0.000629036097861,0.00263399754115
2.052,2.14731596118e-17,2.23272348158e-05,0.000140107039042,0.000624608953496,0.00261444464467
2.053,2.10145491385e-17,2.22193427008e-05,0.000139422726444,0.000620956852577,0.00259818566607
2.054,2.05732977841e-17,2.21225324602e-05,0.000138810781144,0.000617605263736,0.00258327484619
2.055,2.01209981093e-17,2.20171609877e-05,0.000138145243056,0.000614049833005,0.00256798953983
2.056,1.96896268367e-17,2.19134366879e-05,0.000137488621287,0.00061055621502,0.00255372032041
2.057,1.92697867515e-17,2.18192728316e-05,0.000136891685457,0.000607301895331,0.00254159694598
2.058,1.88503214794e-17,2.17245141832e-05,0.000136292750443,0.000604030836639,0.0025300723472
2.059,1.84120572933e-17,2.16054729421e-05,0.000135543245268,0.000600131299675,0.00251591483452
2.06,1.79956218813e-17,2.1510646799e-05,0.00013494325601,0.000596927794297,0.00250459993159
2.061,1.75705861511e-17,2.13873777646e-05,0.000134167028272,0.000592967302548,0.00249004115195
2.062,1.71813337758e-17,2.13115352885e-05,0.000133687233065,0.000590415844884,0.00248110733807
2.063,1.67870384052e-17,2.12185526614e-05,0.000133098860537,0.000587523770962,0.00247043632051
2.064,1.63969167118e-17,2.11201514278e-05,0.00013247694574,0.000584599374641,0.00245925168777
2.065,1.60231875851e-17,2.10477156499e-05,0.000132016740573,0.000582545081691,0.00245130015798
2.066,1.56237622273e-17,2.09361467182e-05,0.000131312122783,0.000579536937069,0.00243915792443
2.067,1.52479799675e-17,2.08364365447e-05,0.000130681300206,0.000576936379772,0.00242869440508
2.068,1.486237235e-17,2.0706608184e-05,0.000129861729925,0.00057365901555,0.00241501877971
2.069,1.448370654e-17,2.06010324304e-05,0.000129195464645,0.000571148207198,0.00240444179676
2.07,1.41156058045e-17,2.04927685304e-05,0.000128511476149,0.000568690355899,0.00239384108582
2.071,1.37764499194e-17,2.04065867052e-05,0.000127966168023,0.000566951980933,0.0023861120677
2.072,1.34246857029e-17,2.03243735624e-05,0.000127445858284,0.000565360133787,0.00237896819288
2.073,1.30843385325e-17,2.02276353593e-05,0.000126835082242,0.000563416603141,0.00237025633555
2.074,1.27532379159e-17,2.01508152577e-05,0.000126348962059,0.000562066546705,0.00236405555259
2.075,1.24148785668e-17,2.00572566343e-05,0.000125758574205,0.00056026405404,0.00235598379126
2.076,1.20804663488e-17,1.9951732881e-05,0.000125093084265,0.000558218603727,0.00234671478576
2.077,1.17353969036e-17,1.98312006082e-05,0.000124333416249,0.00055571731764,0.00233562475796
2.078,1.13861899714e-17,1.96878440247e-05,0.000123429349112,0.000552601846668,0.00232195361731
2.079,1.10810182036e-17,1.96120458511e-05,0.000122949153857,0.000551381980022,0.0023163124633
2.08,1.07837605746e-17,1.9538499739e-05,0.000122484405815,0.000550280565325,0.00231114657075
2.081,1.04842770685e-17,1.94649797237e-05,0.000122025544871,0.000549131397221,0.00230600544842
2.082,1.01788333023e-17,1.93611985291e-05,0.000121376889739,0.000547183619273,0.00229753619036
2.083,9.8758023649e-18,1.92561773146e-05,0.000120724316659,0.000545224210685,0.00228896193656
2.084,9.56274000305e-18,1.91325194044e-05,0.000119957378827,0.000542711913392,0.00227812920355
2.085,9.2618119262e-18,1.90129326671e-05,0.000119218605357,0.000540360770236,0.00226795850673
2.086,8.95803519822e-18,1.88784940893e-05,0.000118390376478,0.000537611430593,0.00225612294169
2.087,8.6665574907e-18,1.87525226153e-05,0.000117614552762,0.000535084092368,0.0022452397384
2.088,8.38755648726e-18,1.86420831066e-05,0.000116946612175,0.000533012018386,0.002236286347
2.089,8.12263645333e-18,1.85518038213e-05,0.000116408206879,0.000531560939848,0.0022298800199
2.09,7.86308546271e-18,1.84718035225e-05,0.000115948415013,0.000530401394084,0.0022247659212
2.091,7.58835029141e-18,1.83496301068e-05,0.000115230523638,0.000528034551753,0.00221464202105
2.092,7.32795157345e-18,1.82492305854e-05,0.00011465175489,0.000526269233686,0.00220715058291
2.093,7.08633379162e-18,1.81874451142e-05,0.000114328507246,0.000525649959351,0.00220446613253
2.094,6.84151431698e-18,1.80861602412e-05,0.000113770995472,0.000523901529043,0.00219706392347
2.095,6.6011098116e-18,1.79913735543e-05,0.000113254236228,0.000522361702533,0.00219047709189
2.096,6.35118318856e-18,1.78617935708e-05,0.000112516186809,0.000519802750393,0.00217963968465
2.097,6.10818712121e-18,1.77136445731e-05,0.000111671412767,0.00051677655138,0.0021668039892
2.098,5.87567728018e-18,1.76091894625e-05,0.000111117510184,0.000514988095975,0.00215916944259
2.099,5.65443304378e-18,1.75067090063e-05,0.000110588540578,0.000513311175214,0.00215197712876
2.1,5.44932495927e-18,1.74637887414e-05,0.00011044888587,0.000513337146196,0.00215200559694
2.101,5.24124914189e-18,1.73795266819e-05,0.000110063801548,0.000512156415037,0.00214695826085
2.102,5.03775917713e-18,1.73057767148e-05,0.000109757418676,0.000511281027931,0.00214320261869
2.103,4.89761556591e-18,1.73545447089e-05,0.000110178075509,0.000513490055747,0.00215214928886
2.104,4.84903548361e-18,1.76053567219e-05,0.000111786388004,0.000520720548071,0.00218184085295
2.105,4.8012150016e-18,1.78345926039e-05,0.000113259384913,0.000527171933612,0.00220825630403
2.106,4.7663236466e-18,1.8090331585e-05,0.00011488905371,0.000534361873695,0.00223761117162
2.107,4.73315384565e-18,1.83405930295e-05,0.000116482142317,0.000541290734127,0.00226594166185
2.108,4.70846194317e-18,1.8617249593e-05,0.000118239750534,0.000548942540677,0.00229725224534
2.109,4.6910640834e-18,1.89085299285e-05,0.000120084477734,0.00055696884413,0.00233010890808
2.11,4.66412059098e-18,1.9157080245e-05,0.000121652092068,0.000563681985133,0.00235742703042
2.111,4.6509772604e-18,1.94487221287e-05,0.000123503019459,0.000571639775505,0.00238990510946
2.112,4.64610727334e-18,1.97702897178e-05,0.000125539347215,0.000580441272341,0.00242586735301
2.113,4.63476857362e-18,2.00527617805e-05,0.000127322749922,0.000588060097047,0.00245697639763
2.114,4.62487721976e-18,2.03518693772e-05,0.000129213924592,0.000596143209874,0.00248998665476
2.115,4.61548458325e-18,2.06527865261e-05,0.000131108048439,0.000604248250445,0.00252299204946
2.116,4.6122985424e-18,2.09893003692e-05,0.00013322367853,0.000613362974901,0.00256016366833
2.117,4.59915178422e-18,2.12752793825e-05,0.000135021876028,0.000620999982365,0.00259129122668
2.118,4.59510910576e-18,2.1587955473e-05,0.000137002318376,0.000629410977701,0.00262558766383
2.119,4.58842834622e-18,2.18972912345e-05,0.000138953333349,0.000637773053683,0.00265955825975
2.12,4.58389334487e-18,2.22182862792e-05,0.000140971126338,0.000646388743124,0.00269461243884
2.121,4.49376877699e-18,2.2143958523e-05,0.00014048367735,0.000643371969935,0.00268119280151
2.122,4.40732293785e-18,2.2094871432e-05,0.000140149590801,0.000641075355898,0.00267075054485
2.123,4.31568924272e-18,2.19801402815e-05,0.000139401269844,0.000636901894369,0.00265246737102
2.124,4.22746350585e-18,2.19111329793e-05,0.000138922271901,0.000634016151675,0.00263963804712
2.125,4.13383170989e-18,2.17936632655e-05,0.000138143943427,0.000629739127201,0.00262196871901
2.126,4.04303062798e-18,2.16645909767e-05,0.000137305965183,0.000625170506161,0.00260484430749
2.127,3.96030479599e-18,2.15927070728e-05,0.000136834426369,0.000622297378403,0.00259517470716
2.128,3.86937214144e-18,2.14660675132e-05,0.000136011374513,0.000617812442675,0.00257877345733
2.129,3.78433890405e-18,2.13562420856e-05,0.000135303397132,0.000613887949773,0.00256463435134
2.13,3.69669542381e-18,2.1246432152e-05,0.000134587627717,0.000610035272105,0.00255054035823
2.131,3.61735545971e-18,2.1167132209e-05,0.000134067899696,0.000607219704012,0.00254039915396
2.132,3.53402162661e-18,2.10717606091e-05,0.000133447546691,0.000604098920356,0.00252862741469
2.133,3.46266309753e-18,2.10310553985e-05,0.000133172403619,0.000602722212884,0.00252382718947
2.134,3.38314933967e-18,2.09442404717e-05,0.000132599999032,0.000600174900512,0.0025139063479
2.135,3.29980738306e-18,2.08137153315e-05,0.000131757126982,0.000596540927252,0.00249902319605
2.136,3.22324164001e-18,2.07256125852e-05,0.00013117578021,0.000594255874513,0.00248950829529
2.137,3.14515999026e-18,2.06145366051e-05,0.000130454618516,0.000591429530664,0.00247739960957
2.138,3.07615101945e-18,2.05856705305e-05,0.000130255038982,0.000591084430463,0.00247547330167
2.139,2.99623908713e-18,2.04399360075e-05,0.00012931116314,0.00058746710848,0.00245965256551
2.14,2.92428946259e-18,2.03480520873e-05,0.000128711782169,0.000585508064492,0.00245048929211
2.141,2.85468196371e-18,2.02770116678e-05,0.000128239932019,0.000584184913368,0.00244394676864
2.142,2.77701674243e-18,2.01328150733e-05,0.000127309797773,0.000580797211698,0.00242881818061
2.143,2.70264972945e-18,2.00050075909e-05,0.000126481479384,0.000577875053927,0.00241573267777
2.144,2.63023535244e-18,1.98976123053e-05,0.000125782574547,0.000575570532186,0.00240532917549
2.145,2.56056623399e-18,1.98233626565e-05,0.000125293085667,0.000574212328728,0.00239903739248
2.146,2.4904476894e-18,1.97296107199e-05,0.000124674868857,0.000572292061112,0.00239043696328
2.147,2.42267362845e-18,1.96295061402e-05,0.000124020568979,0.000570231843256,0.00238128896595
2.148,2.35557534507e-18,1.95261064387e-05,0.00012334828509,0.000568069811466,0.00237190991454
2.149,2.28640785812e-18,1.9400537543e-05,0.00012254303274,0.000565276529298,0.00236000099105
2.15,2.22037218249e-18,1.93054071043e-05,0.000121929223697,0.000563392556907,0.00235180445386
2.151,2.15509361498e-18,1.91959997252e-05,0.000121226485186,0.000561105542676,0.00234205921684
2.152,2.09055421322e-18,1.90821205315e-05,0.000120488837644,0.000558686939535,0.00233177388177
2.153,2.02813120126e-18,1.89807608001e-05,0.000119837438121,0.000556609440257,0.00232310257141
2.154,1.96570013168e-18,1.88734072895e-05,0.00011914871479,0.000554373173834,0.00231383678942
2.155,1.90829550854e-18,1.88040160401e-05,0.000118701714597,0.000553279767691,0.00230932783789
2.156,1.85406592979e-18,1.87480613886e-05,0.000118350294508,0.000552592346788,0.00230663939472
2.157,1.79833432782e-18,1.8682490062e-05,0.000117935955452,0.000551601693665,0.00230281961797
2.158,1.73567255018e-18,1.85168868611e-05,0.000116902800041,0.000547706063801,0.00228687869639
2.159,1.68022924004e-18,1.84293035644e-05,0.00011637145523,0.000546095963392,0.00228050323922
2.16,1.6241845481e-18,1.83256422573e-05,0.000115744579539,0.000544012636159,0.00227213506793
2.161,1.56934936381e-18,1.82236400032e-05,0.000115154726332,0.000541982263303,0.002264086843
2.162,1.5182730904e-18,1.81403595644e-05,0.000114692888706,0.000540405696359,0.00225777275129
2.163,1.5068055501e-18,1.83554035007e-05,0.000116050545628,0.000546542761265,0.00228289426998
2.164,1.49627443759e-18,1.85890302193e-05,0.000117522859829,0.000553114507846,0.0023097781032
2.165,1.48724051475e-18,1.88395140329e-05,0.000119095692182,0.000560084816456,0.00233825585835
2.166,1.47955777461e-18,1.90815387621e-05,0.000120617823827,0.000566740789319,0.00236542780199
2.167,1.47278616288e-18,1.93498828586e-05,0.000122303301674,0.000574120089753,0.00239553739523
2.168,1.47086237031e-18,1.96710536291e-05,0.000124326232783,0.000583027654089,0.00243203276157
2.169,1.46699115627e-18,1.99588037664e-05,0.000126132956529,0.000590889120819,0.00246404989935
2.17,1.46351103083e-18,2.02568143896e-05,0.000128008235852,0.000599022313559,0.00249726880113
2.171,1.45845415366e-18,2.05159168946e-05,0.000129640636544,0.000606006906837,0.00252565723244
2.172,1.45563322047e-18,2.08211650474e-05,0.000131558444538,0.000614268137039,0.00255933303808
2.173,1.45547423961e-18,2.11606518639e-05,0.000133693496212,0.000623541440917,0.00259722665883
2.174,1.45163170989e-18,2.145211148e-05,0.000135521302948,0.000631376145133,0.00262904485557
2.175,1.45222590097e-18,2.18068815239e-05,0.000137749522502,0.000641043173624,0.00266854064616
2.176,1.44619093331e-18,2.2066155735e-05,0.000139375777388,0.00064785334387,0.00269609038471
2.177,1.41470968013e-18,2.19384308616e-05,0.000138550959106,0.000643167898583,0.00267566482263
2.178,1.38600675678e-18,2.1851023147e-05,0.000137984936766,0.000639700408805,0.00266034377771
2.179,1.35842234111e-18,2.17745148688e-05,0.000137492344055,0.000636574283594,0.00264653944003
2.18,1.32950781439e-18,2.16770423359e-05,0.000136863501894,0.000632820302036,0.00263030041191
2.181,1.30372631718e-18,2.16282119818e-05,0.000136548276556,0.000630520375433,0.00262086632278
2.182,1.27661593581e-18,2.15397160448e-05,0.000135974962242,0.000627060399027,0.00260767745164
2.183,1.24873215235e-18,2.14262730293e-05,0.000135246913581,0.00062288201421,0.00259257279731
2.184,1.22264395654e-18,2.13522743993e-05,0.000134763804265,0.000619852004003,0.0025822575057
2.185,1.19601405944e-18,2.12551853094e-05,0.000134137203592,0.000616163232704,0.00256923238808
2.186,1.17146568849e-18,2.12090774262e-05,0.000133831402514,0.000613994830528,0.0025624381343
2.187,1.14489945536e-18,2.11226796305e-05,0.000133275870518,0.000610744624103,0.00255096114563
2.188,1.11921324483e-18,2.10268043098e-05,0.00013265793694,0.000607341105953,0.00253848603034
2.189,1.09352221749e-18,2.09202293576e-05,0.0001319735619,0.00060381077549,0.00252501762313
2.19,1.06901169447e-18,2.08262834909e-05,0.000131370387549,0.000600842970466,0.00251353053913
2.191,1.04377709184e-18,2.07277584182e-05,0.000130735967153,0.000597814241481,0.00250169577864
2.192,1.02035911236e-18,2.06514270887e-05,0.000130242489407,0.000595515376218,0.0024929326309
2.193,9.95885391195e-19,2.05547707865e-05,0.000129618990269,0.000592755070865,0.00248189047134
2.194,9.72622980195e-19,2.04750433042e-05,0.000129102827697,0.000590624020567,0.00247302566245
2.195,9.4900973942e-19,2.03769276112e-05,0.000128469985458,0.000588070138724,0.00246221058332
2.196,9.24471545165e-19,2.02518196383e-05,0.000127665617252,0.000584822604839,0.00244828271963
2.197,9.01144475937e-19,2.01538694348e-05,0.000127037999876,0.000582464277014,0.00243796319929
2.198,8.78876345749e-19,2.00738231646e-05,0.00012651704413,0.000580711691597,0.00243003952535
2.199,8.56821404302e-19,1.99902273516e-05,0.000125975275445,0.000578883719021,0.00242182896138
2.2,8.38072879017e-19,1.99719418523e-05,0.000125848381615,0.000578820673626,0.00242099402103
2.201,8.32227662855e-19,2.01718721839e-05,0.000127096257537,0.000584148132984,0.00244271173708
2.202,8.29071217213e-19,2.04321140314e-05,0.000128723311706,0.000591161162183,0.00247143483961
2.203,8.2547884778e-19,2.06680522699e-05,0.000130202370207,0.000597470270742,0.00249712930638
2.204,8.23464824853e-19,2.09570500668e-05,0.000132012020729,0.000605239372373,0.0025289532661
2.205,8.21091557885e-19,2.12331886863e-05,0.000133742716424,0.000612628584009,0.00255908724115
2.206,8.18235024859e-19,2.15052001759e-05,0.0001354474457,0.000619835766587,0.00258849784579
2.207,8.17329399921e-19,2.18330819818e-05,0.000137503177655,0.00062864766676,0.00262452198716
2.208,8.13517960437e-19,2.20904355759e-05,0.000139116507803,0.000635401717194,0.00265193433619
2.209,7.98824127031e-19,2.20470640627e-05,0.000138836234656,0.000633392966585,0.0026426326097
2.21,7.82944034376e-19,2.1953627939e-05,0.000138238103316,0.000629945199055,0.00262728922771
2.211,7.68106361881e-19,2.19060898833e-05,0.000137930450674,0.000627806628952,0.00261750307129
2.212,7.53658664254e-19,2.18682701152e-05,0.000137681143075,0.000625951823293,0.00260878578063
2.213,7.3879459883e-19,2.18256552743e-05,0.000137400802616,0.000623926054264,0.0025995124267
2.214,7.23314728668e-19,2.17512796777e-05,0.000136919291172,0.000621022942136,0.00258688562072
2.215,7.09695436582e-19,2.17299952267e-05,0.000136778963368,0.0006196484088,0.00258103542441
2.216,6.94338338797e-19,2.16375739754e-05,0.000136187525898,0.000616237875901,0.00256747146704
2.217,6.78800237778e-19,2.15245763714e-05,0.000135466271779,0.000612260901303,0.00255243505783
2.218,6.64381585588e-19,2.14435605616e-05,0.00013494485707,0.000609176666395,0.00254165150644
2.219,6.49686430462e-19,2.13581186412e-05,0.00013439649501,0.000605979228978,0.0025305316227
2.22,6.3492550845e-19,2.12528508629e-05,0.000133725126313,0.000602257259007,0.00251720782891
2.221,6.20936093312e-19,2.11892092856e-05,0.000133316750911,0.000599713858914,0.00250885684303
2.222,6.07886750819e-19,2.11484627252e-05,0.000133051251324,0.000597907684048,0.0025034184962
2.223,5.95132105246e-19,2.1123775853e-05,0.000132887463216,0.000596570570358,0.00249996593084
2.224,5.81320420797e-19,2.10265664879e-05,0.000132268548693,0.000593242802607,0.00248809368391
2.225,5.68713764608e-19,2.0996155142e-05,0.000132069838304,0.000591888335887,0.00248425837887
2.226,5.55311513923e-19,2.08999561069e-05,0.000131455146989,0.000588736204273,0.00247275482679
2.227,5.42177571308e-19,2.07917849165e-05,0.0001307684554,0.000585295973802,0.00246002467888
2.228,5.29361561105e-19,2.07283540763e-05,0.000130361052893,0.000583216026445,0.00245272277894
2.229,5.16306289622e-19,2.06284272264e-05,0.000129725512569,0.000580196262022,0.00244124630835
2.23,5.0271268961e-19,2.05048186264e-05,0.000128940643332,0.000576597331006,0.00242710576391
2.231,4.89683483742e-19,2.03923455175e-05,0.000128223609251,0.00057338292994,0.00241444714745
2.232,4.77443183009e-19,2.0312961224e-05,0.000127713995247,0.000571172997526,0.00240574973503
2.233,4.65406130298e-19,2.02472867888e-05,0.00012728963916,0.000569430079917,0.00239868033786
2.234,4.53482475236e-19,2.01792406262e-05,0.000126853438556,0.00056767679028,0.00239147030622
2.235,4.42443685146e-19,2.01432855889e-05,0.000126619050645,0.000566878707424,0.00238819009178
2.236,4.30988708851e-19,2.00751135989e-05,0.000126182945794,0.000565271772477,0.0023813056514
2.237,4.21331086931e-19,2.00529272734e-05,0.000126034569547,0.000564840806251,0.00237928386191
2.238,4.19385285344e-19,2.03101564457e-05,0.000127646343555,0.000571685701914,0.00240760352656
2.239,4.17712994387e-19,2.05803876956e-05,0.000129336995956,0.000578878718111,0.00243723058202
2.24,4.16498181032e-19,2.08610926623e-05,0.000131092270792,0.00058631946351,0.00246784928552
2.241,4.15502083357e-19,2.11622031206e-05,0.000132977953337,0.000594324406997,0.002500772761
2.242,4.13985352052e-19,2.14108278873e-05,0.000134533611548,0.000600832384356,0.00252735327658
2.243,4.12963320432e-19,2.16670969143e-05,0.000136139003229,0.000607520365233,0.00255470477782
2.244,4.12594598855e-19,2.20114419932e-05,0.000138295379284,0.000616651085769,0.0025922512982
2.245,4.11727244991e-19,2.23153662123e-05,0.000140197199245,0.000624644012717,0.00262501406788
2.246,4.1124787901e-19,2.26341976259e-05,0.000142194182606,0.000633046856816,0.00265947656211
2.247,4.0676424114e-19,2.27564815511e-05,0.000142955821395,0.000635897609661,0.00267041671395
2.248,3.98406013441e-19,2.26374459474e-05,0.000142201433751,0.000631936070422,0.00265274738761
2.249,3.90405456117e-19,2.25304150185e-05,0.000141522224492,0.000628348211472,0.00263656633162
2.25,3.82337300306e-19,2.24150076465e-05,0.000140792327641,0.000624533198291,0.00261948666579
2.251,3.74497058198e-19,2.23262870656e-05,0.000140227905122,0.000621459974802,0.00260569563628
2.252,3.67408708204e-19,2.22879886565e-05,0.000139981061213,0.000619809992153,0.00259823067684
2.253,3.59521205251e-19,2.21669511577e-05,0.00013921410131,0.000615865693755,0.0025817125539
2.254,3.51916080019e-19,2.20717901859e-05,0.00013861023606,0.000612650858027,0.00256920456824
2.255,3.44458325599e-19,2.19783879002e-05,0.000138015726933,0.000609480944718,0.00255773587128
2.256,3.36912759716e-19,2.18769653438e-05,0.000137370375277,0.000606058455426,0.00254546799061
2.257,3.29243713082e-19,2.17681967823e-05,0.00013668212278,0.000602470466598,0.00253245163237
2.258,3.21674559512e-19,2.16312943505e-05,0.000135817075429,0.000598225612641,0.00251650300845
2.259,3.14460059602e-19,2.15405726458e-05,0.000135241471274,0.00059527127371,0.00250600437535
2.26,3.07195060579e-19,2.14331829074e-05,0.00013455897176,0.000591937462383,0.00249360210034
2.261,3.00414269337e-19,2.13535346776e-05,0.00013405349273,0.000589464246359,0.00248464707367
2.262,2.93502880615e-19,2.12592576355e-05,0.000133455030501,0.000586633140877,0.00247411166774
2.263,2.87037457265e-19,2.11951442103e-05,0.000133043336039,0.000584703578789,0.00246719201113
2.264,2.80106137136e-19,2.10728572427e-05,0.000132269747052,0.00058126484617,0.00245372301648
2.265,2.73028529372e-19,2.0941763489e-05,0.000131442321179,0.000577660477288,0.00243940617088
2.266,2.66745750804e-19,2.08923049517e-05,0.000131127627736,0.000576388090235,0.00243485418568
2.267,2.60024148328e-19,2.0776907001e-05,0.000130395793798,0.000573367233318,0.00242281071521
2.268,2.53601054653e-19,2.06744207009e-05,0.000129749011702,0.00057083837633,0.00241245368457
2.269,2.46964543279e-19,2.05422190806e-05,0.000128912715392,0.000567563533776,0.0023988435682
2.27,2.4072484214e-19,2.0448686087e-05,0.000128319662029,0.000565446495958,0.00238983487596
2.271,2.34954039877e-19,2.03955868421e-05,0.000127978927942,0.000564520593686,0.0023856614635
2.272,2.28712817468e-19,2.02512872445e-05,0.00012706738657,0.000561156453191,0.00237100776293
2.273,2.22504524452e-19,2.01312010113e-05,0.000126307938422,0.000558524151762,0.00235935060784
2.274,2.16598516077e-19,2.00582437306e-05,0.000125842566336,0.000557190404905,0.00235317541319
2.275,2.10790006725e-19,1.99581698262e-05,0.000125208759005,0.000555204525309,0.00234418031265
2.276,2.0523183585e-19,1.98744204231e-05,0.000124678150494,0.000553726326895,0.00233726028239
2.277,1.99270262691e-19,1.97312046914e-05,0.000123774588925,0.00055061615785,0.00232347783284
2.278,1.93709711078e-19,1.96460271121e-05,0.000123238053454,0.00054917721076,0.00231664796731
2.279,1.88273262974e-19,1.9550285827e-05,0.000122636543613,0.000547419381114,0.00230846814325
2.28,1.8281041267e-19,1.94642613946e-05,0.000122096502754,0.000545970430109,0.00230159333327
2.281,1.77595818642e-19,1.93797955164e-05,0.000121565385015,0.000544583239047,0.00229507904121
2.282,1.72448721476e-19,1.92858124529e-05,0.000120976714373,0.000542951718624,0.00228764841269
2.283,1.67387875008e-19,1.92124950616e-05,0.00012052043123,0.000541914956849,0.00228274293973
2.284,1.62138151415e-19,1.91124840797e-05,0.000119905149589,0.000540107695314,0.00227461676615
2.285,1.57506326203e-19,1.90985494227e-05,0.000119834679252,0.000540752115752,0.00227687114397
2.286,1.5234105944e-19,1.89662539904e-05,0.000119037193794,0.000538064974984,0.00226512628049
2.287,1.47365940016e-19,1.88481420576e-05,0.000118333512756,0.000535784906548,0.00225506549289
2.288,1.42677640692e-19,1.87740569296e-05,0.0001179052733,0.000534752684072,0.00225027463818
2.289,1.38080515214e-19,1.87026813432e-05,0.00011750033172,0.000533807302281,0.00224588464899
2.29,1.3340943482e-19,1.85917945397e-05,0.000116852516356,0.000531771060747,0.00223686258681
2.291,1.29023204375e-19,1.85268928398e-05,0.000116495745183,0.000531050481259,0.00223342615972
2.292,1.24555143092e-19,1.84309897073e-05,0.000115958898137,0.000529444665793,0.00222632630022
2.293,1.20188114176e-19,1.83394706257e-05,0.000115456291096,0.000527951794559,0.00221966875809
2.294,1.15966099948e-19,1.82488198388e-05,0.000114962517531,0.000526496106384,0.0022131616666
2.295,1.12388332798e-19,1.82187646579e-05,0.000114849735944,0.00052650357238,0.00221270471985
2.296,1.11572161479e-19,1.84820279493e-05,0.000116520799135,0.000533997970434,0.00224339893178
2.297,1.10695170294e-19,1.87056401838e-05,0.000117939522212,0.000540214503786,0.00226875383152
2.298,1.09941638777e-19,1.89399216978e-05,0.000119417750712,0.000546671060016,0.00229504574555
2.299,1.09275646933e-19,1.91640837209e-05,0.000120833816569,0.000552777277711,0.00231985445449
2.3,1.08861077899e-19,1.94552999995e-05,0.000122670865563,0.000560741202742,0.00235250272704
2.301,1.08401660817e-19,1.97141653687e-05,0.00012430456623,0.000567735827895,0.00238105458875
2.302,1.07975210538e-19,1.99749904218e-05,0.00012594778116,0.000574724968645,0.00240957105448
2.303,1.07721351485e-19,2.02932077768e-05,0.000127950244796,0.000583331576001,0.00244480642623
2.304,1.07570461511e-19,2.06257506736e-05,0.000130038725045,0.000592306630829,0.00248154831196
2.305,1.07292603267e-19,2.09121516128e-05,0.000131834730269,0.000599955698895,0.00251268428904
2.306,1.07110653611e-19,2.11968601872e-05,0.000133628497475,0.000607576907793,0.00254369203004
2.307,1.07110594458e-19,2.15658473634e-05,0.000135949151171,0.00061754687661,0.00258448028815
2.308,1.06919821216e-19,2.18614439108e-05,0.00013780577865,0.000625397559226,0.00261650850197
2.309,1.06773637874e-19,2.21609816892e-05,0.000139678268883,0.000633313057585,0.00264877961364
2.31,1.06628518634e-19,2.24716123512e-05,0.000141626438742,0.000641551855061,0.00268238201205
2.311,1.06322236345e-19,2.27359657532e-05,0.000143286762414,0.000648452045227,0.00271028671944
2.312,1.04151507484e-19,2.26383346091e-05,0.000142656657323,0.000644888672348,0.00269449209151
2.313,1.02039677298e-19,2.25494992832e-05,0.000142084173757,0.000641600521684,0.0026798634375
2.314,9.98074274771e-20,2.23958467434e-05,0.000141106553801,0.000636494398351,0.00265763474999
2.315,9.7690712101e-20,2.22742206744e-05,0.000140328075693,0.000632293975485,0.00263946084327
2.316,9.58228224685e-20,2.22359585535e-05,0.000140079741195,0.000630494091643,0.00263218929582
2.317,9.39132483045e-20,2.21526202839e-05,0.000139551590562,0.000627452245276,0.00262122124773
2.318,9.20044354039e-20,2.20960254417e-05,0.000139184863152,0.000625141431751,0.00261375046227
2.319,9.00850108546e-20,2.2005928182e-05,0.000138603345197,0.000621854935576,0.00260223253003
2.32,8.82310497024e-20,2.19461080474e-05,0.000138217065192,0.000619520111235,0.00259446133747
2.321,8.61892363086e-20,2.18029558819e-05,0.000137307970165,0.000614913338822,0.00257719064851
2.322,8.42444184227e-20,2.1697911438e-05,0.000136629520155,0.000611390875278,0.00256426251872
2.323,8.24559649893e-20,2.16162338857e-05,0.000136105245788,0.000608660481271,0.00255448195068
2.324,8.04758975783e-20,2.14479367288e-05,0.000135034172189,0.000603634145122,0.00253473986252
2.325,7.86167450068e-20,2.13548281495e-05,0.000134433723994,0.000600903466225,0.00252411888824
2.326,7.6865636448e-20,2.12950213806e-05,0.000134048694172,0.000599351038246,0.00251787992746
2.327,7.51119889625e-20,2.12184762524e-05,0.000133558191172,0.000597448310895,0.00250986829723
2.328,7.33996929956e-20,2.11415453902e-05,0.000133066242876,0.000595730446887,0.00250220433123
2.329,7.15504374304e-20,2.09899762832e-05,0.00013210173098,0.000591991698503,0.00248604022978
2.33,6.99177666168e-20,2.0922705976e-05,0.000131666508076,0.00059070898421,0.0024800429969
2.331,6.82410340886e-20,2.08345679792e-05,0.000131102779441,0.000588905551771,0.0024718414106
2.332,6.65529795857e-20,2.07664497863e-05,0.000130659132367,0.000587685894866,0.0024661247656
2.333,6.4853427558e-20,2.06524915946e-05,0.000129927145183,0.000585235366853,0.00245519696983
2.334,6.31905213356e-20,2.05254369388e-05,0.000129118441107,0.000582458410447,0.00244288090689
2.335,6.15316204805e-20,2.0398497555e-05,0.000128309449168,0.000579709306742,0.0024306784815
2.336,5.98987862312e-20,2.02715946617e-05,0.000127498001217,0.000576952637487,0.0024184684091
2.337,5.83006733619e-20,2.01699402655e-05,0.000126846683022,0.000574918270624,0.00240934534271
2.338,5.67571815821e-20,2.00898839847e-05,0.000126333059551,0.000573535266887,0.0024028816897
2.339,5.51863353164e-20,1.9969683368e-05,0.000125571828955,0.000571033717906,0.00239173649773
2.34,5.36133542227e-20,1.98247680551e-05,0.000124661780965,0.000567835439753,0.00237783191176
2.341,5.20724521292e-20,1.96705783046e-05,0.00012369444012,0.000564375885087,0.00236298444734
2.342,5.05591786178e-20,1.95526400089e-05,0.000122955369655,0.000561936785478,0.00235256884419
2.343,4.90861046225e-20,1.94300957695e-05,0.000122187658914,0.000559369956305,0.00234172085754
2.344,4.76396054487e-20,1.93198799224e-05,0.000121502403744,0.000557209116672,0.00233261433739
2.345,4.62216688182e-20,1.921763763e-05,0.000120872082557,0.000555273730259,0.00232448777919
2.346,4.48494882194e-20,1.91337153029e-05,0.000120362230571,0.000553822803565,0.00231841039609
2.347,4.3517342769e-20,1.90475442045e-05,0.000119852062095,0.000552391862248,0.00231245556722
2.348,4.21372005976e-20,1.89232469823e-05,0.000119110159921,0.000549857197732,0.00230188696628
2.349,4.08328724124e-20,1.88305775085e-05,0.000118575507161,0.000548288967208,0.00229530366756
2.35,3.95491135963e-20,1.87545866105e-05,0.000118150200481,0.000547163467653,0.00229068108655
2.351,3.82285686353e-20,1.86238483506e-05,0.000117377922696,0.000544456232121,0.00227946961772
2.352,3.69735164184e-20,1.85340534753e-05,0.000116881884297,0.000542968365813,0.00227341698281
2.353,3.57650290886e-20,1.84543945441e-05,0.000116467020625,0.000541796280624,0.00226863915958
2.354,3.45344212825e-20,1.83404015581e-05,0.000115846503345,0.00053963746856,0.00225971142531
2.355,3.33646218917e-20,1.82484751839e-05,0.000115383088034,0.000538136523249,0.00225355364915
2.356,3.22065156634e-20,1.81605425898e-05,0.000114947131523,0.000536716297899,0.00224774918846
2.357,3.10882495938e-20,1.80927448057e-05,0.000114648700079,0.000535962228912,0.00224456203247
2.358,2.997631568e-20,1.80094778541e-05,0.000114258753474,0.000534773997928,0.00223945701338
2.359,2.88817372509e-20,1.7915109681e-05,0.000113802893414,0.000533270635593,0.00223311927789
2.36,2.77997137053e-20,1.78082967993e-05,0.000113282023208,0.000531400074324,0.00222526949635
2.361,2.72655017706e-20,1.79210932692e-05,0.00011406703726,0.000535043645759,0.00224012488842
2.362,2.7040478088e-20,1.81604662278e-05,0.000115609646188,0.000541931931913,0.00226836339936
2.363,2.68588923697e-20,1.84124723174e-05,0.00011722446238,0.000549091990893,0.00229769507653
2.364,2.6699941413e-20,1.86603136542e-05,0.000118808625392,0.000556017965895,0.0023260056314
2.365,2.66008595096e-20,1.8977099042e-05,0.000120827077,0.000564973844045,0.00236275973216
2.366,2.64921279009e-20,1.92543064241e-05,0.000122584505277,0.000572648001787,0.00239411316133
2.367,2.64049032086e-20,1.95232240031e-05,0.000124292458493,0.000580027890485,0.00242417993454
2.368,2.63184351893e-20,1.97893407756e-05,0.000125984424238,0.000587264076449,0.00245367751818
2.369,2.62457197324e-20,2.00613605921e-05,0.000127704768592,0.000594646125576,0.00248373669661
2.37,2.619395455e-20,2.0358113186e-05,0.000129576239124,0.000602727784746,0.00251667913192
2.371,2.61423061886e-20,2.06447026157e-05,0.000131387380266,0.000610483914684,0.00254818922269
2.372,2.61185968952e-20,2.09646455513e-05,0.00013341501329,0.000619213815906,0.00258380875392
2.373,2.60745816912e-20,2.12562048634e-05,0.000135258826115,0.000627055508322,0.00261577603649
2.374,2.60367274254e-20,2.15417999061e-05,0.000137060746313,0.000634741434936,0.00264700297777
2.375,2.60168303368e-20,2.1869672311e-05,0.000139125679194,0.000643624412554,0.0026831699981
2.376,2.59935833636e-20,2.21842475078e-05,0.000141125074637,0.000652147644613,0.00271790811059
2.377,2.58532191513e-20,2.23887910565e-05,0.000142406704601,0.000657319644086,0.00273867218602
2.378,2.53198295243e-20,2.22512390917e-05,0.000141503726083,0.000652330675017,0.00271705651992
2.379,2.48187459001e-20,2.21965487401e-05,0.000141127223048,0.000649773031453,0.0027055356621
2.38,2.43222754105e-20,2.20976229023e-05,0.000140478522461,0.000646012880744,0.00268898443753
2.381,2.38248709469e-20,2.19846012871e-05,0.000139742423548,0.000641828137226,0.00267104504094
2.382,2.33301508829e-20,2.18783912303e-05,0.000139052547996,0.000637847941857,0.00265509350875
2.383,2.28504096044e-20,2.17841846849e-05,0.000138428683604,0.000634208907485,0.00264197517265
2.384,2.23881830141e-20,2.17176838112e-05,0.000137986121551,0.000631376094881,0.00263254918409
2.385,2.18919710516e-20,2.15718592056e-05,0.000137033005178,0.000626281154112,0.00261359642379
2.386,2.14281865703e-20,2.15080788194e-05,0.000136596613323,0.000623591321974,0.00260451905901
2.387,2.0974806515e-20,2.1432592396e-05,0.000136096846139,0.000620677302029,0.00259435387262
2.388,2.05102287617e-20,2.12997368129e-05,0.000135231498297,0.000616282768344,0.00257763434523
2.389,2.00621739651e-20,2.12034703464e-05,0.000134600148637,0.0006130413893,0.0025656141854
2.39,1.96104459061e-20,2.10828294804e-05,0.000133811886317,0.000609272955573,0.00255089201806
2.391,1.91631944833e-20,2.09739701371e-05,0.00013310460454,0.000606052221338,0.00253801137337
2.392,1.87390379248e-20,2.08886754786e-05,0.000132539322371,0.000603627788114,0.00252814876617
2.393,1.83030950065e-20,2.07855352813e-05,0.000131858345343,0.000600881040621,0.00251638109128
2.394,1.78797715839e-20,2.06817120453e-05,0.000131181679913,0.000598236008916,0.00250491067801
2.395,1.7449584606e-20,2.05749996344e-05,0.000130483664529,0.000595649218095,0.00249348900773
2.396,1.70259122223e-20,2.04556901695e-05,0.000129700777863,0.000592757662673,0.00248070941489
2.397,1.66190998057e-20,2.03753881163e-05,0.000129164688048,0.000591043427211,0.00247280582775
2.398,1.62082799842e-20,2.0283175661e-05,0.000128554015859,0.000589011480606,0.00246372285328
2.399,1.58069161882e-20,2.01914577626e-05,0.000127946417394,0.000587020872292,0.00245494325658
2.4,1.5417423224e-20,2.01265666111e-05,0.000127520302986,0.000585818188653,0.00244942452758
2.401,1.50284997289e-20,2.00560693885e-05,0.000127059392956,0.000584486513616,0.00244333544191
2.402,1.46348303623e-20,1.995054211e-05,0.0001263714915,0.000582180607253,0.00243305280515
2.403,1.42506561978e-20,1.98353023516e-05,0.000125624378312,0.000579634738665,0.00242185229208
2.404,1.38652544211e-20,1.97173581846e-05,0.000124864071178,0.000577029107355,0.00241050449277
2.405,1.3477566908e-20,1.95789706123e-05,0.000123971639283,0.000573788993045,0.00239663150977
2.406,1.31162240352e-20,1.95077056593e-05,0.000123508982193,0.00057254458125,0.00239115615221
2.407,1.27465528525e-20,1.93904610951e-05,0.000122749828296,0.000569964833349,0.00238015013193
2.408,1.26173961014e-20,1.95471175957e-05,0.000123729487028,0.00057446223761,0.00239839714229
2.409,1.25505226582e-20,1.97702884692e-05,0.000125128667896,0.000580599228195,0.00242339128042
2.41,1.25099896656e-20,2.00390126656e-05,0.000126813168333,0.00058800339237,0.00245363150202
2.411,1.24705053491e-20,2.03162467935e-05,0.000128551216964,0.00059559873932,0.00248462095325
2.412,1.24395023426e-20,2.06013285211e-05,0.000130343131267,0.000603390261051,0.0025163921283
2.413,1.24228511224e-20,2.09052623476e-05,0.000132258057856,0.000611688816697,0.00255027791047
2.414,1.2397542783e-20,2.11749530315e-05,0.000133952256617,0.000618912887215,0.00257968743904
2.415,1.23683529845e-20,2.14422049527e-05,0.000135626324541,0.00062606208396,0.0026087089765
2.416,1.2352554898e-20,2.17466139842e-05,0.000137540739692,0.00063428487475,0.00264220209069
2.417,1.23369068352e-20,2.20222819668e-05,0.000139275347883,0.000641624492591,0.00267200428681
2.418,1.21609058211e-20,2.20324785399e-05,0.000139321396331,0.000641096079036,0.00266896045155
2.419,1.1930711762e-20,2.19657283551e-05,0.000138886970704,0.000638288378634,0.00265641030664
2.42,1.16917882621e-20,2.18536527464e-05,0.000138161736112,0.000634167517303,0.00263839227993
2.421,1.14610936476e-20,2.17607420511e-05,0.000137559499355,0.000630620996668,0.00262281699461
2.422,1.12357635965e-20,2.16860548667e-05,0.000137073880762,0.000627579092595,0.00260956971951
2.423,1.10234907023e-20,2.16570306106e-05,0.000136876364838,0.000625889241652,0.00260248829229
2.424,1.07945662536e-20,2.15544473484e-05,0.000136216465933,0.000622093839984,0.00258736862043
2.425,1.05819767317e-20,2.15087590335e-05,0.000135912855119,0.000619917453785,0.00258003293965
2.426,1.03632351853e-20,2.14086722924e-05,0.000135267473345,0.000616226629043,0.00256692876118
2.427,1.01372461359e-20,2.12844783408e-05,0.000134467811505,0.000611811022376,0.00255088430737
2.428,9.91769603361e-21,2.11607024478e-05,0.000133676612007,0.000607457948163,0.00253501675293
2.429,9.70667577915e-21,2.10748142931e-05,0.000133123717766,0.000604245473505,0.0025237900765
2.43,9.48709566542e-21,2.09582423548e-05,0.000132368665499,0.000600183097612,0.00250881958427
2.431,9.27778686759e-21,2.08607346268e-05,0.000131738097566,0.000596768268232,0.00249648440832
2.432,9.07072748287e-21,2.07655390316e-05,0.000131124055718,0.000593525660887,0.00248469119569
2.433,8.86742392577e-21,2.06840699415e-05,0.00013059693344,0.00059083703345,0.00247473692155
2.434,8.66186086087e-21,2.0590581228e-05,0.000129988365357,0.000587929882918,0.00246340261225
2.435,8.46129324597e-21,2.04936820906e-05,0.000129367531482,0.000585067112085,0.00245206719826
2.436,8.25767246691e-21,2.03845978075e-05,0.000128666614091,0.000581894271703,0.00243949301781
2.437,8.0623524254e-21,2.02880194083e-05,0.000128041426083,0.000579124908393,0.00242857601976
2.438,7.86954160332e-21,2.02114497686e-05,0.000127542811726,0.00057702651147,0.00242023113053
2.439,7.6814019387e-21,2.01395049315e-05,0.000127076034784,0.000575167925281,0.00241265223819
2.44,7.4969051664e-21,2.00618107954e-05,0.000126573452514,0.000573251369318,0.00240451968379
2.441,7.3620722954e-21,2.0085581602e-05,0.0001267158515,0.000574007170067,0.00240741292339
2.442,7.33399692412e-21,2.03333108549e-05,0.00012827115284,0.000580581633934,0.00243454999371
2.443,7.30891189086e-21,2.05645573475e-05,0.000129720024348,0.000586691478899,0.00245958420096
2.444,7.29024768976e-21,2.08469127012e-05,0.000131493765191,0.000594222083476,0.00249059259927
2.445,7.27932123909e-21,2.11454021459e-05,0.000133365439916,0.000602179932663,0.00252325865953
2.446,7.27295430268e-21,2.14963917e-05,0.000135571810976,0.000611599923243,0.00256205161488
2.447,7.26315007786e-21,2.1796729578e-05,0.000137457562581,0.000619577454246,0.00259471981587
2.448,7.25031801385e-21,2.20703708049e-05,0.0001391742913,0.000626775631631,0.00262406391468
2.449,7.17408624397e-21,2.21994547151e-05,0.000139981452799,0.000629803338983,0.00263576241358
2.45,7.03786429504e-21,2.21411846013e-05,0.000139607127315,0.000627463583192,0.00262497890928
2.451,6.91004779158e-21,2.21112562605e-05,0.000139408235905,0.000625922062868,0.00261753140331
2.452,6.77701060077e-21,2.20113469524e-05,0.000138767240415,0.000622425379003,0.0026018678789
2.453,6.64380639931e-21,2.19255807148e-05,0.000138215495243,0.000619314611479,0.00258790063869
2.454,6.51218488971e-21,2.18681538083e-05,0.000137843222709,0.000616988582184,0.00257746184553
2.455,6.37802920606e-21,2.17687877233e-05,0.000137208352967,0.000613509563214,0.00256250319119
2.456,6.24919935293e-21,2.17027682593e-05,0.000136780826765,0.00061095818778,0.00255191669184
2.457,6.11494158653e-21,2.15667199277e-05,0.000135914045197,0.000606459038236,0.00253394839411
2.458,5.98556536314e-21,2.14637740854e-05,0.000135255037315,0.000602924120741,0.0025207049371
2.459,5.85837272591e-21,2.13920939593e-05,0.000134792699628,0.000600282301265,0.00251168009064
2.46,5.73310554799e-21,2.12896008135e-05,0.000134140489062,0.000596822069859,0.00249926457028
2.461,5.61518500288e-21,2.12680376254e-05,0.000133997689223,0.000595626625723,0.00249636514107
2.462,5.49745654419e-21,2.12263943235e-05,0.000133723972246,0.000593886365514,0.00249106499929
2.463,5.37832320699e-21,2.11053169512e-05,0.000132955778551,0.000589973781727,0.00247668057781
2.464,5.26091266274e-21,2.10182086461e-05,0.000132399680412,0.00058701004788,0.00246623776073
2.465,5.14135069627e-21,2.09259219897e-05,0.000131806280456,0.000583932358875,0.00245524969519
2.466,5.02689355507e-21,2.0872593955e-05,0.00013146128142,0.000582037919515,0.00244900685794
2.467,4.90852750516e-21,2.07593939826e-05,0.00013073628889,0.00057854282573,0.00243587252146
2.468,4.79846890899e-21,2.07147700924e-05,0.00013044563113,0.00057702229421,0.002430895159
2.469,4.68476615606e-21,2.06320533287e-05,0.000129913302528,0.000574496931244,0.00242163505578
2.47,4.57644411085e-21,2.05686102832e-05,0.000129503534576,0.000572539044998,0.00241466499152
2.471,4.46576727842e-21,2.04821498378e-05,0.000128951153203,0.000570096818857,0.00240525920687
2.472,4.35332689544e-21,2.03658359271e-05,0.000128206351738,0.000566868029579,0.00239234870556
2.473,4.24724784381e-21,2.02803677864e-05,0.000127658466376,0.000564588244367,0.00238325357573
2.474,4.14363705678e-21,2.02198200984e-05,0.000127265600436,0.000563046940176,0.00237722285313
2.475,4.03973722001e-21,2.01588236276e-05,0.000126870211523,0.00056156146371,0.00237135691579
2.476,3.93407822672e-21,2.00460676813e-05,0.000126148965854,0.000558695088031,0.00235951498856
2.477,3.83245691715e-21,1.99558402256e-05,0.000125572756423,0.00055654033486,0.0023505199126
2.478,3.73368291384e-21,1.98866264477e-05,0.000125126414519,0.000555016863178,0.00234405724221
2.479,3.63431425522e-21,1.98137684833e-05,0.000124654047167,0.000553405157585,0.00233717398662
2.48,3.53569059417e-21,1.96952769497e-05,0.000123897032338,0.000550601628251,0.00232517835443
2.481,3.44024735408e-21,1.9621964316e-05,0.000123426821555,0.000549114307456,0.0023185860609
2.482,3.34572824782e-21,1.9544248737e-05,0.000122929354334,0.000547511826159,0.00231158107969
2.483,3.25079260749e-21,1.94352420181e-05,0.000122233286399,0.000545052440997,0.00230090208622
2.484,3.15587411316e-21,1.93114764829e-05,0.000121441818,0.000542240344995,0.00228869104074
2.485,3.06413842418e-21,1.92111373476e-05,0.000120800331245,0.000540110423994,0.00227936846798
2.486,2.97308599506e-21,1.91129756787e-05,0.000120171897189,0.000538058158929,0.00227033728286
2.487,2.88358600288e-21,1.90073961716e-05,0.000119499836074,0.000535779499469,0.00226038668439
2.488,2.80020355124e-21,1.8999248969e-05,0.000119444145716,0.000536298947959,0.00226212179586
2.489,2.73850374645e-21,1.90347428624e-05,0.000119662112396,0.000537720122757,0.00226759183901
2.49,2.72220349665e-21,1.92847209348e-05,0.000121224809274,0.000544546985074,0.00229562283704
2.491,2.70744501386e-21,1.95115874576e-05,0.000122642942011,0.000550675330132,0.00232059246825
2.492,2.69624381641e-21,1.97894275964e-05,0.000124383965128,0.000558137786932,0.00235130388741
2.493,2.68905189662e-21,2.01221655334e-05,0.000126463809694,0.000567133263244,0.00238835674124
2.494,2.68041650059e-21,2.03837103803e-05,0.0001281019758,0.000574088080186,0.00241675079137
2.495,2.6741335004e-21,2.06666759545e-05,0.000129873745666,0.000581630080891,0.00244754915954
2.496,2.66822295336e-21,2.09216587391e-05,0.000131470079517,0.000588330806862,0.00247485631176
2.497,2.66413583039e-21,2.12451759785e-05,0.000133494822403,0.000596939894776,0.00251013638666
2.498,2.66019910677e-21,2.15483253033e-05,0.000135393261681,0.000604943980795,0.00254292269883
2.499,2.65863115964e-21,2.18814177444e-05,0.000137481229098,0.000613797765408,0.00257919297288
2.5,2.65738737962e-21,2.22192044696e-05,0.000139593475027,0.000622727252569,0.00261580741221
2.501,2.65608070781e-21,2.25669641533e-05,0.000141771543851,0.000631949274688,0.00265357444909
2.502,2.6547414964e-21,2.29257099464e-05,0.000144018106598,0.000641476956067,0.00269258138927
2.503,2.60603727345e-21,2.28633255062e-05,0.000143620963378,0.000639100755301,0.00268154504423
2.504,2.55603923278e-21,2.27941658944e-05,0.000143178201545,0.000636537860625,0.00266968773959
2.505,2.50341954944e-21,2.26101141971e-05,0.000142017605801,0.000630797674102,0.00264457463512
2.506,2.45541034214e-21,2.25555692473e-05,0.000141668901631,0.000628623626053,0.00263454171733
2.507,2.40697573773e-21,2.24828489383e-05,0.000141207047619,0.000625971721479,0.00262302891117
2.508,2.35827308139e-21,2.23958299244e-05,0.000140654784146,0.000622940194752,0.00261102724046
2.509,2.31064753188e-21,2.23126128957e-05,0.000140125365008,0.000619975987017,0.00260049680464
2.51,2.26388109298e-21,2.22501920218e-05,0.000139728701447,0.000617637574425,0.00259275666784
2.511,2.21715596015e-21,2.2152475916e-05,0.000139108739985,0.00061435591846,0.00258096658657
2.512,2.16948262186e-21,2.20364336884e-05,0.000138375856535,0.00061061658293,0.00256720903635
2.513,2.12163614994e-21,2.18924405156e-05,0.00013746517545,0.000606117807001,0.00255016754872
2.514,2.07506458763e-21,2.17632482585e-05,0.000136649235928,0.000602101034719,0.00253501692645
2.515,2.02962952246e-21,2.16407988879e-05,0.000135874556195,0.000598422353004,0.00252097886859
2.516,1.98421808959e-21,2.15153845038e-05,0.00013508002484,0.000594761680946,0.00250685530055
2.517,1.93991680647e-21,2.14381779783e-05,0.000134589396138,0.000592609842566,0.00249853592859
2.518,1.89532307803e-21,2.13215098651e-05,0.000133851943248,0.000589497646658,0.00248589240668
2.519,1.85077229878e-21,2.11980831109e-05,0.000133071274705,0.000586300248982,0.00247278823156
2.52,1.80830681583e-21,2.11289538741e-05,0.000132630083095,0.000584745168798,0.00246626765241
2.521,1.76510599792e-21,2.10006052855e-05,0.000131818856443,0.000581704366448,0.00245316239148
2.522,1.72370883604e-21,2.08863099956e-05,0.000131095013912,0.00057913905667,0.00244191255844
2.523,1.6814411298e-21,2.07826933586e-05,0.00013043904315,0.00057693369444,0.0024321435568
2.524,1.64081824855e-21,2.07008489327e-05,0.000129920601151,0.000575375760889,0.0024249961268
2.525,1.60069084419e-21,2.06294413379e-05,0.000129466589029,0.000574107450372,0.00241913397267
2.526,1.5612199864e-21,2.05444913617e-05,0.000128926751715,0.00057253634167,0.00241188906894
2.527,1.52171525082e-21,2.04446385842e-05,0.000128294435218,0.000570580944449,0.00240302476568
2.528,1.48286977762e-21,2.03670888219e-05,0.000127800732372,0.000569268441313,0.00239679175246
2.529,1.44381867801e-21,2.02451110474e-05,0.000127027853718,0.000566776059415,0.00238545405104
2.53,1.40544594601e-21,2.01274352303e-05,0.000126283812987,0.00056441713641,0.00237470443161
2.531,1.36824223758e-21,2.0040514122e-05,0.000125734426693,0.000562952675234,0.0023678161126
2.532,1.33017815098e-21,1.99005374073e-05,0.000124849709272,0.000559958304453,0.0023546547512
2.533,1.29386316985e-21,1.98159059598e-05,0.000124313381346,0.000558532439915,0.00234813000121
2.534,1.25797551907e-21,1.97078765833e-05,0.000123635840876,0.000556500250113,0.00233896820963
2.535,1.22104304676e-21,1.95629860745e-05,0.000122734996391,0.000553427098763,0.00232550157249
2.536,1.18582797215e-21,1.94637188688e-05,0.00012212938653,0.000551649396163,0.00231762058896
2.537,1.15162582617e-21,1.93966198241e-05,0.000121734167283,0.00055081017856,0.00231365226702
2.538,1.11748925409e-21,1.92976211332e-05,0.00012114073543,0.000549069356066,0.00230597565631
2.539,1.08402728124e-21,1.91869097138e-05,0.000120483051961,0.000547033176225,0.00229694135201
2.54,1.05140068648e-21,1.90921957051e-05,0.000119937622303,0.00054552875145,0.00229004190378
2.541,1.01913024643e-21,1.89968040564e-05,0.000119392545082,0.000543976248665,0.00228297695934
2.542,9.88039873694e-22,1.89270655482e-05,0.000119009423373,0.000543222835843,0.00227922249638
2.543,9.5685740566e-22,1.88487593e-05,0.000118581557584,0.000542176871898,0.00227432625885
2.544,9.26270322162e-22,1.87729399881e-05,0.000118176415734,0.000541182853333,0.00226973203966
2.545,8.95616741944e-22,1.86632105737e-05,0.000117569701664,0.000539274116613,0.00226131688691
2.546,8.66331397199e-22,1.85936984306e-05,0.000117218974258,0.000538534085074,0.00225787950682
2.547,8.37072472815e-22,1.84856909816e-05,0.000116626398455,0.000536695127277,0.00224988055127
2.548,8.08654174589e-22,1.83745782795e-05,0.000116025641518,0.00053477081749,0.00224159731087
2.549,7.79901083077e-22,1.82298609315e-05,0.00011521472143,0.000531851513671,0.00222920087491
2.55,7.52657996449e-22,1.81450658813e-05,0.000114806950033,0.000530740570886,0.00222434940907
2.551,7.25669680148e-22,1.80558504487e-05,0.000114377240185,0.000529457049559,0.00221877550316
2.552,6.98793391028e-22,1.79103923737e-05,0.000113589267401,0.000526509443759,0.00220625365698
2.553,6.72437648062e-22,1.77944900119e-05,0.000113006626611,0.000524431545809,0.00219747420366
2.554,6.46700686461e-22,1.76732916055e-05,0.000112395963731,0.000522229595045,0.00218818343899
2.555,6.30062349211e-22,1.77281270596e-05,0.000112836910677,0.000524533333119,0.00219744395087
2.556,6.23972046211e-22,1.79594091233e-05,0.000114329386972,0.000531207948545,0.00222482336382
2.557,6.19174590073e-22,1.82087144938e-05,0.00011592762505,0.000538247313517,0.00225365526053
2.558,6.15054245564e-22,1.84150895074e-05,0.000117248134603,0.000543991390914,0.00227697894698
2.559,6.1229120936e-22,1.87168651122e-05,0.000119172056617,0.000552448390228,0.00231165207514
2.56,6.09590850557e-22,1.89667319917e-05,0.000120764812841,0.000559298459475,0.00233961409919
2.561,6.07499296819e-22,1.92618030661e-05,0.000122635270821,0.000567450235351,0.00237287489182
2.562,6.05557192734e-22,1.95861094129e-05,0.000124676206396,0.000576362382927,0.00240933075908
2.563,6.04068548571e-22,1.98380733423e-05,0.000126265410103,0.000583150360489,0.00243688348764
2.564,6.02970738738e-22,2.01321039786e-05,0.000128127775694,0.000591140566153,0.00246948634171
2.565,6.02361218179e-22,2.04661948259e-05,0.000130247405284,0.000600295063385,0.00250691634084
2.566,6.01719951348e-22,2.07894355621e-05,0.000132287683033,0.000609075553962,0.00254274852545
2.567,6.01675522162e-22,2.11676058644e-05,0.000134675107957,0.000619401290128,0.00258502373849
2.568,6.00773814834e-22,2.14430973661e-05,0.000136401685896,0.000626736517751,0.00261483364387
2.569,6.00449815912e-22,2.1767793487e-05,0.000138447726207,0.000635503550802,0.00265055852633
2.57,6.00255429136e-22,2.21262695248e-05,0.000140701580715,0.000645207644794,0.002690148955
2.571,5.99928613086e-22,2.2434450864e-05,0.000142647638742,0.000653443490099,0.00272373694531
2.572,5.99914431265e-22,2.28269704018e-05,0.000145130951143,0.000664153989879,0.00276750809408
2.573,5.88455595409e-22,2.26734901809e-05,0.000144137352689,0.000658810004539,0.00274441966123
2.574,5.76761804787e-22,2.25497404917e-05,0.000143333179134,0.000654359268676,0.00272495795807
2.575,5.65387736428e-22,2.24495987698e-05,0.000142682798643,0.000650619842547,0.00270847107399
2.576,5.5395464676e-22,2.23362015113e-05,0.000141937976973,0.000646503156009,0.00269068952078
2.577,5.42549885488e-22,2.22124907873e-05,0.000141136491976,0.000642083286713,0.00267290311289
2.578,5.31465010423e-22,2.21133662704e-05,0.000140483211553,0.000638438811679,0.00265976168992
2.579,5.20528956436e-22,2.20225368668e-05,0.000139882125331,0.000634994788542,0.00264770356254
2.58,5.09976865607e-22,2.19265719866e-05,0.000139259823104,0.000631466574377,0.00263528430576
2.581,4.99411184321e-22,2.18224278264e-05,0.000138580157545,0.000627720751344,0.00262188158351
2.582,4.88643751324e-22,2.16652007253e-05,0.000137560864816,0.000622545641859,0.00260211389412
2.583,4.77923086735e-22,2.15465380982e-05,0.000136790624963,0.000618707494976,0.00258752888429
2.584,4.67509401252e-22,2.1431349716e-05,0.00013602976095,0.000615126237502,0.00257352843679
2.585,4.57308107544e-22,2.13490865108e-05,0.000135484886721,0.000612667715486,0.0025640857769
2.586,4.47150520498e-22,2.12332441383e-05,0.000134724819254,0.000609406102813,0.00255075375125
2.587,4.37202921945e-22,2.11649261458e-05,0.000134272180843,0.00060763510789,0.00254353642717
2.588,4.27250920105e-22,2.10931760426e-05,0.000133799257861,0.000605910330138,0.00253617135307
2.589,4.17204444607e-22,2.09691634957e-05,0.000132989834555,0.000602902588375,0.00252278356163
2.59,4.07330848621e-22,2.08330139363e-05,0.000132103291286,0.000599600011072,0.00250814125588
2.591,3.97640396973e-22,2.07256826438e-05,0.000131392982706,0.000597152218942,0.00249722348468
2.592,3.8787703036e-22,2.06014855264e-05,0.000130584781059,0.000594298356554,0.00248456706066
2.593,3.78454817709e-22,2.04733542576e-05,0.000129749273728,0.000591376126504,0.00247153317266
2.594,3.69056887989e-22,2.0361980589e-05,0.000129031642656,0.0005889944566,0.00246077898361
2.595,3.59832801251e-22,2.02218678898e-05,0.000128130081884,0.000585795125654,0.00244679451811
2.596,3.50656960254e-22,2.01187568095e-05,0.000127455468898,0.000583624819804,0.00243724754975
2.597,3.41657747136e-22,2.00274864379e-05,0.000126862067738,0.000581843972435,0.00242945895454
2.598,3.32824802633e-22,1.99523524038e-05,0.000126368388903,0.000580547188025,0.00242384803994
2.599,3.24109541866e-22,1.98286347305e-05,0.000125573066527,0.000577878523652,0.00241248930972
2.6,3.15475189647e-22,1.97157597792e-05,0.000124855549553,0.000575506753465,0.00240252584378
2.601,3.06958852849e-22,1.96089350015e-05,0.0001241701374,0.000573282425721,0.00239334678213
2.602,2.98519030933e-22,1.94531911924e-05,0.000123185468869,0.000569687382249,0.00237843579312
2.603,2.90198331425e-22,1.93661607774e-05,0.000122641055628,0.000568086882922,0.0023718521422
2.604,2.8194605295e-22,1.92087057598e-05,0.000121650877689,0.000564437295415,0.00235676672724
2.605,2.7382734156e-22,1.90787279039e-05,0.000120842869013,0.000561578586459,0.00234497648626
2.606,2.65930617341e-22,1.89879880829e-05,0.000120307621113,0.000559928920017,0.00233831128646
2.607,2.58166700204e-22,1.88869671441e-05,0.000119713710419,0.000558013761481,0.00233048037425
2.608,2.5047492284e-22,1.88204632889e-05,0.000119331781705,0.000557126361351,0.00232699118066
2.609,2.43035686913e-22,1.87277022405e-05,0.000118795066411,0.000555474405272,0.00232035835722
2.61,2.35527555519e-22,1.86194459534e-05,0.000118159729525,0.000553363060799,0.00231193688614
2.611,2.28218095453e-22,1.85382226421e-05,0.000117703476767,0.000552058782371,0.00230682033957
2.612,2.23789522187e-22,1.85974907852e-05,0.000118120427714,0.00055432678121,0.00231615656557
2.613,2.22547737074e-22,1.88620511647e-05,0.000119797731875,0.000561878858887,0.00234712637101
2.614,2.21448352623e-22,1.90623884517e-05,0.000121059145314,0.000567410178302,0.00236962570718
2.615,2.20646108768e-22,1.93550021045e-05,0.000122910083339,0.00057562243008,0.00240326678626
2.616,2.19887091265e-22,1.96094251071e-05,0.000124519681867,0.000582641326206,0.00243197100403
2.617,2.19313962921e-22,1.98795600143e-05,0.000126227506266,0.000590087034156,0.00246235949582
2.618,2.18907780883e-22,2.01726505223e-05,0.00012807528389,0.000598135478148,0.0024952473399
2.619,2.1850389793e-22,2.04262266877e-05,0.000129670086987,0.00060496009872,0.00252300116185
2.62,2.1814499384e-22,2.0692005821e-05,0.000131344315103,0.00061213368326,0.00255217102218
2.621,2.17915161719e-22,2.10247002885e-05,0.000133436871245,0.000621233823962,0.00258936561431
2.622,2.17691227997e-22,2.13174706011e-05,0.000135277233458,0.000629119885829,0.00262153883616
2.623,2.1744413856e-22,2.16131710679e-05,0.000137127159008,0.000637067901798,0.0026538687751
2.624,2.17215078375e-22,2.19072342113e-05,0.000138977716626,0.000644965101971,0.00268596828711
2.625,2.15776375804e-22,2.20949069599e-05,0.000140145653219,0.000649665284401,0.00270469376064
2.626,2.11667064024e-22,2.20008710612e-05,0.000139534277475,0.000645987563814,0.00268848514102
2.627,2.0754122064e-22,2.19202866272e-05,0.0001390064886,0.00064271243938,0.00267395951431
2.628,2.03481268968e-22,2.18256784228e-05,0.000138387107758,0.000639006528123,0.00265770938519
2.629,1.99437574268e-22,2.17069516258e-05,0.000137615243526,0.000634638500059,0.00263889198365
2.63,1.95514800713e-22,2.1642022587e-05,0.000137188512866,0.000631848305329,0.00262747917008
2.631,1.91641000633e-22,2.15607939219e-05,0.000136653044653,0.00062855862516,0.0026151738123
2.632,1.87817588819e-22,2.15015501772e-05,0.000136258665807,0.000625919664294,0.0026064515866
2.633,1.83950317107e-22,2.14195405782e-05,0.000135715132888,0.000622651830523,0.00259518534171
2.634,1.80183446459e-22,2.13478976901e-05,0.00013524232367,0.000619697875271,0.00258519148835
2.635,1.76361088465e-22,2.1280166319e-05,0.000134792570199,0.000616879996214,0.00257570795272
2.636,1.72599925431e-22,2.11794362859e-05,0.000134133154674,0.000613202342118,0.00256235235713
2.637,1.68916533686e-22,2.11027560781e-05,0.000133630206649,0.000610270323509,0.00255206448308
2.638,1.65273603694e-22,2.10418574661e-05,0.00013322434735,0.000607889542149,0.00254382430475
2.639,1.61636654406e-22,2.09908966615e-05,0.000132880825368,0.00060591107833,0.00253698715129
2.64,1.58010899878e-22,2.08745953994e-05,0.000132124769374,0.000602255362284,0.00252247427231
2.641,1.54420597039e-22,2.08272650998e-05,0.000131806192253,0.00060066231827,0.00251649784117
2.642,1.50923517072e-22,2.07586293237e-05,0.000131353958082,0.000598574243599,0.00250824757847
2.643,1.47376644393e-22,2.06361071954e-05,0.000130556590579,0.000595100728785,0.00249363194025
2.644,1.43922790273e-22,2.04873597338e-05,0.000129598951888,0.000591046675016,0.00247632065324
2.645,1.40480369083e-22,2.04081256903e-05,0.000129076895575,0.00058908475869,0.00246769746605
2.646,1.3722073464e-22,2.03617567627e-05,0.000128769869709,0.000588124315493,0.00246332969666
2.647,1.33889114568e-22,2.02876195786e-05,0.000128280919426,0.000586427761534,0.00245571764289
2.648,1.31112240843e-22,2.02498480021e-05,0.000128020186183,0.000585625049176,0.00245189757438
2.649,1.30607500096e-22,2.04979944262e-05,0.000129573022938,0.000592287598236,0.00247926706399
2.65,1.30233440397e-22,2.07644983486e-05,0.000131244404878,0.000599447915509,0.00250861327755
2.651,1.29894596501e-22,2.10050537322e-05,0.000132756516262,0.000605822885672,0.00253459583264
2.652,1.29609734263e-22,2.13096370881e-05,0.000134674019947,0.000614024989958,0.0025682358436
2.653,1.29357709003e-22,2.15841023731e-05,0.000136395299426,0.000621328186793,0.0025980195977
2.654,1.291798329e-22,2.18677586251e-05,0.00013817904953,0.000628909506322,0.0026289261472
2.655,1.2905190511e-22,2.21019994171e-05,0.0001396452114,0.000635019517402,0.00265368951416
2.656,1.27807016117e-22,2.22188133259e-05,0.000140369051044,0.000637655103019,0.00266382505631
2.657,1.25397164533e-22,2.21031966664e-05,0.000139628233197,0.000633589728036,0.00264581689111
2.658,1.2297840726e-22,2.20092147374e-05,0.00013901930526,0.000630131008125,0.00263047772459
2.659,1.20629861547e-22,2.19185443801e-05,0.000138434059008,0.000626765728143,0.00261549327232
2.66,1.18280333372e-22,2.18324479136e-05,0.000137881638449,0.000623569639984,0.00260122381748
2.661,1.1595221486e-22,2.17411313668e-05,0.000137291759942,0.000620203699618,0.00258651977956
2.662,1.13663599993e-22,2.1694488337e-05,0.000136976741956,0.00061810612274,0.00257774792417
2.663,1.11343971645e-22,2.15459016169e-05,0.000136026013667,0.000613142989037,0.00255775544718
2.664,1.09086024993e-22,2.14781245129e-05,0.000135587564441,0.000610493843376,0.00254791871705
2.665,1.06895375531e-22,2.14356531805e-05,0.00013530966943,0.000608555658207,0.00254158749978
2.666,1.04673356265e-22,2.13079236127e-05,0.000134492198223,0.00060420112021,0.00252560134628
2.667,1.0247639496e-22,2.1203618065e-05,0.000133821429289,0.000600537558488,0.00251249651472
2.668,1.00285296446e-22,2.11147879329e-05,0.000133250121545,0.000597342572114,0.00250127967566
2.669,9.81591242186e-23,2.1035948837e-05,0.000132742673235,0.000594502294544,0.00249142181327
2.67,9.60312763575e-23,2.09468349515e-05,0.000132169560941,0.000591397108944,0.00248043886404
2.671,9.38728877514e-23,2.0838017687e-05,0.000131467417257,0.000587755496455,0.00246709094504
2.672,9.17945484296e-23,2.07555288339e-05,0.000130935915821,0.000584953771129,0.00245714349221
2.673,8.9719702719e-23,2.06644259071e-05,0.000130348788467,0.00058204365229,0.00244628137069
2.674,8.76846547268e-23,2.05811882316e-05,0.00012981123241,0.000579476520166,0.00243649965536
2.675,8.56618919604e-23,2.04875342944e-05,0.000129208011148,0.000576710370501,0.00242571375288
2.676,8.36681141718e-23,2.04233705824e-05,0.000128788287099,0.000574835223571,0.00241857142173
2.677,8.17096719863e-23,2.03143211461e-05,0.000128089028664,0.000571807590762,0.00240642204975
2.678,7.97806399701e-23,2.02247616408e-05,0.000127510471458,0.000569371582464,0.00239667704634
2.679,7.78591807085e-23,2.0145219472e-05,0.000126999170025,0.000567263698991,0.00238814320304
2.68,7.59682254364e-23,2.00643611025e-05,0.00012648180021,0.000565222710716,0.00237976662259
2.681,7.40835047799e-23,2.00015184316e-05,0.000126072761157,0.000563732137176,0.00237367541483
2.682,7.22332348702e-23,1.99148114906e-05,0.0001255116336,0.00056163294946,0.002364848372
2.683,7.03830974898e-23,1.97910344656e-05,0.000124716596593,0.000558528073548,0.00235164882435
2.684,6.85663232381e-23,1.97136603961e-05,0.000124215729377,0.000556794455466,0.00234405570273
2.685,6.67859679706e-23,1.96429938468e-05,0.000123757729009,0.000555263812124,0.00233731295476
2.686,6.50086650905e-23,1.94889116682e-05,0.000122776308836,0.000551425920009,0.00232077213147
2.687,6.38801876084e-23,1.95101578998e-05,0.000122901909635,0.000552196174981,0.00232355296601
2.688,6.3611692145e-23,1.9785045311e-05,0.000124621997034,0.00055957947452,0.00235403072459
2.689,6.33971381294e-23,2.00675801647e-05,0.000126393785515,0.00056715275534,0.00238520515179
2.69,6.32159781533e-23,2.03401279459e-05,0.000128102241501,0.000574427045462,0.00241507434634
2.691,6.30689539032e-23,2.06101705999e-05,0.000129793784246,0.000581598300095,0.00244446902486
2.692,6.29524398288e-23,2.08946110114e-05,0.000131578050593,0.000589142646577,0.00247542522831
2.693,6.28688883261e-23,2.12169006269e-05,0.000133602048249,0.000597753903413,0.00251072759915
2.694,6.28032078062e-23,2.15204098475e-05,0.000135504355805,0.000605787353337,0.00254364340119
2.695,6.27385571153e-23,2.18361022829e-05,0.000137484785363,0.000614139002713,0.00257789705303
2.696,6.27050136692e-23,2.21778061842e-05,0.000139629338473,0.000623228706002,0.00261515718128
2.697,6.25790851556e-23,2.2469230288e-05,0.000141452684854,0.000630859604739,0.00264623183021
2.698,6.13897670611e-23,2.2342928893e-05,0.000140649756858,0.000626654697931,0.0026275362105
2.699,6.02322567629e-23,2.22547863145e-05,0.000140084213561,0.00062351329634,0.00261339744961
2.7,5.90708101685e-23,2.21791669669e-05,0.000139601767935,0.00062076312557,0.00260081701419
2.701,5.79310079978e-23,2.21214972655e-05,0.00013923047181,0.000618514715926,0.00259047591982
2.702,5.67831587835e-23,2.20115937571e-05,0.000138526884763,0.000614801363282,0.00257435540468
2.703,5.56475664044e-23,2.19345373905e-05,0.00013803433829,0.000612034528688,0.00256269327652
2.704,5.45266730289e-23,2.18260847134e-05,0.000137340840973,0.00060838213654,0.00254819282849
2.705,5.34234025461e-23,2.17278950068e-05,0.000136713482282,0.00060502330906,0.00253599895825
2.706,5.23284448253e-23,2.16573543371e-05,0.000136264498043,0.000602428403505,0.00252728367188
2.707,5.1247490737e-23,2.15639786173e-05,0.000135670355602,0.000599219247707,0.00251595061436
2.708,5.01659462155e-23,2.14444109454e-05,0.000134910694077,0.000595317203,0.00250167221765
2.709,4.91050695214e-23,2.13521656516e-05,0.000134323395861,0.000592269551517,0.00249073534532
2.71,4.8040367484e-23,2.11956572935e-05,0.000133329079408,0.000587515489434,0.00247249374209
2.711,4.70018353283e-23,2.11393907025e-05,0.00013296487914,0.000585668200447,0.00246620350888
2.712,4.59579481161e-23,2.1019121824e-05,0.000132197005696,0.000582098392843,0.00245254429667
2.713,4.49283183075e-23,2.09207885975e-05,0.000131569090462,0.000579210305797,0.00244153830054
2.714,4.39074883552e-23,2.08060652425e-05,0.000130837011895,0.000575898784323,0.00242882359619
2.715,4.29048583023e-23,2.07223903299e-05,0.00013030036973,0.00057361367496,0.0024200083498
2.716,4.19121223073e-23,2.0616004815e-05,0.000129622977955,0.000570878055095,0.00240887767239
2.717,4.09252383507e-23,2.05026871242e-05,0.000128899150879,0.000568073905812,0.00239704460382
2.718,3.99663366195e-23,2.03705740388e-05,0.000128062370413,0.000564882334759,0.00238324750748
2.719,3.90057104603e-23,2.02870469281e-05,0.000127527024821,0.000563049455503,0.00237522318997
2.72,3.80548658234e-23,2.02197983757e-05,0.000127092966958,0.000561717272566,0.00236927606081
2.721,3.71166887186e-23,2.01149226993e-05,0.000126426116259,0.000559396920567,0.00235915276141
2.722,3.61901457872e-23,2.00236845578e-05,0.00012584453814,0.000557480706754,0.00235084644346
2.723,3.52755840729e-23,1.9927256462e-05,0.000125229741985,0.000555468321705,0.00234202223051
2.724,3.43793005823e-23,1.98533464322e-05,0.000124757078406,0.000554121751868,0.00233589276513
2.725,3.34947687496e-23,1.97577025405e-05,0.00012414818813,0.000552206433417,0.00232732240772
2.726,3.26215909296e-23,1.96755914072e-05,0.000123624062824,0.000550698153941,0.00232039889514
2.727,3.17671567722e-23,1.96626591459e-05,0.000123534843617,0.000551149430524,0.00232174174023
2.728,3.09109442255e-23,1.95950733847e-05,0.000123102976665,0.000550135099951,0.00231690443101
2.729,3.00657461974e-23,1.94587801927e-05,0.000122241168375,0.000547223260628,0.00230402615823
2.73,2.92366113277e-23,1.93795803968e-05,0.000121740481536,0.000545886359675,0.00229783945043
2.731,2.84114763916e-23,1.92545037255e-05,0.000120953774561,0.000543233919903,0.00228623456244
2.732,2.76112913302e-23,1.92356926085e-05,0.000120833742,0.000543603009648,0.00228733956785
2.733,2.68178410315e-23,1.91474287824e-05,0.000120277998215,0.000542005268521,0.00228020945023
2.734,2.60340270493e-23,1.905464654e-05,0.000119697509401,0.000540355347528,0.00227272213138
2.735,2.52635003695e-23,1.89546694623e-05,0.000119074454121,0.000538521789592,0.00226439713527
2.736,2.45013493841e-23,1.88509718843e-05,0.000118427787382,0.000536559969329,0.00225558851735
2.737,2.37498297134e-23,1.87806164459e-05,0.00011799084445,0.000535543208938,0.00225082641271
2.738,2.30149050301e-23,1.86956240823e-05,0.000117466556627,0.000534107495265,0.00224439334555
2.739,2.22898841226e-23,1.85883747673e-05,0.000116804324736,0.00053203691781,0.00223532113344
2.74,2.15821980582e-23,1.84996479756e-05,0.000116265784824,0.000530525576043,0.00222855635484
2.741,2.08827205816e-23,1.84105657092e-05,0.000115730390696,0.000529024638025,0.0022217646906
2.742,2.01932152116e-23,1.83024660478e-05,0.000115085729282,0.000527002647073,0.00221279022535
2.743,1.95216018385e-23,1.82416001611e-05,0.000114748805626,0.000526359915123,0.00220963062683
2.744,1.8858919046e-23,1.81570132355e-05,0.000114269518955,0.000525052692833,0.00220368796241
2.745,1.82131992272e-23,1.80954645312e-05,0.00011394510481,0.000524420903112,0.00220062590816
2.746,1.75756360437e-23,1.80098504591e-05,0.000113472555864,0.000523113425498,0.0021946594549
2.747,1.70478298907e-23,1.79613786841e-05,0.000113228139103,0.000522639015332,0.00219221359837
2.748,1.69087246344e-23,1.82066385882e-05,0.000114780009669,0.000529641335004,0.00222085605755
2.749,1.67930254254e-23,1.84341845236e-05,0.000116218835559,0.000535967792709,0.00224669125991
2.75,1.67061557144e-23,1.87241254913e-05,0.000118045338601,0.000544047199674,0.00227975806146
2.751,1.66332331824e-23,1.89784847126e-05,0.000119647601433,0.000551007760172,0.00230818637207
2.752,1.65739287477e-23,1.92225919189e-05,0.000121187518111,0.000557649101545,0.00233518834193
2.753,1.6524114515e-23,1.94906688669e-05,0.00012286918677,0.000564880698255,0.00236466807316
2.754,1.64878096324e-23,1.9804459663e-05,0.000124844102082,0.000573452358705,0.00239966436436
2.755,1.64547131306e-23,2.00516413236e-05,0.000126398095475,0.000580058752428,0.00242650370985
2.756,1.64293560393e-23,2.03136458657e-05,0.000128040467524,0.000587066074123,0.00245493204169
2.757,1.6409680768e-23,2.06244219255e-05,0.000129988787223,0.000595390699108,0.00248893796264
2.758,1.63939259156e-23,2.09367604181e-05,0.000131953276134,0.000603833662651,0.00252338886711
2.759,1.6378184879e-23,2.12314733463e-05,0.000133801309903,0.000611679408191,0.00255532377991
2.76,1.63649594352e-23,2.15428081883e-05,0.000135757667615,0.000619972908115,0.00258917866186
2.761,1.63563441063e-23,2.18412870937e-05,0.000137624456029,0.000627868679517,0.00262140273193
2.762,1.6347329339e-23,2.20938205623e-05,0.000139207374267,0.00063445576709,0.00264809205814
2.763,1.6337955053e-23,2.23839731624e-05,0.000141027483494,0.000642157390364,0.00267936094333
2.764,1.61447118674e-23,2.24187650001e-05,0.000141239346929,0.000642423378696,0.00267961965509
2.765,1.58346168509e-23,2.23382616527e-05,0.000140722962824,0.000639337236741,0.00266581144164
2.766,1.55244061955e-23,2.22432800308e-05,0.000140115229109,0.00063584205043,0.00265036300323
2.767,1.52184348281e-23,2.21788741759e-05,0.00013969578898,0.00063321426833,0.00263850616751
2.768,1.49148825878e-23,2.20714249201e-05,0.000139007531942,0.000629387158533,0.0026220534241
2.769,1.4613180211e-23,2.19609606747e-05,0.000138302656729,0.000625467702414,0.00260683552234
2.77,1.43160486254e-23,2.18760083726e-05,0.000137755598259,0.000622271094964,0.00259578465113
2.771,1.40223415282e-23,2.17780890455e-05,0.000137125655283,0.000618737176562,0.00258345198321
2.772,1.37343743093e-23,2.16904293042e-05,0.000136565816107,0.000615518040658,0.00257222954447
2.773,1.34473809765e-23,2.16310829534e-05,0.000136177529697,0.000613092820065,0.00256429362178
2.774,1.31611619023e-23,2.15452029167e-05,0.000135623908335,0.000609986762725,0.00255350061896
2.775,1.28788155824e-23,2.14628675855e-05,0.000135097437219,0.000607101746889,0.0025434620256
2.776,1.25998343465e-23,2.13739536442e-05,0.000134531407858,0.000604195212498,0.00253283582083
2.777,1.23224676969e-23,2.12765843927e-05,0.000133912006906,0.000601211338923,0.00252145603674
2.778,1.20474852548e-23,2.11732702253e-05,0.00013324943307,0.000598214246094,0.00250953826428
2.779,1.1775599824e-23,2.10912152185e-05,0.000132721654581,0.00059599017231,0.00250053152039
2.78,1.15076934968e-23,2.10310630138e-05,0.000132332457971,0.000594526536701,0.00249421009843
2.781,1.12390937434e-23,2.08703653328e-05,0.000131310776046,0.000590453713904,0.00247653188079
2.782,1.09764900398e-23,2.07845038411e-05,0.000130760872171,0.000588619529148,0.00246790137661
2.783,1.07155768305e-23,2.06758776451e-05,0.000130063380898,0.000586222155547,0.002456958
2.784,1.04569075686e-23,2.05473590886e-05,0.000129244114197,0.000583331578009,0.00244398983228
2.785,1.02018950288e-23,2.04180143381e-05,0.000128418431494,0.000580441324318,0.00243096107812
2.786,9.95076354953e-24,2.02743451296e-05,0.000127503135385,0.000577205389977,0.00241641639097
2.787,9.70262164803e-24,2.01430604428e-05,0.000126664906791,0.000574344704576,0.0024034996601
2.788,9.45870191255e-24,2.00770199937e-05,0.000126237197574,0.000573306103145,0.00239835443714
2.789,9.21599462183e-24,1.98795942953e-05,0.000124986598334,0.000568588178494,0.00237794090521
2.79,8.97639067945e-24,1.97714729388e-05,0.00012429975791,0.000566443915525,0.0023683658769
2.791,8.74046189719e-24,1.96839046978e-05,0.0001237458201,0.000564888656456,0.00236135280382
2.792,8.50822733139e-24,1.96010606066e-05,0.000123222321114,0.000563471487118,0.00235498181531
2.793,8.27955891348e-24,1.95384064943e-05,0.000122824787311,0.000562639044723,0.00235124353795
2.794,8.05240714477e-24,1.94083534774e-05,0.000122003302403,0.000559868032469,0.00233944741666
2.795,7.83029493412e-24,1.92914838424e-05,0.000121270704621,0.000557482454907,0.00232939948695
2.796,7.60822884553e-24,1.91409368326e-05,0.000120327566965,0.00055412804688,0.00231533060558
2.797,7.39063435035e-24,1.90465658352e-05,0.000119743099613,0.000552395717918,0.00230800671233
2.798,7.1768910773e-24,1.89502139073e-05,0.0001191514793,0.000550637758676,0.00230045185583
2.799,6.96687625794e-24,1.8859159802e-05,0.000118599156179,0.000549100567529,0.00229379358551
2.8,6.75944742327e-24,1.87650449034e-05,0.000118046500386,0.000547443333869,0.00228675356379
2.801,6.55441168266e-24,1.86242372908e-05,0.000117217146482,0.000544435002858,0.00227423783051
2.802,6.35356650577e-24,1.85149847941e-05,0.000116591695051,0.000542407634785,0.00226580651288
2.803,6.15534692854e-24,1.8405516094e-05,0.000115976642883,0.000540337290924,0.00225723984855
2.804,5.96108612075e-24,1.8352756771e-05,0.000115729692784,0.000539971401407,0.00225578225948
2.805,5.7694398989e-24,1.82666352802e-05,0.000115278359459,0.000538609473456,0.002250173834
2.806,5.58146271464e-24,1.81454168191e-05,0.000114622743881,0.000536242714066,0.00224037883256
2.807,5.39646473586e-24,1.80363486563e-05,0.000114044498587,0.000534240018356,0.00223201548971
2.808,5.21485028329e-24,1.79348575917e-05,0.000113513791676,0.000532463661284,0.00222457687204
2.809,5.03621143135e-24,1.78169431839e-05,0.000112883364123,0.00053020013214,0.00221508450723
2.81,4.86109034909e-24,1.77311671965e-05,0.000112484395674,0.000528948065649,0.00220990013611
2.811,4.68956875465e-24,1.76237481663e-05,0.00011195455037,0.000527033885194,0.00220199648861
2.812,4.62015228812e-24,1.77230532919e-05,0.00011263620031,0.000530168907411,0.00221464647903
2.813,4.58671692654e-24,1.80039878526e-05,0.000114428493136,0.000538246096134,0.0022478813172
2.814,4.5596746319e-24,1.81625216421e-05,0.000115445879057,0.000542597033931,0.00226549225746
2.815,4.53831503557e-24,1.84309510516e-05,0.000117150546435,0.000550128354093,0.00229621366853
2.816,4.52113072146e-24,1.86864557926e-05,0.000118773876977,0.000557221931317,0.00232515952493
2.817,4.50781119218e-24,1.90080489632e-05,0.000120813795795,0.000566216765556,0.00236195194293
2.818,4.49617124529e-24,1.92823204377e-05,0.000122548893388,0.000573741457082,0.00239261090921
2.819,4.48702667905e-24,1.95725381914e-05,0.000124383799177,0.000581733664946,0.0024252401344
2.82,4.47953890727e-24,1.9850582552e-05,0.000126136816016,0.000589280178391,0.00245599474277
2.821,4.47391469185e-24,2.01718397664e-05,0.000128163401051,0.000598089797223,0.00249194864933
2.822,4.46935034461e-24,2.05041125039e-05,0.000130260490496,0.000607210751254,0.00252920846303
2.823,4.4661029296e-24,2.08299325488e-05,0.000132315556221,0.000616130683812,0.00256558341655
2.824,4.46268145951e-24,2.11171650103e-05,0.000134119535244,0.000623848137817,0.0025968739875
2.825,4.45984508763e-24,2.14343224911e-05,0.000136112110377,0.000632390915172,0.00263172072351
2.826,4.45775656673e-24,2.17284559904e-05,0.000137955744456,0.00064028155083,0.00266381366053
2.827,4.45582182751e-24,2.20584337256e-05,0.000140041187669,0.000649202201617,0.00270019144874
2.828,4.38361919428e-24,2.2045163046e-05,0.00013993951612,0.00064789158345,0.00269392377645
2.829,4.29891494179e-24,2.19299247153e-05,0.000139190708561,0.000643597614554,0.0026751590887
2.83,4.21526232566e-24,2.18384641456e-05,0.00013858932304,0.00063996793748,0.00265926663725
2.831,4.13200472862e-24,2.17143977541e-05,0.000137775490207,0.000635404289873,0.00263964868796
2.832,4.05046082106e-24,2.16211656431e-05,0.000137166455975,0.000631779219815,0.00262460947554
2.833,3.96909060823e-24,2.15131408991e-05,0.000136457648775,0.000627713460735,0.00260923336487
2.834,3.88889573191e-24,2.14179816293e-05,0.000135829403903,0.000624054426736,0.00259630566518
2.835,3.80945883986e-24,2.13711718766e-05,0.000135512340877,0.000621804246629,0.00258926005406
2.836,3.7305565945e-24,2.12792292804e-05,0.00013491188948,0.000618286546477,0.00257680014702
2.837,3.65269415999e-24,2.12082496539e-05,0.000134443783131,0.000615477202551,0.00256709576042
2.838,3.57524053193e-24,2.10908629241e-05,0.000133683281624,0.000611379938036,0.0025519540332
2.839,3.49852875593e-24,2.10264312671e-05,0.000133251026292,0.000608922275214,0.002543212894
2.84,3.42270776882e-24,2.09246835823e-05,0.000132584329741,0.000605567432034,0.00253027555179
2.841,3.34739893164e-24,2.0817206399e-05,0.000131884066379,0.00060222136233,0.002517000151
2.842,3.27271297556e-24,2.06993233294e-05,0.000131120712318,0.000598751420955,0.00250295250146
2.843,3.19921261337e-24,2.06300844536e-05,0.000130657235538,0.000596840883582,0.00249505597966
2.844,3.12601479472e-24,2.05464766135e-05,0.000130103045071,0.000594638818742,0.0024858338932
2.845,3.05414744846e-24,2.04980910941e-05,0.000129781238983,0.000593618525624,0.00248090397546
2.846,2.98328316707e-24,2.04449342353e-05,0.000129426750754,0.000592529171467,0.00247578041134
2.847,2.91280779853e-24,2.03506581064e-05,0.000128806640806,0.000590347673843,0.00246593483655
2.848,2.84323226005e-24,2.0266457722e-05,0.000128249584986,0.000588471386883,0.00245743689658
2.849,2.7740809687e-24,2.01900319257e-05,0.000127742972054,0.000586893022911,0.00245013877177
2.85,2.70584280579e-24,2.00880833891e-05,0.000127081788749,0.00058461388144,0.00243991937352
2.851,2.63820658356e-24,2.00019233071e-05,0.000126510402283,0.000582781733947,0.00243155019717
2.852,2.57182780518e-24,1.99331308474e-05,0.000126052506671,0.000581509473489,0.00242540293284
2.853,2.50587535846e-24,1.98434645584e-05,0.000125462305389,0.000579662798569,0.00241705244092
2.854,2.44086951614e-24,1.97338799596e-05,0.000124752434005,0.000577238840814,0.0024064149256
2.855,2.37678045374e-24,1.96542210677e-05,0.000124224589895,0.000575700002088,0.00239950066721
2.856,2.33889317013e-24,1.97121021301e-05,0.000124567333602,0.000577615230626,0.00240700100559
2.857,2.32960902957e-24,1.99446570024e-05,0.000126019463462,0.000583986061481,0.00243290243881
2.858,2.32249719612e-24,2.02105236203e-05,0.000127687723924,0.000591282646563,0.0024626771975
2.859,2.31666523061e-24,2.04884885878e-05,0.000129427226165,0.000598863936661,0.00249354681389
2.86,2.31170615798e-24,2.07696896621e-05,0.000131188405208,0.000606501842342,0.00252466016442
2.861,2.30788561028e-24,2.10598395626e-05,0.000133006192616,0.000614364525872,0.00255671187744
2.862,2.30486213983e-24,2.1406826169e-05,0.000135182022148,0.000623833575986,0.00259538694213
2.863,2.30209111152e-24,2.17010322765e-05,0.00013703072121,0.00063175202418,0.00262756208479
2.864,2.29981817558e-24,2.19635661165e-05,0.000138680072226,0.000638739151426,0.00265589068446
2.865,2.29652833195e-24,2.22377631037e-05,0.0001404066357,0.000646020486627,0.0026854556728
2.866,2.25330708426e-24,2.2134985209e-05,0.000139741219699,0.000642177996311,0.00266865208782
2.867,2.2107610215e-24,2.20797629577e-05,0.000139375795146,0.000639705206515,0.00265751291419
2.868,2.16863617144e-24,2.20058485002e-05,0.000138901008851,0.000636719226246,0.00264433325154
2.869,2.12698088786e-24,2.19066631155e-05,0.000138259171506,0.000633019029141,0.00262818924578
2.87,2.08530739899e-24,2.17678661786e-05,0.000137369161057,0.000628190972648,0.00260769686525
2.871,2.04428377091e-24,2.1713816583e-05,0.000137017279424,0.000625786981267,0.00259775026055
2.872,2.00382194572e-24,2.16437694385e-05,0.000136569533436,0.000622954298216,0.00258678872864
2.873,1.96351770606e-24,2.15719262811e-05,0.00013610647734,0.000620050840325,0.00257635983715
2.874,1.92340954543e-24,2.14496239318e-05,0.000135322382624,0.000615739563096,0.00256070095911
2.875,1.8837396228e-24,2.13456073797e-05,0.000134657188845,0.000611955253602,0.00254728997574
2.876,1.8445067145e-24,2.128537616e-05,0.000134265335623,0.000609425563656,0.0025389980786
2.877,1.80537281486e-24,2.11570438112e-05,0.000133439149587,0.000605010983277,0.00252282800441
2.878,1.76684773744e-24,2.10428095975e-05,0.000132706968669,0.000601070800525,0.00250841987284
2.879,1.72866620249e-24,2.09353569354e-05,0.000132020387184,0.000597421461576,0.00249500171818
2.88,1.69065783639e-24,2.08164918853e-05,0.000131260017736,0.000593564302916,0.00248038922142
2.881,1.65324596613e-24,2.0767971693e-05,0.000130941480312,0.000591863232767,0.00247444305116
2.882,1.61626354415e-24,2.06954086444e-05,0.000130472433489,0.000589583143119,0.00246588691025
2.883,1.57969902549e-24,2.06110180061e-05,0.00012992752002,0.000587022156651,0.00245617493862
2.884,1.54358879333e-24,2.05170339678e-05,0.000129324595503,0.000584262789493,0.00244563544635
2.885,1.50785369943e-24,2.04270611663e-05,0.000128744954834,0.000581759428908,0.00243582778775
2.886,1.4723613479e-24,2.03255426616e-05,0.000128097265472,0.000579024597585,0.00242470336703
2.887,1.43748632582e-24,2.02372455254e-05,0.000127533249024,0.000576755522203,0.00241534112995
2.888,1.40284710525e-24,2.01731914542e-05,0.000127120498411,0.000575265215124,0.00240893947817
2.889,1.3687422336e-24,2.01073002991e-05,0.000126696718072,0.000573803144346,0.00240241987514
2.89,1.35531305484e-24,2.02690714319e-05,0.000127705035215,0.00057825958175,0.00242051408159
2.891,1.35100351589e-24,2.04732023896e-05,0.000128980475764,0.000583609893026,0.00244239528041
2.892,1.34732655122e-24,2.07007706271e-05,0.000130404383707,0.00058960620373,0.00246685299105
2.893,1.34455939969e-24,2.09909564072e-05,0.00013222133251,0.000597339230712,0.00249857697643
2.894,1.34218370243e-24,2.12968436714e-05,0.000134139455324,0.000605513395378,0.00253209146496
2.895,1.34032835417e-24,2.15867865422e-05,0.000135959528681,0.000613221116755,0.00256360604681
2.896,1.33890664973e-24,2.18778286841e-05,0.000137785190844,0.000620949195537,0.00259512089199
2.897,1.33784011769e-24,2.22004314648e-05,0.00013980678884,0.00062954884284,0.00263027847669
2.898,1.32250120924e-24,2.22639023983e-05,0.000140196540853,0.000630701059103,0.00263421490376
2.899,1.29763845075e-24,2.21835986131e-05,0.000139685241223,0.000627742788549,0.0026208765115
2.9,1.27324651414e-24,2.20708065918e-05,0.000138964790014,0.000623890556907,0.00260381803908
2.901,1.24880870103e-24,2.20021516064e-05,0.000138518760818,0.000621257124243,0.00259187984283
2.902,1.22471475412e-24,2.19588571833e-05,0.000138240852724,0.00061936945219,0.00258305479591
2.903,1.20089852517e-24,2.19167681233e-05,0.000137967884958,0.000617516495327,0.0025745958619
2.904,1.17715039556e-24,2.18675482642e-05,0.000137650134987,0.000615460155705,0.00256583799456
2.905,1.15362606397e-24,2.17571460858e-05,0.000136947300734,0.00061170692591,0.00255057088727
2.906,1.13028131776e-24,2.1686375932e-05,0.000136492678475,0.000609056233541,0.00254064984376
2.907,1.10712066132e-24,2.15505567219e-05,0.000135627280808,0.000604578109848,0.00252392359456
2.908,1.08423840425e-24,2.14565729137e-05,0.000135026396918,0.000601297020295,0.00251233170589
2.909,1.06158317568e-24,2.13399321374e-05,0.000134283220035,0.000597383453635,0.00249812590121
2.91,1.03911606319e-24,2.12482564227e-05,0.000133695740766,0.000594192661612,0.00248695403112
2.911,1.01684562025e-24,2.11581484632e-05,0.000133117506832,0.000591072608018,0.00247608474557
2.912,9.94838660234e-25,2.1082226946e-05,0.000132632148977,0.000588383937256,0.00246683547905
2.913,9.72936131492e-25,2.09717817055e-05,0.00013193013881,0.000584798906148,0.00245368595085
2.914,9.51397131603e-25,2.08572121718e-05,0.000131201189997,0.000581195775017,0.00244035621904
2.915,9.30075422106e-25,2.076093929e-05,0.00013058755709,0.000578236237553,0.00242942532752
2.916,9.08921608108e-25,2.0665380453e-05,0.000129978500594,0.00057536431905,0.0024187592368
2.917,8.88045276501e-25,2.05735013186e-05,0.000129395632824,0.000572661733203,0.00240862935106
2.918,8.67396136894e-25,2.04851821159e-05,0.000128830071898,0.000570162231717,0.00239912515884
2.919,8.46925407031e-25,2.03765870909e-05,0.00012813598151,0.000567175675633,0.00238737865412
2.92,8.26761123246e-25,2.03143632634e-05,0.000127739557506,0.000565573305538,0.0023813120062
2.921,8.06788204877e-25,2.02285647773e-05,0.000127191752623,0.000563397402487,0.00237256334743
2.922,7.87188908119e-25,2.01479769685e-05,0.000126678522658,0.000561486646132,0.00236456944589
2.923,7.67720644952e-25,2.00565726858e-05,0.000126096752028,0.000559290881432,0.00235539154259
2.924,7.4844252817e-25,1.99544368876e-05,0.000125446876744,0.000556839017736,0.0023450292314
2.925,7.29467108982e-25,1.9860744336e-05,0.000124849656773,0.000554671386564,0.0023358319046
2.926,7.10783791042e-25,1.97560336533e-05,0.000124183080511,0.000552267894513,0.00232549834311
2.927,6.92313811627e-25,1.96669781912e-05,0.000123615083026,0.000550330044627,0.00231708383992
2.928,6.74053447383e-25,1.95901439395e-05,0.000123122573228,0.000548759485591,0.00231026234641
2.929,6.5606325347e-25,1.95420518381e-05,0.00012281050804,0.000548017547844,0.00230694067579
2.93,6.38202886344e-25,1.94192071084e-05,0.000122030676437,0.000545213211231,0.00229490899099
2.931,6.20744560037e-25,1.93765371287e-05,0.000121752400367,0.000544668089398,0.00229237070878
2.932,6.03490561018e-25,1.92601732986e-05,0.000121011438131,0.000542111937503,0.00228132581104
2.933,5.86470734353e-25,1.9164564482e-05,0.000120402892812,0.000540204538902,0.00227275068292
2.934,5.69701542677e-25,1.90251026661e-05,0.000119517922567,0.000537076135975,0.00225910029908
2.935,5.53243512575e-25,1.8903988139e-05,0.000118752934396,0.000534464870491,0.00224763930626
2.936,5.37039089358e-25,1.8852315269e-05,0.000118431209151,0.000533804828324,0.00224440609966
2.937,5.21037188373e-25,1.87836856889e-05,0.000118003681385,0.000532718652775,0.00223923331787
2.938,5.05304962551e-25,1.87095326543e-05,0.000117539506728,0.000531521918347,0.00223354583302
2.939,4.89832574739e-25,1.86325181817e-05,0.000117063534029,0.000530230079725,0.00222744507029
2.94,4.75153700019e-25,1.85375089367e-05,0.000116485866647,0.000528394107647,0.00221907979615
2.941,4.721542522e-25,1.87824618325e-05,0.000118021957885,0.000535166115236,0.00224683097076
2.942,4.6976317188e-25,1.90087748715e-05,0.000119438198311,0.000541340800471,0.00227203258782
2.943,4.67762961379e-25,1.92832173703e-05,0.000121160636012,0.000548810610672,0.00230265350085
2.944,4.66169127038e-25,1.95699372536e-05,0.000122958025318,0.000556603261632,0.00233455880007
2.945,4.64914912453e-25,1.98172926157e-05,0.000124507211213,0.000563197528232,0.00236142089422
2.946,4.63894880763e-25,2.01113086974e-05,0.000126351653664,0.000571117535368,0.00239377933883
2.947,4.63054516305e-25,2.04357260052e-05,0.000128384815685,0.000579868708253,0.00242956190369
2.948,4.62434419664e-25,2.07652088486e-05,0.000130449252428,0.000588704110166,0.00246573169139
2.949,4.61916450853e-25,2.10644325744e-05,0.000132320975403,0.000596683663433,0.00249824853327
2.95,4.61473038606e-25,2.13355806678e-05,0.000134020171444,0.000603841470399,0.00252734727158
2.951,4.61106494516e-25,2.16183008739e-05,0.000135792840997,0.000611328069288,0.0025577886444
2.952,4.60725163667e-25,2.19000432818e-05,0.000137558991118,0.000618733341236,0.00258797309319
2.953,4.6045923926e-25,2.21777044016e-05,0.00013930139398,0.000626030687763,0.00261759943888
2.954,4.60309377961e-25,2.24950303941e-05,0.000141293274562,0.000634387406412,0.00265170879728
2.955,4.52510064341e-25,2.24615942544e-05,0.000141075783778,0.000632759591347,0.00264402065941
2.956,4.43741774362e-25,2.23388753673e-05,0.000140299273082,0.000628614938239,0.00262577248444
2.957,4.35074986396e-25,2.2264750314e-05,0.000139830177325,0.000625861858636,0.00261331161117
2.958,4.26595927467e-25,2.2202907517e-05,0.00013943530219,0.000623458272323,0.00260239728504
2.959,4.18147952876e-25,2.20291169897e-05,0.000138339426749,0.000617932873956,0.00257901489623
2.96,4.0977999814e-25,2.19425280702e-05,0.000137789488877,0.000614848380385,0.0025670860816
2.961,4.01490865653e-25,2.18222793717e-05,0.000137028358322,0.00061084430875,0.00255240555752
2.962,3.93254312258e-25,2.16888809635e-05,0.000136183952001,0.000606460638238,0.00253637740546
2.963,3.85145921989e-25,2.16452978694e-05,0.000135905678029,0.000604612411803,0.00253090356314
2.964,3.77062578051e-25,2.1554713606e-05,0.000135330196776,0.000601480870259,0.00252000721847
2.965,3.69116597486e-25,2.14986101526e-05,0.000134972735828,0.000599352767508,0.00251314482367
2.966,3.6119119677e-25,2.1423496976e-05,0.000134494534182,0.00059676418718,0.00250423072093
2.967,3.53340922051e-25,2.13180777401e-05,0.000133826007418,0.000593503025244,0.00249208703369
2.968,3.45570493181e-25,2.11972546515e-05,0.000133062120687,0.000589971156678,0.00247833826638
2.969,3.37873341285e-25,2.10899222306e-05,0.000132382464239,0.000586940453148,0.00246641988313
2.97,3.30320624066e-25,2.09935422953e-05,0.000131770917665,0.000584407369363,0.00245616981474
2.971,3.22793629799e-25,2.08905550552e-05,0.000131119011152,0.000581878849501,0.00244563728783
2.972,3.15357297238e-25,2.07583987781e-05,0.000130282832076,0.000578663876635,0.00243191922639
2.973,3.0797526945e-25,2.06732605662e-05,0.000129741958195,0.000576837511375,0.00242387935777
2.974,3.00658784643e-25,2.05338540799e-05,0.000128860119036,0.000573591604014,0.00240968842442
2.975,2.93450339894e-25,2.04003335982e-05,0.000128017230445,0.000570584503094,0.00239626282897
2.976,2.86335854173e-25,2.03182968169e-05,0.000127497489926,0.000569092235463,0.00238917639857
2.977,2.79289871149e-25,2.01941052731e-05,0.00012671354469,0.000566459129395,0.00237726434095
2.978,2.72358296476e-25,2.00606284521e-05,0.000125867927231,0.000563581080374,0.00236430806448
2.979,2.65499854116e-25,1.99354159763e-05,0.000125075884666,0.000560957485129,0.00235251793192
2.98,2.58659342374e-25,1.98092984592e-05,0.000124279014805,0.000558370718362,0.002340863975
2.981,2.51988233397e-25,1.97318350693e-05,0.00012378696072,0.000557165591991,0.00233509530814
2.982,2.45351813082e-25,1.96267630187e-05,0.000123120689825,0.000555161154996,0.0023260805116
2.983,2.38806522e-25,1.95506243064e-05,0.000122640414115,0.000554013783134,0.00232063345445
2.984,2.3239286175e-25,1.94675239071e-05,0.000122118760581,0.000552708304533,0.00231459112778
2.985,2.26061507938e-25,1.93762076638e-05,0.000121545890555,0.000551154564633,0.00230764960184
2.986,2.19832317064e-25,1.93261891781e-05,0.000121232115649,0.000550775521381,0.00230573867642
2.987,2.13652554001e-25,1.9198859006e-05,0.000120434112306,0.000548234134126,0.00229472350675
2.988,2.0758197706e-25,1.91142296647e-05,0.000119905444358,0.000546895428695,0.00228891495272
2.989,2.01588026244e-25,1.89938504057e-05,0.000119152449547,0.000544526056679,0.0022787826844
2.99,1.95700749936e-25,1.88728477903e-05,0.000118394318286,0.000542138504079,0.00226861801412
2.991,1.89905663235e-25,1.8777936518e-05,0.000117804909199,0.000540508712905,0.00226164967076
2.992,1.84156241022e-25,1.86629701663e-05,0.000117088529348,0.000538314557815,0.00225223910004
2.993,1.78491250512e-25,1.85048275705e-05,0.000116107136391,0.000534896326125,0.00223773878061
2.994,1.72938432543e-25,1.83959252933e-05,0.000115448514624,0.000532892010252,0.00222920913671
2.995,1.6748209618e-25,1.83090080841e-05,0.000114936733893,0.000531548281456,0.00222341735473
2.996,1.62104861077e-25,1.82136899331e-05,0.000114388836439,0.000529967857956,0.00221665627301
2.997,1.56813275133e-25,1.81021537606e-05,0.000113760576647,0.00052792390014,0.00220798630168
2.998,1.51632428977e-25,1.7980920054e-05,0.000113083034973,0.000525612548954,0.00219821291514
2.999,1.46507103071e-25,1.78557119991e-05,0.000112398139952,0.000523184273274,0.0021879457913
3,1.41536139594e-25,1.77573863173e-05,0.000111896978782,0.000521530081971,0.00218109410915
3.001,1.36639134019e-25,1.76481299651e-05,0.000111330621791,0.000519613763724,0.00217302971283
3.002,1.31808119206e-25,1.75458036475e-05,0.000110820912263,0.000517899705756,0.00216596798648
3.003,1.2710108965e-25,1.74605635948e-05,0.00011042246681,0.000516667995402,0.00216089378846
3.004,1.22476816873e-25,1.74013057879e-05,0.00011020877925,0.000516239842063,0.00215918113921
3.005,1.17936236989e-25,1.7319371642e-05,0.000109850785299,0.000515121382831,0.00215456184
3.006,1.13471285766e-25,1.72203624809e-05,0.000109391983299,0.000513479079963,0.00214783076857
3.007,1.11202623232e-25,1.73303964292e-05,0.000110169183038,0.000517136399341,0.00216283296921
3.008,1.10262518962e-25,1.75623245998e-05,0.000111664524516,0.000523820798003,0.00219015558679
3.009,1.09494704115e-25,1.78338565545e-05,0.000113399468915,0.000531582184297,0.00222192612601
3.01,1.08871558174e-25,1.80814704172e-05,0.000114981712467,0.000538528979381,0.0022503109804
3.011,1.08357370375e-25,1.83485121406e-05,0.000116677117461,0.000545952761166,0.00228059157326
3.012,1.07982053721e-25,1.86423853904e-05,0.000118554112848,0.000554171749696,0.00231422469693
3.013,1.07638800051e-25,1.88560334819e-05,0.000119912190287,0.000559940072466,0.00233756945628
3.014,1.07375420242e-25,1.91635230117e-05,0.000121864321598,0.000568444736698,0.00237231642934
3.015,1.07140408739e-25,1.94174647124e-05,0.00012347317057,0.000575335624457,0.00240027710812
3.016,1.0698621616e-25,1.97661867414e-05,0.000125675514941,0.000584968801542,0.00243965308478
3.017,1.06853360383e-25,2.00731700287e-05,0.0001276074985,0.000593327174037,0.00247375318691
3.018,1.06745840374e-25,2.03847811257e-05,0.000129572850016,0.000601777240184,0.00250823330416
3.019,1.0662644165e-25,2.06431530555e-05,0.000131191291987,0.000608656595438,0.00253606058878
3.02,1.06542509614e-25,2.09648619549e-05,0.000133229486223,0.000617402085196,0.0025717722024
3.021,1.06480751439e-25,2.12815006289e-05,0.000135230670774,0.000625969530739,0.00260668823906
3.022,1.0641257041e-25,2.158973294e-05,0.000137176122626,0.000634299463674,0.00264051803333
3.023,1.06379966709e-25,2.19230064674e-05,0.000139280359475,0.000643309070114,0.00267729565405
3.024,1.05823766158e-25,2.20839623861e-05,0.000140286241559,0.00064720946078,0.00269271265431
3.025,1.0379501217e-25,2.20305866593e-05,0.000139933682044,0.000644733984377,0.00268153450527
3.026,1.01770105422e-25,2.19424891097e-05,0.000139351763288,0.000641257695458,0.00266623516053
3.027,9.97656375465e-26,2.18226947576e-05,0.000138561427704,0.000636855790695,0.00264711436308
3.028,9.77985732215e-26,2.17347835434e-05,0.000137976561896,0.000633375766265,0.00263221142271
3.029,9.58264548082e-26,2.16154824623e-05,0.000137192064816,0.000629023641187,0.00261472521066
3.03,9.39083252618e-26,2.14970673668e-05,0.000136417739732,0.000624698861801,0.00259884181196
3.031,9.20045462371e-26,2.14071275751e-05,0.000135832980872,0.000621257350364,0.00258686774234
3.032,9.00834932824e-26,2.12720807917e-05,0.000134949517658,0.000616508439999,0.00256936565606
3.033,8.81958495065e-26,2.116740986e-05,0.000134260726309,0.00061269293116,0.00255565199036
3.034,8.63312061885e-26,2.10889386527e-05,0.000133744454817,0.00060969663985,0.00254524611932
3.035,8.44899463139e-26,2.09866079984e-05,0.000133076942045,0.00060615426051,0.00253218849135
3.036,8.26653259643e-26,2.08966370989e-05,0.000132487867932,0.000603185903458,0.00252108195224
3.037,8.08303835802e-26,2.07715292799e-05,0.00013166866252,0.000599351568502,0.00250606105406
3.038,7.90405168971e-26,2.06742687982e-05,0.000131024457731,0.000596483695991,0.00249454412521
3.039,7.72714755221e-26,2.05511927661e-05,0.000130223273641,0.000593079307052,0.00248025536296
3.04,7.54903358985e-26,2.04089065798e-05,0.0001293072848,0.000589296117191,0.00246418704894
3.041,7.37433369815e-26,2.03150186526e-05,0.00012868984053,0.00058701846953,0.00245427331377
3.042,7.20109715096e-26,2.02033484639e-05,0.000127958096466,0.000584315693605,0.00244241978916
3.043,7.03053716443e-26,2.01169875975e-05,0.000127388825654,0.000582454448553,0.00243391450253
3.044,6.8614188969e-26,2.00288538618e-05,0.000126809652212,0.000580577284408,0.00242540722504
3.045,6.69320503611e-26,1.99468061032e-05,0.00012627104679,0.000578906832288,0.00241784538617
3.046,6.5285539022e-26,1.98718302629e-05,0.000125773506133,0.000577418305776,0.00241119006736
3.047,6.36431748579e-26,1.9750567496e-05,0.0001249823751,0.000574628458376,0.00239909357775
3.048,6.20304445417e-26,1.9635407116e-05,0.000124230895807,0.000572013262352,0.0023877818076
3.049,6.04503118488e-26,1.9536574337e-05,0.000123585178379,0.000569899041932,0.00237858670572
3.05,5.88715642479e-26,1.9439222158e-05,0.000122946616382,0.000567832847397,0.00236959696771
3.051,5.73333028857e-26,1.93690452845e-05,0.000122481894538,0.000566611001799,0.00236416147494
3.052,5.5815077411e-26,1.92830455614e-05,0.000121918433272,0.000564916291426,0.0023568666344
3.053,5.42974772596e-26,1.92047531016e-05,0.000121403824642,0.000563461231375,0.00235058511849
3.054,5.28129548165e-26,1.90601578543e-05,0.000120470044827,0.000560060045053,0.00233625748985
3.055,5.13583277439e-26,1.90013519182e-05,0.000120092410841,0.000559199957136,0.00233253334974
3.056,4.99138981331e-26,1.8899774658e-05,0.000119451902675,0.000557106787187,0.00232369936495
3.057,4.84888651387e-26,1.87916455287e-05,0.000118783295251,0.000554836208436,0.00231430109161
3.058,4.70931222251e-26,1.87226982552e-05,0.000118363982654,0.000553714870827,0.00230974581944
3.059,4.57117491551e-26,1.86281513121e-05,0.000117780085364,0.000551858664821,0.00230207848321
3.06,4.43488954591e-26,1.85142175117e-05,0.000117091565824,0.000549469168012,0.00229216142319
3.061,4.32034191857e-26,1.84615407406e-05,0.000116784450611,0.000548663951695,0.00228880000501
3.062,4.29525983823e-26,1.87054590376e-05,0.000118317749359,0.000555576222372,0.00231707343632
3.063,4.2743600375e-26,1.89721189045e-05,0.000120000564472,0.000563099144369,0.0023478359125
3.064,4.25927545138e-26,1.92309169297e-05,0.000121626838307,0.000570279907329,0.0023770730666
3.065,4.24756306031e-26,1.95462994798e-05,0.000123612395305,0.000579091918754,0.00241313883822
3.066,4.23706929718e-26,1.98702418607e-05,0.000125650885441,0.000588070906556,0.00244983687622
3.067,4.22926515873e-26,2.01677478707e-05,0.000127517441759,0.000596218362534,0.00248311011214
3.068,4.22270494915e-26,2.04819048816e-05,0.000129489422321,0.000604830591091,0.00251826891473
3.069,4.21777813316e-26,2.08026344426e-05,0.000131510509311,0.000613601966249,0.00255409593818
3.07,4.21285739054e-26,2.1096662595e-05,0.000133355887859,0.00062155637634,0.00258645579111
3.071,4.21001102774e-26,2.14529569131e-05,0.000135590500473,0.000631294392816,0.00262620289832
3.072,4.20638356085e-26,2.17601996523e-05,0.000137518654362,0.000639583623233,0.00265988982253
3.073,4.20397383796e-26,2.20873329228e-05,0.00013957194414,0.000648447238672,0.00269603786638
3.074,4.13686774097e-26,2.20843531014e-05,0.000139540863644,0.000647453366534,0.00269105495223
3.075,4.05798885104e-26,2.19863571496e-05,0.000138906623714,0.000643634087401,0.00267435517739
3.076,3.9796165821e-26,2.1879792706e-05,0.000138220285731,0.000639574662971,0.00265672361867
3.077,3.90158510626e-26,2.17634807673e-05,0.000137470273223,0.000635269544659,0.00263814575894
3.078,3.82496150402e-26,2.16887515385e-05,0.000136978534071,0.000632178799767,0.00262497457977
3.079,3.74891230227e-26,2.15886445191e-05,0.0001363339565,0.000628368824502,0.00260974252815
3.08,3.67301689599e-26,2.1483633083e-05,0.00013565408752,0.000624424232944,0.00259499623656
3.081,3.59851123612e-26,2.14035331169e-05,0.000135134645428,0.000621235900876,0.00258391720983
3.082,3.52554232308e-26,2.13492097806e-05,0.000134776287304,0.000618828838456,0.00257612336888
3.083,3.45287323021e-26,2.13080939416e-05,0.000134504377356,0.000616871067733,0.0025699701486
3.084,3.38105668025e-26,2.12207390436e-05,0.000133934979634,0.000613585026686,0.0025583052376
3.085,3.30973436215e-26,2.11700757652e-05,0.000133601980102,0.000611488160899,0.00255130246819
3.086,3.23898866529e-26,2.1087890227e-05,0.000133069167231,0.000608583310922,0.00254069270858
3.087,3.16790274921e-26,2.0962651465e-05,0.000132268687465,0.000604527625782,0.00252502105224
3.088,3.09828370459e-26,2.08915429907e-05,0.000131806066044,0.000602133051368,0.00251605012109
3.089,3.02878633778e-26,2.08028140861e-05,0.000131235527032,0.000599327354627,0.00250521271443
3.09,2.96113125265e-26,2.07354748247e-05,0.000130792656889,0.000597286033446,0.00249716939563
3.091,2.89386194339e-26,2.06288163627e-05,0.000130103544775,0.000594210825021,0.00248470045221
3.092,2.82707699607e-26,2.04673332612e-05,0.000129069667791,0.000589707749576,0.00246596995816
3.093,2.76119916165e-26,2.0380407667e-05,0.000128505962554,0.000587410010574,0.00245631179921
3.094,2.69591717745e-26,2.02990098939e-05,0.000127980616333,0.000585313131992,0.002447524229
3.095,2.63182688305e-26,2.02334319724e-05,0.000127554492558,0.000583722532127,0.00244086888267
3.096,2.57882298399e-26,2.01719927627e-05,0.000127156565638,0.000582086500349,0.00243400715781
3.097,2.56993669641e-26,2.04549099385e-05,0.00012892920455,0.000589755315158,0.00246556222426
3.098,2.56286154187e-26,2.07066872881e-05,0.000130507312464,0.000596453586289,0.00249302576251
3.099,2.55709123701e-26,2.0999715047e-05,0.000132343154012,0.000604332661015,0.00252530884253
3.1,2.55244823732e-26,2.12967823849e-05,0.000134207097622,0.000612303729192,0.00255794242051
3.101,2.55020337592e-26,2.16406388639e-05,0.000136361731738,0.000621575397993,0.00259598502291
3.102,2.54750237809e-26,2.19825519142e-05,0.000138505809126,0.000630777263201,0.00263365169034
3.103,2.54569424736e-26,2.23491286928e-05,0.000140805935944,0.000640663100131,0.00267415836276
3.104,2.51293975683e-26,2.24344080713e-05,0.000141330414345,0.000642392950976,0.00268041453527
3.105,2.46526293872e-26,2.23283312831e-05,0.000140651085093,0.000638602988037,0.00266359282459
3.106,2.41800314134e-26,2.22443428885e-05,0.000140111527508,0.00063543746015,0.00264943525425
3.107,2.37141290431e-26,2.21594337768e-05,0.000139565440598,0.000632292390252,0.00263540401418
3.108,2.32519862588e-26,2.2070748697e-05,0.00013900015057,0.000629016709535,0.00262086936973
3.109,2.27923962342e-26,2.19760182258e-05,0.000138393350297,0.000625574231637,0.00260597029559
3.11,2.23399344958e-26,2.18841263983e-05,0.000137806108119,0.00062223413202,0.00259205994573
3.111,2.18877579353e-26,2.17727749025e-05,0.000137096616861,0.000618344377687,0.00257647733182
3.112,2.14499336232e-26,2.17254088147e-05,0.000136788725441,0.000616257967437,0.00256920889335
3.113,2.10010263011e-26,2.16157120477e-05,0.000136092099581,0.000612439911748,0.00255516516088
3.114,2.05597965475e-26,2.15011253904e-05,0.000135360713454,0.000608494376648,0.00254083962201
3.115,2.01264387463e-26,2.14210643514e-05,0.000134848963876,0.000605514549393,0.00253059462215
3.116,1.96977517983e-26,2.13471107845e-05,0.000134372317432,0.000602753132005,0.00252123093453
3.117,1.92682369869e-26,2.12265272191e-05,0.000133605336733,0.000598717246925,0.00250653278734
3.118,1.88511460649e-26,2.11368082724e-05,0.000133032046605,0.000595594174717,0.0024954841491
3.119,1.84361107996e-26,2.10318459995e-05,0.000132364248285,0.00059216118061,0.00248288440896
3.12,1.80278174545e-26,2.09036913253e-05,0.000131548417336,0.000588167302869,0.0024676974853
3.121,1.76213296818e-26,2.08036263496e-05,0.000130908038034,0.000585050859533,0.0024560121217
3.122,1.72103765334e-26,2.06982927993e-05,0.000130239501535,0.000581904081465,0.0024439662856
3.123,1.68108383795e-26,2.05842315453e-05,0.000129511652626,0.000578611666813,0.00243092201462
3.124,1.64151302004e-26,2.04825820069e-05,0.000128862842784,0.000575695376001,0.0024194434334
3.125,1.60272595715e-26,2.03822838184e-05,0.000128223198509,0.000572928410352,0.0024084512207
3.126,1.56435663944e-26,2.02956954839e-05,0.000127672086014,0.000570650636756,0.00239931320981
3.127,1.52675908133e-26,2.02387868143e-05,0.0001273042219,0.000569221927499,0.00239368465273
3.128,1.48981822927e-26,2.01918052393e-05,0.000126999047283,0.000568145753878,0.00238943463638
3.129,1.45277658625e-26,2.00989540658e-05,0.000126406415411,0.00056581674305,0.00237987828014
3.13,1.41606080414e-26,2.00218600058e-05,0.000125912099393,0.000563993329608,0.00237231502572
3.131,1.38002739683e-26,1.99354525756e-05,0.000125358628069,0.000561898154835,0.00236369232971
3.132,1.34423025586e-26,1.98273629234e-05,0.000124668380012,0.000559288086101,0.00235267313919
3.133,1.30940689138e-26,1.9759073652e-05,0.00012422948393,0.000557845896162,0.00234655450653
3.134,1.27473451406e-26,1.96531084186e-05,0.000123554288193,0.000555354360983,0.00233602415086
3.135,1.24055299681e-26,1.95487831603e-05,0.00012289527786,0.000552918920104,0.00232575251543
3.136,1.20645681528e-26,1.94239275867e-05,0.000122107912692,0.000549985697625,0.00231336136602
3.137,1.18312102453e-26,1.94202836822e-05,0.00012208317539,0.000550148080307,0.00231385464092
3.138,1.17789525968e-26,1.96951030199e-05,0.000123804696071,0.00055757938672,0.0023445502359
3.139,1.17358347325e-26,1.996056756e-05,0.000125468042525,0.00056472369101,0.00237393107935
3.14,1.16995208168e-26,2.02169988124e-05,0.000127071663146,0.000571538283191,0.00240188988709
3.141,1.16690338051e-26,2.04737209106e-05,0.000128680859375,0.000578353283211,0.0024297822261
3.142,1.16462985952e-26,2.07838842452e-05,0.000130625076909,0.000586614583149,0.00246376735946
3.143,1.16254947574e-26,2.10758474696e-05,0.000132455916273,0.000594361958456,0.00249550533922
3.144,1.16105717049e-26,2.13943986826e-05,0.000134450633888,0.000602849479206,0.00253029433581
3.145,1.15960900388e-26,2.17049632335e-05,0.000136396366032,0.000611092049426,0.0025640175132
3.146,1.15857617325e-26,2.2037759961e-05,0.0001384814051,0.000619918384788,0.00260022957925
3.147,1.1575095233e-26,2.23289712422e-05,0.000140306883651,0.00062761962847,0.00263158587816
3.148,1.15080602782e-26,2.25603865638e-05,0.000141755805076,0.000633560227967,0.00265556017939
3.149,1.12871760875e-26,2.24478003225e-05,0.000141045017269,0.000629744306539,0.00263857953878
3.15,1.10714400676e-26,2.23434611335e-05,0.000140382521608,0.000626170514955,0.00262255628633
3.151,1.08571153809e-26,2.22665320435e-05,0.000139894187131,0.000623375579293,0.00260983115617
3.152,1.06453179665e-26,2.21819218687e-05,0.000139357347359,0.000620375682396,0.00259636685338
3.153,1.0433261417e-26,2.20778742349e-05,0.000138698710188,0.000616831966684,0.0025811266147
3.154,1.02255492692e-26,2.2012364631e-05,0.000138281592895,0.000614366238985,0.00257130035719
3.155,1.00140261917e-26,2.18638660384e-05,0.000137344791676,0.000609590686609,0.00255280106421
3.156,9.80546572754e-27,2.17255698084e-05,0.000136470212725,0.000605134032455,0.00253616503898
3.157,9.60421823158e-27,2.16408638198e-05,0.000135932855697,0.000602185226741,0.00252591000569
3.158,9.39880133636e-27,2.14970452364e-05,0.000135022918176,0.00059760989872,0.00250877760942
3.159,9.19534978635e-27,2.13425401414e-05,0.000134047150892,0.000592733221461,0.00249036797138
3.16,8.99722205777e-27,2.12387724153e-05,0.000133389065304,0.000589393594645,0.00247810352413
3.161,8.80577491831e-27,2.12014765789e-05,0.000133148050403,0.000588034896251,0.00247378543894
3.162,8.6103553016e-27,2.10583144903e-05,0.000132243551566,0.000583844935636,0.00245747686779
3.163,8.41975400699e-27,2.09766131573e-05,0.000131725077171,0.000581481610226,0.00244859956405
3.164,8.22908353636e-27,2.09126077196e-05,0.00013131638011,0.0005796922784,0.00244188309705
3.165,8.04360236539e-27,2.08236953757e-05,0.000130750998027,0.000577322116584,0.00243250718835
3.166,7.85631239348e-27,2.07087425012e-05,0.000130024674112,0.000574323110605,0.00242036190816
3.167,7.67187983117e-27,2.06103612473e-05,0.000129402337736,0.000571891783418,0.00241025601519
3.168,7.49019536106e-27,2.05115902574e-05,0.000128775841326,0.000569523440142,0.0024002718657
3.169,7.30855091092e-27,2.03640701795e-05,0.000127843781237,0.00056587619173,0.00238487673494
3.17,7.1289602884e-27,2.02546601578e-05,0.000127150610099,0.000563376544017,0.00237416670089
3.171,6.95287156138e-27,2.01367525996e-05,0.000126401474527,0.000560658768095,0.002362526756
3.172,6.78206941872e-27,2.00723827804e-05,0.00012599006708,0.000559492055938,0.00235737632699
3.173,6.61071674268e-27,1.99755338945e-05,0.000125374883989,0.000557451134238,0.00234851982909
3.174,6.43841631456e-27,1.98290474284e-05,0.000124450410666,0.000554031031687,0.00233383277923
3.175,6.27168090612e-27,1.97421020866e-05,0.000123903502901,0.000552412369474,0.00232645787584
3.176,6.1047492035e-27,1.96124164973e-05,0.000123089621815,0.000549596952455,0.00231411356286
3.177,5.94350589158e-27,1.95297014366e-05,0.000122568902429,0.000548081886989,0.00230739846853
3.178,5.78592194771e-27,1.94402243899e-05,0.000122006436922,0.000546471925747,0.00230020383601
3.179,5.62586150096e-27,1.92989480468e-05,0.000121120872937,0.000543437032109,0.00228698537015
3.18,5.46968356455e-27,1.91927232924e-05,0.000120460143455,0.000541379275229,0.00227792541972
3.181,5.31651368822e-27,1.90988384552e-05,0.000119875551858,0.000539709831113,0.00227049134789
3.182,5.16528144138e-27,1.89957601679e-05,0.000119235702224,0.000537780825498,0.00226196465019
3.183,5.01740052655e-27,1.88910664854e-05,0.000118590592556,0.000535823601088,0.00225338695775
3.184,4.87034552863e-27,1.88042828541e-05,0.000118061448331,0.00053438816815,0.00224697604546
3.185,4.72720646093e-27,1.87092080636e-05,0.000117483635872,0.000532727352419,0.00223966999157
3.186,4.58354277764e-27,1.8583738909e-05,0.000116715254329,0.000530217115798,0.00222883625667
3.187,4.44390629867e-27,1.85185580452e-05,0.000116339827565,0.000529427345023,0.00222524775159
3.188,4.30699955767e-27,1.84331308645e-05,0.000115841666196,0.000528071682685,0.00221937033601
3.189,4.1707978423e-27,1.83264991541e-05,0.000115213773111,0.00052613147036,0.00221107828969
3.19,4.03640966714e-27,1.82295604868e-05,0.000114649982664,0.000524521153047,0.00220407005975
3.191,3.90490051632e-27,1.81040718089e-05,0.000113909208821,0.000522066774656,0.002193637992
3.192,3.7757633576e-27,1.80043729597e-05,0.000113343007571,0.000520366165606,0.0021863070525
3.193,3.65086061694e-27,1.79349529732e-05,0.000112977507637,0.000519576343871,0.00218286463734
3.194,3.52736187668e-27,1.78469539438e-05,0.000112506021867,0.000518236912472,0.00217707973517
3.195,3.40510122909e-27,1.77305441673e-05,0.000111883587926,0.000516097204604,0.0021678620006
3.196,3.28574361032e-27,1.75905752552e-05,0.000111126958048,0.000513312874184,0.00215589231257
3.197,3.16911974893e-27,1.75008994008e-05,0.000110697369623,0.000511988856912,0.00215008073981
3.198,3.0537207279e-27,1.74194846064e-05,0.000110335984501,0.000510889110466,0.00214524805618
3.199,2.95810659153e-27,1.73797411207e-05,0.00011022007293,0.000510727833263,0.00214424049807
3.2,2.93202226533e-27,1.76501306304e-05,0.000111952525769,0.000518506388519,0.00217623523738
3.201,2.91037589147e-27,1.79096581079e-05,0.000113608632236,0.000525854548819,0.00220638191206
3.202,2.89365920349e-27,1.81845011221e-05,0.000115356684886,0.000533542067419,0.00223791065533
3.203,2.87934560353e-27,1.84270808174e-05,0.000116898440741,0.000540243619059,0.00226522059275
3.204,2.86899694582e-27,1.86974873996e-05,0.00011861149107,0.000547678818943,0.00229561026863
3.205,2.85982239716e-27,1.89895684249e-05,0.000120462439185,0.000555714222067,0.00232851692066
3.206,2.85181997211e-27,1.92694880775e-05,0.000122236155352,0.000563357007452,0.00235971874615
3.207,2.84548202863e-27,1.95721762249e-05,0.000124142453051,0.000571579776495,0.0023933543604
3.208,2.84049569542e-27,1.98561050148e-05,0.000125936076311,0.000579249477789,0.00242466289891
3.209,2.83688350974e-27,2.0176676938e-05,0.000127959284242,0.000587959613733,0.00246028494074
3.21,2.83324987243e-27,2.04368274289e-05,0.000129602957285,0.000594942837975,0.00248858337333
3.211,2.83017803821e-27,2.07533116835e-05,0.000131599363336,0.000603478696453,0.00252341974715
3.212,2.82656427198e-27,2.10262058676e-05,0.000133325574413,0.000610763585484,0.00255304403621
3.213,2.82404014473e-27,2.13150842976e-05,0.000135144985055,0.000618483246982,0.00258441403576
3.214,2.82409919584e-27,2.1695642854e-05,0.000137539143244,0.000628837843387,0.00262684257265
3.215,2.82245416449e-27,2.19894790194e-05,0.000139389277902,0.000636673996705,0.00265874514311
3.216,2.81042422258e-27,2.22025582154e-05,0.000140731741611,0.000642130989437,0.00268071788303
3.217,2.75415042365e-27,2.20699943907e-05,0.000139873560047,0.000637464656079,0.00266033025707
3.218,2.69938768266e-27,2.19820921072e-05,0.000139299680465,0.000634087914439,0.00264534198423
3.219,2.64686010082e-27,2.18945669471e-05,0.000138723462709,0.000630746217942,0.00263047090384
3.22,2.59359612111e-27,2.18058661016e-05,0.000138147935082,0.000627399545946,0.00261591016959
3.221,2.54018685095e-27,2.16528070539e-05,0.000137164918826,0.00062218890331,0.00259479466852
3.222,2.48859479608e-27,2.1583502864e-05,0.000136713165336,0.000619416264159,0.00258518465663
3.223,2.43787423591e-27,2.15010648548e-05,0.00013617604993,0.000616261996494,0.00257431726427
3.224,2.38705418314e-27,2.14050215993e-05,0.000135549120591,0.000612725321636,0.00256183468756
3.225,2.33674059086e-27,2.13017509037e-05,0.000134874716738,0.000609002919399,0.00254853335755
3.226,2.28733777151e-27,2.12378020261e-05,0.000134455214412,0.000606499166499,0.00253997043947
3.227,2.2380734868e-27,2.11563488557e-05,0.000133922187334,0.000603640077365,0.0025296869135
3.228,2.18895906383e-27,2.10626768203e-05,0.000133309998703,0.000600607399491,0.00251817491383
3.229,2.14128707815e-27,2.09929618131e-05,0.000132842924166,0.000598415987994,0.00250975846441
3.23,2.0925627197e-27,2.08494970951e-05,0.000131922270887,0.000594319869879,0.00249316416765
3.231,2.04481934081e-27,2.07345997959e-05,0.000131172819388,0.000591195511037,0.00248022433242
3.232,1.99790737589e-27,2.06468724359e-05,0.000130595823976,0.000589001883608,0.00247083982267
3.233,1.95191018463e-27,2.05695947735e-05,0.000130088942062,0.000587213243511,0.00246295185666
3.234,1.90579348389e-27,2.04505177615e-05,0.000129321992943,0.000584338269069,0.00245047046754
3.235,1.85931705798e-27,2.03030430673e-05,0.000128369608321,0.000580643815451,0.00243455905851
3.236,1.81460420413e-27,2.01881186137e-05,0.000127619427087,0.000577990628833,0.00242284509718
3.237,1.77056698114e-27,2.00844515907e-05,0.000126944683197,0.000575712310702,0.00241261037186
3.238,1.72697757332e-27,2.00063379533e-05,0.00012643050264,0.000574247408046,0.00240556533681
3.239,1.68331680772e-27,1.99079526467e-05,0.000125790803434,0.000572211015263,0.002396298858
3.24,1.63991762751e-27,1.97980505787e-05,0.000125079708195,0.000569879776951,0.00238578897478
3.241,1.59769065119e-27,1.97050596238e-05,0.000124473342932,0.000568043251087,0.00237742066576
3.242,1.55623694693e-27,1.95994674293e-05,0.000123797726553,0.000565864824189,0.00236770565573
3.243,1.51485696388e-27,1.94883787889e-05,0.000123082788307,0.000563511722374,0.00235743358887
3.244,1.47411306615e-27,1.9397060451e-05,0.000122488244826,0.000561704353223,0.00234949897341
3.245,1.43438616948e-27,1.93127336864e-05,0.000121944919954,0.00056014859789,0.00234274533874
3.246,1.39450119513e-27,1.92136201475e-05,0.000121310265066,0.000558179775608,0.00233431587246
3.247,1.35562265211e-27,1.91179739574e-05,0.000120692518917,0.000556277175654,0.00232625117576
3.248,1.31725048643e-27,1.90253233618e-05,0.000120097628616,0.000554526712715,0.00231877354614
3.249,1.27924863391e-27,1.89382344726e-05,0.000119546286433,0.000552900335818,0.00231189696165
3.25,1.24121923022e-27,1.87930969719e-05,0.000118643511381,0.000549577487373,0.00229801910627
3.251,1.20461667202e-27,1.87044129495e-05,0.000118100958504,0.00054798451602,0.00229133136619
3.252,1.1681528892e-27,1.85759501664e-05,0.000117324041886,0.000545222934962,0.00227975792034
3.253,1.1326779706e-27,1.84824727333e-05,0.000116767010975,0.000543523826145,0.0022727501066
3.254,1.09703442526e-27,1.83403222495e-05,0.00011591931535,0.000540395249175,0.00225979042915
3.255,1.062465176e-27,1.82432249664e-05,0.000115352093215,0.000538603101257,0.00225236398868
3.256,1.02833414378e-27,1.81287118254e-05,0.000114674459374,0.000536292292612,0.00224281845397
3.257,9.95283284001e-28,1.80167745888e-05,0.000114036121059,0.000534085624148,0.00223367091176
3.258,9.62321405331e-28,1.79230653293e-05,0.000113524720152,0.000532441668799,0.00222691627516
3.259,9.30460709804e-28,1.78335185151e-05,0.00011306054479,0.000530969846993,0.00222090330076
3.26,8.99215912345e-28,1.77499243082e-05,0.000112639250174,0.00052968209806,0.00221564821168
3.261,8.68200519869e-28,1.76757699818e-05,0.000112277870752,0.000528672771528,0.00221148062914
3.262,8.43882258924e-28,1.76412098377e-05,0.000112144622442,0.000528489248941,0.00221060919999
3.263,8.37162555851e-28,1.78493685335e-05,0.000113465514014,0.000534423288518,0.00223481666953
3.264,8.31311579951e-28,1.80669883083e-05,0.000114849216381,0.000540561127445,0.00225987846616
3.265,8.27193618153e-28,1.83384753854e-05,0.000116573401598,0.000548228599544,0.00229131462219
3.266,8.23482720442e-28,1.8580969417e-05,0.000118106265352,0.000554947901976,0.00231869913005
3.267,8.20621080222e-28,1.88461236827e-05,0.000119792903191,0.000562284454339,0.00234867205346
3.268,8.17846683459e-28,1.90927062285e-05,0.000121351566944,0.000569010966098,0.00237604162885
3.269,8.15402643384e-28,1.93425259867e-05,0.00012292467257,0.000575758198456,0.00240342402965
3.27,8.14067768886e-28,1.96248116664e-05,0.000124710492903,0.000583461187675,0.00243475794109
3.271,8.12710262602e-28,1.98939542559e-05,0.000126405369563,0.000590731302149,0.00246436862295
3.272,8.11285275611e-28,2.01830898441e-05,0.000128223472324,0.000598589412933,0.00249637508521
3.273,8.09721934929e-28,2.04284357161e-05,0.000129766148389,0.000605117176137,0.00252281682642
3.274,8.09464326289e-28,2.07970969479e-05,0.000132095330525,0.000615304292403,0.00256449648591
3.275,8.09096266307e-28,2.1146785257e-05,0.000134297744019,0.000624839198808,0.00260341383848
3.276,8.08651599494e-28,2.147934611e-05,0.000136388488899,0.000633901975516,0.00264040088821
3.277,8.08372239253e-28,2.18104656137e-05,0.000138476559198,0.00064288811353,0.00267705154609
3.278,7.93362905887e-28,2.17472990866e-05,0.000138049876377,0.000640077917077,0.00266441274785
3.279,7.77895038156e-28,2.16966174955e-05,0.000137697288034,0.00063760338395,0.00265324004673
3.28,7.62671324442e-28,2.16134160029e-05,0.000137145118797,0.000634217673248,0.00263823967814
3.281,7.4737758531e-28,2.14937836077e-05,0.000136358737311,0.000629780032979,0.00261902727947
3.282,7.32212124871e-28,2.13798888335e-05,0.000135614551922,0.00062556172465,0.00260128689524
3.283,7.17399531493e-28,2.13269020906e-05,0.000135260536084,0.000623123622942,0.00259253014561
3.284,7.02405280019e-28,2.11974540819e-05,0.000134415585525,0.000618440238511,0.0025752240306
3.285,6.87719621832e-28,2.10956825742e-05,0.000133752483685,0.000614600989948,0.0025615602924
3.286,6.73237980383e-28,2.10180395492e-05,0.00013324351346,0.000611457242609,0.00255074930663
3.287,6.59082244048e-28,2.09265100596e-05,0.000132640565117,0.000607962750486,0.00253841172868
3.288,6.45005517515e-28,2.08386518617e-05,0.00013206819331,0.00060469315921,0.00252676480934
3.289,6.3110473749e-28,2.07659765578e-05,0.000131589609153,0.000601976658769,0.00251711077775
3.29,6.17139812207e-28,2.06722474359e-05,0.000130978159151,0.000598781562917,0.00250511575643
3.291,6.03506605969e-28,2.0610381073e-05,0.000130565444905,0.000596683977376,0.0024972254193
3.292,5.89748123396e-28,2.05114188394e-05,0.000129918814073,0.000593636119811,0.00248511705216
3.293,5.76153520095e-28,2.03628763239e-05,0.000128961516938,0.000589358343317,0.00246737590267
3.294,5.62706662457e-28,2.02457943697e-05,0.000128199175675,0.000586179509851,0.00245393431336
3.295,5.49564858102e-28,2.01672602051e-05,0.000127680794363,0.000584191697898,0.00244520728024
3.296,5.36234504667e-28,2.00252667138e-05,0.000126762704303,0.000580482195207,0.00242916625479
3.297,5.23483591123e-28,1.9955280917e-05,0.000126299711319,0.000578921209538,0.00242198963243
3.298,5.10678938533e-28,1.98674631479e-05,0.000125717147425,0.00057686163708,0.00241277009099
3.299,4.98497034467e-28,1.98341948014e-05,0.000125487721456,0.000576457571831,0.00241043177322
3.3,4.86329750212e-28,1.97684632676e-05,0.000125052659624,0.000575141701261,0.00240437833305
3.301,4.73964764309e-28,1.96401516898e-05,0.000124223885994,0.000572036413359,0.00239100011438
3.302,4.62008113036e-28,1.95418122891e-05,0.000123579371548,0.000569810301029,0.00238134037958
3.303,4.50344553585e-28,1.94998929995e-05,0.000123298750196,0.00056926077279,0.00237865012312
3.304,4.42289922202e-28,1.94922204746e-05,0.000123233355112,0.000569291753658,0.00237828067335
3.305,4.40685175922e-28,1.97410316577e-05,0.000124789183733,0.000576104467551,0.00240612664872
3.306,4.39283921902e-28,1.9987628748e-05,0.000126331754841,0.000582803515389,0.00243346820542
3.307,4.38461907272e-28,2.03092109466e-05,0.000128350056237,0.000591634812936,0.00246961401535
3.308,4.37416354372e-28,2.05739427518e-05,0.000130009117107,0.000598746489182,0.00249859662694
3.309,4.3654798124e-28,2.08609126887e-05,0.000131804139165,0.000606493184637,0.00253012944408
3.31,4.3596677283e-28,2.12155742536e-05,0.0001340302613,0.000616169365403,0.00256974298876
3.311,4.35186370933e-28,2.14843218552e-05,0.000135717903386,0.000623356824616,0.00259887152405
3.312,4.34563103382e-28,2.17808988919e-05,0.000137580057267,0.000631281299694,0.00263110879418
3.313,4.29601942393e-28,2.18245606721e-05,0.000137844543021,0.000631790524428,0.0026323882197
3.314,4.21570654888e-28,2.17604123998e-05,0.000137424543775,0.000629093864833,0.00262024793191
3.315,4.1355349525e-28,2.16715252374e-05,0.000136850942778,0.000625687195876,0.00260521484001
3.316,4.05664347621e-28,2.16104564747e-05,0.000136450827674,0.000623101634994,0.00259356756828
3.317,3.97686120795e-28,2.15443597959e-05,0.000136021355535,0.000620401834294,0.00258158465606
3.318,3.89678571598e-28,2.14258295255e-05,0.000135264078413,0.000616220392657,0.00256370634962
3.319,3.81932420699e-28,2.13628861254e-05,0.000134851881167,0.000613599228251,0.00255289051455
3.32,3.74061321004e-28,2.12813257162e-05,0.000134323844266,0.000610436693381,0.00254059234166
3.321,3.66584802196e-28,2.1227693074e-05,0.000133973152921,0.000608093570475,0.0025326027449
3.322,3.58885371203e-28,2.11090397443e-05,0.000133213893302,0.000603900182289,0.00251739925473
3.323,3.51261345476e-28,2.10232050706e-05,0.000132656093855,0.000600634704988,0.00250614324445
3.324,3.43659993475e-28,2.09299045276e-05,0.00013205454715,0.000597182909293,0.00249407890621
3.325,3.36456613685e-28,2.08883072935e-05,0.000131779129226,0.000595257847218,0.00248828647218
3.326,3.29254444145e-28,2.0789395577e-05,0.000131142201203,0.00059173916387,0.00247575245258
3.327,3.21851758016e-28,2.0659266712e-05,0.000130313205228,0.000587406370988,0.00245974103841
3.328,3.14600266865e-28,2.05560145578e-05,0.000129651466423,0.000583932919957,0.00244705446017
3.329,3.07406070561e-28,2.04348179728e-05,0.000128878341843,0.000580018866193,0.00243253601757
3.33,3.00401149101e-28,2.03594557015e-05,0.000128396530386,0.000577486486357,0.00242346258858
3.331,2.93647816896e-28,2.03128491492e-05,0.000128091711714,0.00057589508356,0.00241799594923
3.332,2.86746750599e-28,2.0248728542e-05,0.000127676207781,0.000573868380617,0.00241056677627
3.333,2.79893417207e-28,2.01468588466e-05,0.000127025156528,0.000570872941984,0.00239892987762
3.334,2.73130441598e-28,2.00469745869e-05,0.000126385726849,0.000568031547155,0.0023877154218
3.335,2.66692123817e-28,1.99998294821e-05,0.000126072927599,0.000566736481158,0.00238287232406
3.336,2.60301930964e-28,1.99471679686e-05,0.000125727927269,0.000565364558329,0.00237758464583
3.337,2.53915599253e-28,1.98656886198e-05,0.000125199641589,0.000563245621097,0.00236883916762
3.338,2.47582419047e-28,1.97812510336e-05,0.000124654196443,0.000561108986066,0.00235981604828
3.339,2.46114026665e-28,2.00223840612e-05,0.000126165058949,0.000567579252837,0.00238661417235
3.34,2.45308734729e-28,2.02678313181e-05,0.000127702920759,0.000574074705366,0.00241337049266
3.341,2.4470054146e-28,2.05563073648e-05,0.00012951207053,0.000581755869307,0.00244504523848
3.342,2.44135152242e-28,2.08177278312e-05,0.000131147576648,0.000588632879224,0.00247328266053
3.343,2.43755969997e-28,2.11324359814e-05,0.00013311548852,0.00059699637926,0.00250766345441
3.344,2.43460279212e-28,2.14500217171e-05,0.000135107386791,0.000605424284164,0.00254234169583
3.345,2.43120292024e-28,2.17536133409e-05,0.000137011212599,0.00061345184441,0.00257520703335
3.346,2.4275681194e-28,2.20238740819e-05,0.000138701988496,0.000620509019726,0.00260400823785
3.347,2.40941206851e-28,2.22074960946e-05,0.000139847385385,0.000625092287348,0.00262229300107
3.348,2.36193818653e-28,2.20813498861e-05,0.000139044275141,0.00062088012817,0.00260355956235
3.349,2.31610120497e-28,2.1992645258e-05,0.000138478985472,0.000617758626992,0.00258938506865
3.35,2.2711170363e-28,2.19057782129e-05,0.000137920882418,0.000614692631557,0.00257550635313
3.351,2.22654449025e-28,2.18070560625e-05,0.000137288512804,0.000611278476477,0.00256025315818
3.352,2.18309512259e-28,2.17240082053e-05,0.000136755490168,0.000608328876484,0.00254716675722
3.353,2.14010206079e-28,2.16467338707e-05,0.000136261533502,0.000605561128882,0.00253528310982
3.354,2.09632883504e-28,2.15654609608e-05,0.00013574172376,0.000602657077184,0.00252358961134
3.355,2.0526762363e-28,2.14832520948e-05,0.000135215582671,0.000599723879378,0.00251262674577
3.356,2.00969668021e-28,2.14035330051e-05,0.000134705089381,0.000596900723229,0.00250270113528
3.357,1.96664248879e-28,2.12797792788e-05,0.000133919096188,0.000592825202203,0.00248772234335
3.358,1.92421928596e-28,2.1192894153e-05,0.000133360186319,0.000589803163809,0.00247712046367
3.359,1.88359915738e-28,2.11305965216e-05,0.000132960364083,0.000587499563809,0.00246953013653
3.36,1.84260263924e-28,2.10491408368e-05,0.000132438969929,0.000584711900416,0.00245986220761
3.361,1.80077081177e-28,2.09440901813e-05,0.00013176984339,0.000581313126855,0.00244737963418
3.362,1.76169927371e-28,2.08858258707e-05,0.000131393474939,0.000579303194289,0.00244060619955
3.363,1.72201640768e-28,2.07759255103e-05,0.000130693366133,0.000575933418557,0.00242806758205
3.364,1.68136651881e-28,2.06494690668e-05,0.000129887671013,0.000572201162385,0.00241372733865
3.365,1.64237712893e-28,2.05523936547e-05,0.000129267495992,0.000569391392865,0.00240293662225
3.366,1.60474091057e-28,2.04694968176e-05,0.000128736672433,0.000567027485885,0.00239397306324
3.367,1.56807222524e-28,2.04002727465e-05,0.000128291935203,0.000565097583399,0.00238680462184
3.368,1.53032823764e-28,2.02910974478e-05,0.000127598241275,0.000562159473907,0.00237513563144
3.369,1.49298053958e-28,2.01831414033e-05,0.000126912025605,0.000559324410286,0.00236373832128
3.37,1.45699216915e-28,2.01141731335e-05,0.000126468984731,0.000557630589884,0.00235707678528
3.371,1.42153269117e-28,2.00546853729e-05,0.000126088394569,0.000556308355274,0.00235174676465
3.372,1.38538731773e-28,1.99618444109e-05,0.000125495918035,0.000554109407864,0.00234264514115
3.373,1.34956248795e-28,1.98629034135e-05,0.000124863779954,0.000551793583202,0.00233296429595
3.374,1.31413173932e-28,1.97280269928e-05,0.000124007306384,0.00054852633662,0.00231913673159
3.375,1.27963033835e-28,1.96386427308e-05,0.000123436611912,0.000546607977312,0.0023108737278
3.376,1.24586516839e-28,1.95425915804e-05,0.000122825487942,0.000544551701322,0.00230195308251
3.377,1.21204198673e-28,1.94054491413e-05,0.000121955062522,0.000541353179174,0.00228821341992
3.378,1.17851165254e-28,1.92689664276e-05,0.000121091604768,0.000538206712706,0.00227469734461
3.379,1.14596450197e-28,1.91728169724e-05,0.000120479132688,0.000536216739802,0.00226604423476
3.38,1.11356972344e-28,1.90906339888e-05,0.000119961757033,0.000534633149327,0.00225909432783
3.381,1.08178982641e-28,1.89814420675e-05,0.000119278176658,0.000532351011009,0.00224907475666
3.382,1.04961948841e-28,1.88500358868e-05,0.000118454077966,0.000529436166803,0.00223634931806
3.383,1.01827690184e-28,1.87328558064e-05,0.000117724371443,0.000526979355627,0.00222555958505
3.384,9.87618379395e-29,1.86071248466e-05,0.000116952321427,0.000524311994262,0.00221382947323
3.385,9.57807834716e-29,1.85081630077e-05,0.000116361155993,0.00052242776643,0.00220533067092
3.386,9.27959649094e-29,1.83736394742e-05,0.000115551639253,0.000519569541605,0.00219270525221
3.387,8.98867798952e-29,1.82633064746e-05,0.00011489723746,0.000517399042758,0.00218294449141
3.388,8.70815665078e-29,1.817971501e-05,0.000114414588422,0.000516026622713,0.00217651869221
3.389,8.43354438131e-29,1.81196484349e-05,0.00011408055085,0.00051532709073,0.00217296384254
3.39,8.17155361873e-29,1.80694136792e-05,0.00011381510985,0.000514934055572,0.00217082972577
3.391,7.90726865801e-29,1.80175500315e-05,0.000113540145963,0.000514455725105,0.0021683374321
3.392,7.76354094669e-29,1.81198000966e-05,0.000114207558677,0.000517711164033,0.00218137980273
3.393,7.71332513865e-29,1.83591365399e-05,0.000115715296013,0.000524297832875,0.00220839272918
3.394,7.66972925653e-29,1.86110811199e-05,0.000117299265883,0.000531178256604,0.00223662664739
3.395,7.63193758168e-29,1.88498556976e-05,0.000118803137757,0.000537653868327,0.00226307573942
3.396,7.60444315481e-29,1.91325458587e-05,0.00012058247242,0.000545326670527,0.00229456480835
3.397,7.58312631098e-29,1.94181920045e-05,0.000122379409421,0.000553008218577,0.00232606403081
3.398,7.56463151831e-29,1.96899188689e-05,0.000124081243491,0.000560250246088,0.00235567828875
3.399,7.54980095113e-29,1.99654859765e-05,0.000125812674609,0.000567603350856,0.00238574860646
3.4,7.53616868417e-29,2.02463774889e-05,0.000127577462542,0.000575057639047,0.00241625465573
3.401,7.51844411391e-29,2.04837759972e-05,0.000129066443761,0.000581317238765,0.00244160676119
3.402,7.50781547557e-29,2.07749292638e-05,0.000130893092998,0.000589044212639,0.00247316898944
3.403,7.49330424283e-29,2.1023899308e-05,0.000132453278454,0.000595558597074,0.00249955041851
3.404,7.48928056458e-29,2.13866007159e-05,0.000134730440638,0.00060525243595,0.00253937594937
3.405,7.47979106353e-29,2.16985426614e-05,0.000136686927203,0.000613507627811,0.00257311226534
3.406,7.47346428342e-29,2.19941557143e-05,0.000138539623437,0.000621278440746,0.00260483698389
3.407,7.37293782582e-29,2.20712560479e-05,0.000139013235844,0.000622802789054,0.00261026450603
3.408,7.22752344001e-29,2.19688055075e-05,0.000138358439565,0.000619211339899,0.00259421939787
3.409,7.08178792422e-29,2.18865455914e-05,0.000137830510187,0.000616209016868,0.00258067097565
3.41,6.94395086216e-29,2.18265335165e-05,0.000137440348991,0.000613821755135,0.00256982475859
3.411,6.79993457224e-29,2.17003198581e-05,0.000136637233126,0.000609618609847,0.00255166117686
3.412,6.66205369301e-29,2.16021817152e-05,0.000136011003624,0.000606223142909,0.0025379013387
3.413,6.52354378428e-29,2.14723441173e-05,0.000135189158474,0.000601953799567,0.00252182526893
3.414,6.38678146705e-29,2.1387470838e-05,0.000134646799428,0.000598927390282,0.00251133412059
3.415,6.2525480076e-29,2.12952123198e-05,0.000134053976026,0.000595718810867,0.00249997648823
3.416,6.11960978239e-29,2.11953884372e-05,0.000133413572833,0.000592297927976,0.0024877115564
3.417,5.98909499927e-29,2.11156211034e-05,0.000132899659803,0.000589501516594,0.0024779655231
3.418,5.86263942212e-29,2.1056129375e-05,0.000132518695809,0.000587392153438,0.00247089421134
3.419,5.73546374739e-29,2.09784709786e-05,0.00013201697855,0.000584803299467,0.00246165415942
3.42,5.60957707293e-29,2.09034927446e-05,0.000131534431538,0.000582470345137,0.00245305550718
3.421,5.48009981911e-29,2.07673888482e-05,0.000130665983851,0.000578574591406,0.00243746902578
3.422,5.35578597506e-29,2.0683735542e-05,0.000130129114656,0.000576375170772,0.00242846990841
3.423,5.23218006218e-29,2.06045277462e-05,0.000129618645784,0.000574417174088,0.00242022993112
3.424,5.10972590679e-29,2.05232189428e-05,0.000129096434399,0.000572563403225,0.00241203986736
3.425,4.99044253709e-29,2.04222312175e-05,0.000128450940827,0.000570266810746,0.00240188663065
3.426,4.87190157597e-29,2.03200332263e-05,0.000127797534434,0.000567971437703,0.0023917534626
3.427,4.75422402986e-29,2.02391866708e-05,0.000127278722067,0.000566322163919,0.0023842089145
3.428,4.63583446323e-29,2.01236249227e-05,0.000126542061107,0.000563827864584,0.00237285984053
3.429,4.52031135487e-29,2.00424970431e-05,0.000126020000934,0.000562280755938,0.00236554406188
3.43,4.4030303902e-29,1.99259836743e-05,0.000125277812545,0.000559768336356,0.00235417685717
3.431,4.29049259501e-29,1.98012724373e-05,0.000124482764915,0.000557050924433,0.00234204306492
3.432,4.17976731286e-29,1.97048591781e-05,0.000123864942537,0.000555183918587,0.00233345059043
3.433,4.07216739961e-29,1.96329774076e-05,0.000123403918061,0.000554039646014,0.0023278964643
3.434,3.96601728578e-29,1.95785009498e-05,0.000123049399012,0.000553378961183,0.00232441650899
3.435,3.86017387695e-29,1.94887894781e-05,0.000122478132418,0.000551736673319,0.00231680130935
3.436,3.75582318707e-29,1.93812749829e-05,0.0001218004917,0.000549612129963,0.00230719967168
3.437,3.65046584313e-29,1.92724008847e-05,0.000121114151777,0.000547464359052,0.00229754385716
3.438,3.54734752374e-29,1.91781903515e-05,0.000120520865653,0.00054577883865,0.00228973737517
3.439,3.44633366425e-29,1.90803830418e-05,0.000119903289127,0.00054403633122,0.00228165756008
3.44,3.34681259814e-29,1.89919780675e-05,0.000119348855194,0.000542544763265,0.00227475905657
3.441,3.24703798725e-29,1.88689550813e-05,0.000118579328994,0.00054008461936,0.00226388134635
3.442,3.15168305708e-29,1.87872612963e-05,0.000118072386474,0.00053875541591,0.00225786341785
3.443,3.05703084126e-29,1.86965002892e-05,0.000117521485383,0.000537193119052,0.00225089010128
3.444,2.96414061481e-29,1.86339923396e-05,0.000117153965014,0.000536472618219,0.00224753509607
3.445,2.87201507201e-29,1.85420851768e-05,0.000116604982043,0.00053492789135,0.00224077242526
3.446,2.77921200664e-29,1.84145822394e-05,0.000115834152927,0.000532347941071,0.00222967134686
3.447,2.69111737896e-29,1.83421938586e-05,0.000115417199721,0.000531336144842,0.0022251822609
3.448,2.60438232158e-29,1.82588507771e-05,0.000114936307053,0.000530039605551,0.00221952538018
3.449,2.51858340287e-29,1.81679213085e-05,0.000114417560877,0.000528583427005,0.00221307507195
3.45,2.43339733763e-29,1.80698619551e-05,0.000113853135041,0.000526903861443,0.00220566977295
3.451,2.35187978292e-29,1.80234568772e-05,0.000113627132052,0.00052672796639,0.00220458978938
3.452,2.27087196374e-29,1.79322822522e-05,0.000113123970961,0.000525250892722,0.00219808529153
3.453,2.19331018352e-29,1.78931402611e-05,0.000112952364325,0.000525300801754,0.00219806141505
3.454,2.11491601927e-29,1.77990550087e-05,0.000112434430837,0.000523761794586,0.00219135510887
3.455,2.03793808937e-29,1.77051155373e-05,0.000111932446027,0.000522254292042,0.00218483705896
3.456,1.96139003662e-29,1.75888290241e-05,0.000111299878215,0.000520040012935,0.00217540809437
3.457,1.8875143337e-29,1.74980241482e-05,0.00011085320651,0.000518626938247,0.00216929370057
3.458,1.8197437222e-29,1.74513607693e-05,0.000110687761888,0.000518395135109,0.00216814472539
3.459,1.80113903115e-29,1.76949662384e-05,0.000112248586063,0.000525462511162,0.00219708420689
3.46,1.78733419862e-29,1.79623979712e-05,0.000113951024875,0.000533072703572,0.00222827735688
3.461,1.77505796611e-29,1.8212845354e-05,0.000115544002607,0.000540128589869,0.00225703058941
3.462,1.76509328234e-29,1.84577524971e-05,0.000117098973554,0.000546950483741,0.00228485677065
3.463,1.75845596648e-29,1.87729882203e-05,0.000119096256552,0.00055577334766,0.00232098761039
3.464,1.75231354987e-29,1.9052042506e-05,0.000120862498693,0.00056347336144,0.00235232489896
3.465,1.74626588749e-29,1.93256521087e-05,0.000122595217588,0.000570947705269,0.00238282268045
3.466,1.7414793979e-29,1.96147742641e-05,0.000124428277335,0.000578884919182,0.00241518543668
3.467,1.73632108708e-29,1.98622646547e-05,0.000125982587174,0.00058549785393,0.00244206648284
3.468,1.73213552231e-29,2.01316752287e-05,0.000127674779261,0.000592773945066,0.00247158385213
3.469,1.7290322373e-29,2.04131689844e-05,0.000129444553679,0.000600367698226,0.00250244349729
3.47,1.72656064283e-29,2.07109665211e-05,0.000131316305212,0.000608385308607,0.00253504672947
3.471,1.72254245016e-29,2.09926909036e-05,0.000133093917604,0.000615937366692,0.00256571676584
3.472,1.72089414355e-29,2.12826540073e-05,0.000134934787768,0.000623758489901,0.0025974941829
3.473,1.71940324196e-29,2.16128355209e-05,0.000137011554381,0.000632705586167,0.00263393740239
3.474,1.71785775935e-29,2.19173859483e-05,0.00013892461936,0.000640849604799,0.00266707275608
3.475,1.71581059399e-29,2.22267189801e-05,0.000140876761817,0.000649140116834,0.00270085536502
3.476,1.68671885612e-29,2.21852132108e-05,0.000140600135753,0.000647075561606,0.00269142189825
3.477,1.6539467351e-29,2.21164547161e-05,0.00014014236764,0.000644158713647,0.00267844196176
3.478,1.6197070552e-29,2.20019337992e-05,0.000139394588872,0.000639942933931,0.00266007855521
3.479,1.58592696494e-29,2.19040180266e-05,0.000138754775032,0.000636207488269,0.00264385725306
3.48,1.55259481701e-29,2.17974306532e-05,0.000138063570028,0.000632251429878,0.00262748598184
3.481,1.5212665643e-29,2.1749215738e-05,0.000137748056941,0.000630023316769,0.0026198311178
3.482,1.48897547595e-29,2.16422644224e-05,0.000137050442079,0.000626069471382,0.00260573928788
3.483,1.45687223678e-29,2.14940634724e-05,0.000136097124858,0.00062097837962,0.00258692831186
3.484,1.42645165238e-29,2.14222359496e-05,0.000135625663033,0.000618075919581,0.00257723229039
3.485,1.39473952711e-29,2.1285590125e-05,0.00013474222202,0.000613357724973,0.00255975715697
3.486,1.36498803703e-29,2.12014085557e-05,0.000134192275451,0.000610316039408,0.00254893026409
3.487,1.33464880327e-29,2.11047993386e-05,0.000133555757974,0.000607076111828,0.00253681580614
3.488,1.30427490226e-29,2.10052064612e-05,0.000132918033628,0.000604019101495,0.00252498944951
3.489,1.27489857891e-29,2.09123399169e-05,0.000132310561328,0.000601280774319,0.00251408986453
3.49,1.24487409196e-29,2.08030688927e-05,0.000131596764261,0.000598224848443,0.00250159864602
3.491,1.21607203296e-29,2.07289621201e-05,0.000131108923384,0.000596263709894,0.00249357040441
3.492,1.18759154124e-29,2.06258770741e-05,0.000130443202237,0.000593571622403,0.00248228584084
3.493,1.16039555394e-29,2.05571829356e-05,0.000129999648687,0.000592015630243,0.0024753942193
3.494,1.13215561424e-29,2.04500928027e-05,0.000129298807231,0.00058943235735,0.00246403833809
3.495,1.10420976979e-29,2.03222909837e-05,0.000128474095961,0.000586383039674,0.00245044459273
3.496,1.07737984968e-29,2.02390549294e-05,0.000127939732698,0.000584692317453,0.00244249556544
3.497,1.05019922195e-29,2.01247102696e-05,0.000127203757846,0.000582121043233,0.00243100993479
3.498,1.0229727854e-29,1.99897202721e-05,0.000126341553261,0.000578961490852,0.00241720084286
3.499,9.96312246567e-30,1.98585564834e-05,0.000125505195224,0.000575950139899,0.0024040577969
3.5,9.69847573443e-30,1.97415407338e-05,0.000124749052531,0.00057333449387,0.00239275100736
3.501,9.44876965967e-30,1.96627041241e-05,0.000124239345218,0.000571863816685,0.00238617023193
3.502,9.20402100483e-30,1.95751558201e-05,0.000123675485429,0.000570131327821,0.00237874346502
3.503,8.95668318389e-30,1.94547649392e-05,0.000122909414683,0.00056748169139,0.00236752208561
3.504,8.70896939163e-30,1.93690336346e-05,0.000122356759387,0.000565806882466,0.00236037558712
3.505,8.4720137073e-30,1.92976026186e-05,0.000121896274044,0.000564587196128,0.00235517919393
3.506,8.23306446187e-30,1.91988334572e-05,0.000121271278669,0.00056259579152,0.00234681281078
3.507,7.98912669485e-30,1.90702466443e-05,0.000120448116229,0.000559720613026,0.00233473490211
3.508,7.75846310626e-30,1.89578646207e-05,0.000119739087955,0.000557322273852,0.00232488619509
3.509,7.52672683017e-30,1.88276231863e-05,0.000118912673635,0.000554423433261,0.00231296854975
3.51,7.34647363661e-30,1.88128573244e-05,0.000118826565738,0.000554638231164,0.00231376862789
3.511,7.30995270689e-30,1.90815364798e-05,0.000120513838254,0.000562237241148,0.00234491454145
3.512,7.27543480827e-30,1.93189092947e-05,0.000122006181121,0.000568828611656,0.00237181347459
3.513,7.25723930745e-30,1.96512468853e-05,0.000124096542885,0.000578129331047,0.00240996449541
3.514,7.2320790048e-30,1.99077141853e-05,0.000125707832073,0.000585133154676,0.00243852530511
3.515,7.21237173905e-30,2.01848514689e-05,0.000127447860399,0.000592734261527,0.00246956130121
3.516,7.19827441568e-30,2.0487027231e-05,0.000129349279114,0.000601001565072,0.00250335319244
3.517,7.18801316516e-30,2.07824714674e-05,0.000131199765582,0.000609000872299,0.00253598963078
3.518,7.18140671191e-30,2.11041767913e-05,0.000133215972073,0.000617769122664,0.00257167675588
3.519,7.17661784752e-30,2.14665235654e-05,0.000135491265075,0.000627691260274,0.00261225273104
3.52,7.17245209134e-30,2.18057819628e-05,0.000137618586276,0.000636887208905,0.00264974425932
3.521,7.16204127334e-30,2.21139451867e-05,0.00013955281468,0.00064516360792,0.00268342790164
3.522,7.06335202648e-30,2.21323936849e-05,0.000139660483517,0.000644868166308,0.00268140059374
3.523,6.92751730216e-30,2.20436621968e-05,0.000139089546439,0.000641392978326,0.00266605982066
3.524,6.79367041501e-30,2.19830734252e-05,0.00013869911428,0.000638771767442,0.00265427804465
3.525,6.65763793606e-30,2.18809058072e-05,0.000138043808638,0.000634923417708,0.0026375891214
3.526,6.52937465948e-30,2.18259921885e-05,0.000137686007141,0.000632438783749,0.00262662804748
3.527,6.39200228954e-30,2.16803103708e-05,0.00013675516388,0.000627371795433,0.00260563990097
3.528,6.26779507205e-30,2.16584897296e-05,0.000136607856093,0.000625886508677,0.00260080667097
3.529,6.13843485388e-30,2.15698376116e-05,0.000136039384958,0.000622473306419,0.00258887963819
3.53,6.00641559266e-30,2.14601318248e-05,0.000135333991552,0.000618449346238,0.00257454517145
3.531,5.87735852211e-30,2.13643016129e-05,0.000134715164776,0.000614875823379,0.00256198433849
3.532,5.7521782741e-30,2.12877741325e-05,0.00013422446719,0.000611860420122,0.00255178398278
3.533,5.62436301523e-30,2.11723829757e-05,0.000133487213961,0.000607782355504,0.00253707259475
3.534,5.4996990801e-30,2.10340890751e-05,0.000132606769005,0.000603184556267,0.00251995022232
3.535,5.37688350529e-30,2.09158824508e-05,0.00013185164988,0.000599274313252,0.00250541053059
3.536,5.25666391928e-30,2.08393121126e-05,0.000131355032004,0.000596661551862,0.00249582372564
3.537,5.13637920743e-30,2.07184038175e-05,0.000130582029091,0.000592994570715,0.00248136502902
3.538,5.01483316994e-30,2.05858595565e-05,0.000129738378371,0.000589147494937,0.00246583151593
3.539,4.90109687081e-30,2.05188795133e-05,0.000129301348822,0.000587245196861,0.00245830234524
3.54,4.78605216166e-30,2.04288347856e-05,0.000128721666441,0.000584779947198,0.00244812587385
3.541,4.66982166114e-30,2.0328808563e-05,0.000128077414936,0.000582163467118,0.00243707350915
3.542,4.5571350745e-30,2.02667932616e-05,0.000127671529878,0.000580657833542,0.00243067848297
3.543,4.44329291767e-30,2.01339423186e-05,0.000126819996599,0.00057718912571,0.00241607471489
3.544,4.35142823829e-30,2.0120937918e-05,0.000126725946956,0.000577078734953,0.00241544126879
3.545,4.33504413669e-30,2.03713497392e-05,0.000128297597986,0.000583779277432,0.00244301121835
3.546,4.31967686196e-30,2.06112487326e-05,0.000129797332998,0.000590137051138,0.00246904203464
3.547,4.3060868815e-30,2.08719983928e-05,0.000131437125167,0.000597077416475,0.00249744456307
3.548,4.29592174146e-30,2.11683843766e-05,0.000133295617102,0.000605003081578,0.00252992620596
3.549,4.29032014377e-30,2.14869386583e-05,0.000135291549606,0.000613526332102,0.00256482752562
3.55,4.27928468694e-30,2.176836424e-05,0.000137057962187,0.000620961520792,0.00259530101335
3.551,4.27424044223e-30,2.20940193414e-05,0.000139101709895,0.000629628232331,0.00263078864177
3.552,4.21855759743e-30,2.21630674883e-05,0.000139531864772,0.000630933378875,0.0026353094901
3.553,4.13773204187e-30,2.20577027787e-05,0.000138859552748,0.000627221563781,0.00261887572901
3.554,4.05715858205e-30,2.199628911e-05,0.000138461394483,0.00062476017129,0.00260759654885
3.555,3.97375376715e-30,2.18826321048e-05,0.000137740798048,0.000620814491359,0.00259024493714
3.556,3.89454874211e-30,2.18141927646e-05,0.000137297436599,0.000618154288708,0.00257824571129
3.557,3.82058785389e-30,2.17797624031e-05,0.000137069246011,0.000616480051449,0.0025706602558
3.558,3.74066800329e-30,2.16742795848e-05,0.000136397307805,0.000612809065082,0.00255516160867
3.559,3.66227791494e-30,2.15570405929e-05,0.000135650965825,0.000608813787076,0.00253885411824
3.56,3.58627237324e-30,2.14848433098e-05,0.000135190027352,0.000606066159147,0.00252824754387
3.561,3.5095761075e-30,2.13729444108e-05,0.000134475641404,0.000602206062511,0.00251359772263
3.562,3.43663552504e-30,2.1300992891e-05,0.000134016031774,0.000599506262469,0.00250440428373
3.563,3.36479399699e-30,2.12278954959e-05,0.000133549462741,0.000596798502984,0.0024952236133
3.564,3.29677468272e-30,2.11905138834e-05,0.000133309801201,0.000595121653906,0.00249028019289
3.565,3.22487959826e-30,2.10816044837e-05,0.000132614583399,0.000591472846262,0.0024770187158
3.566,3.15520625811e-30,2.09934020518e-05,0.000132051432192,0.000588464167437,0.00246633867462
3.567,3.08506779283e-30,2.08893737965e-05,0.000131388033238,0.000585077856412,0.00245387863521
3.568,3.01308517216e-30,2.0782338204e-05,0.000130707390761,0.00058165934859,0.00244118000588
3.569,2.94572381138e-30,2.07244303247e-05,0.000130337822478,0.000579684675595,0.00243444542547
3.57,2.87410737688e-30,2.06197024079e-05,0.000129669693695,0.000576459621411,0.00242231397107
3.571,2.80750833733e-30,2.05593373757e-05,0.000129282247172,0.000574535938538,0.00241550278292
3.572,2.74059869123e-30,2.0459517407e-05,0.000128647570421,0.000571579685975,0.00240420662
3.573,2.67323644447e-30,2.03639037244e-05,0.000128036541081,0.000568830360055,0.00239356333786
3.574,2.60810056631e-30,2.02860610054e-05,0.000127540155131,0.000566667784571,0.00238525230643
3.575,2.54553629215e-30,2.02481684354e-05,0.000127293907138,0.000565690789205,0.00238173426525
3.576,2.48129801424e-30,2.01293166125e-05,0.000126537715547,0.000562497064113,0.00236883145034
3.577,2.41806958394e-30,2.00315065336e-05,0.000125915467774,0.000559932992511,0.00235849111345
3.578,2.35539035996e-30,1.99300074001e-05,0.000125270549363,0.000557297341252,0.00234786669614
3.579,2.29466479277e-30,1.98653640732e-05,0.00012485511096,0.000555784269549,0.00234183968397
3.58,2.23154780819e-30,1.97604491568e-05,0.000124185657743,0.000553185467769,0.00233110594112
3.581,2.17095060062e-30,1.9655659777e-05,0.000123516229255,0.000550639851587,0.00232048876795
3.582,2.11184334163e-30,1.95722913828e-05,0.000122983239592,0.000548739230701,0.00231264631307
3.583,2.05402635212e-30,1.95027344401e-05,0.000122537504218,0.000547222293247,0.0023064851911
3.584,1.9987960209e-30,1.94495828851e-05,0.000122192955905,0.000546207025937,0.00230235281783
3.585,1.94111330511e-30,1.93232578188e-05,0.000121392262534,0.00054320298694,0.00228975116506
3.586,1.8853967579e-30,1.92391458898e-05,0.0001208541757,0.000541438607421,0.002282312207
3.587,1.82959456101e-30,1.91347523161e-05,0.000120190801585,0.000539150446249,0.00227247299906
3.588,1.81863691716e-30,1.93858387444e-05,0.000121761722334,0.000545946478408,0.00230052213284
3.589,1.81163378833e-30,1.96774394344e-05,0.000123585868796,0.000553824531812,0.00233305032371
3.59,1.80459399802e-30,1.99472859101e-05,0.000125276069192,0.000561031166658,0.00236268983743
3.591,1.79897602233e-30,2.02305700863e-05,0.000127049368621,0.00056862033084,0.00239384064319
3.592,1.79171515496e-30,2.04738342095e-05,0.000128571827709,0.000575012579163,0.0024199949634
3.593,1.78838454055e-30,2.08043180027e-05,0.000130641615135,0.000583823273754,0.00245629126925
3.594,1.78458025358e-30,2.10812663295e-05,0.000132376447046,0.000591126726204,0.00248617337491
3.595,1.78137369244e-30,2.13770714354e-05,0.000134227753649,0.000598933622326,0.00251816775014
3.596,1.77756346371e-30,2.1637003613e-05,0.000135853293301,0.000605670751474,0.0025456890415
3.597,1.7768086563e-30,2.1945577106e-05,0.000137787340129,0.000613832664286,0.00257907058706
3.598,1.7743071271e-30,2.2232773688e-05,0.000139588004495,0.000621395668861,0.00260997132019
3.599,1.76804943696e-30,2.25008084414e-05,0.000141264675411,0.000628349865637,0.00263828997461
3.6,1.7331717364e-30,2.2404994302e-05,0.000140658375252,0.000625046879958,0.00262334632423
3.601,1.69901200204e-30,2.23215602347e-05,0.000140129841671,0.000622103346298,0.00260991343027
3.602,1.66733032546e-30,2.22843603133e-05,0.000139891583358,0.000620470743234,0.0026019969335
3.603,1.63438512505e-30,2.22069899945e-05,0.00013940255387,0.000617719287142,0.00258946383316
3.604,1.59916664184e-30,2.20480414636e-05,0.000138401557964,0.000612731124444,0.002567894967
3.605,1.56738160347e-30,2.19981046029e-05,0.000138081064622,0.000610748110925,0.00255977793636
3.606,1.53469018053e-30,2.19119902702e-05,0.000137535537174,0.00060774028314,0.00254868672572
3.607,1.5025211153e-30,2.18185580404e-05,0.000136944135643,0.000604566116533,0.00253738830966
3.608,1.4716556015e-30,2.1765171956e-05,0.000136606063704,0.00060249674643,0.00253082568884
3.609,1.44033442617e-30,2.16974231562e-05,0.000136177597583,0.000600074579553,0.00252271187425
3.61,1.40860252953e-30,2.15950982231e-05,0.000135529980922,0.00059669743055,0.0025106073365
3.611,1.3787479716e-30,2.1492730855e-05,0.000134884334918,0.000593361482464,0.00249857377886
3.612,1.34919704892e-30,2.14429834396e-05,0.000134566546709,0.000591541366392,0.00249282365578
3.613,1.31712620567e-30,2.12912330391e-05,0.000133608644464,0.000587023614701,0.00247546688155
3.614,1.2864976496e-30,2.11867559753e-05,0.000132947669991,0.000583921067517,0.00246388351302
3.615,1.25777919857e-30,2.11089706358e-05,0.000132454904882,0.000581707754823,0.00245565599612
3.616,1.22819042334e-30,2.09803489462e-05,0.000131642787842,0.000578156986063,0.00244166383646
3.617,1.20031937221e-30,2.08941883186e-05,0.000131095979479,0.000575885419943,0.00243279524149
3.618,1.17193335916e-30,2.08306680751e-05,0.000130693196028,0.000574373812475,0.00242678268808
3.619,1.14382262553e-30,2.07411792645e-05,0.000130127064031,0.000572278547497,0.00241784738808
3.62,1.11600829548e-30,2.06394105456e-05,0.000129483014121,0.000569923376193,0.00240759431147
3.621,1.08790696514e-30,2.05213130978e-05,0.000128738219242,0.000567225303601,0.0023956949114
3.622,1.06017116807e-30,2.04276351643e-05,0.000128146309176,0.000565266351916,0.00238677296853
3.623,1.03381143323e-30,2.03423685553e-05,0.000127605194738,0.000563627014355,0.00237900140856
3.624,1.00705926572e-30,2.0226168938e-05,0.000126872150671,0.000561164401957,0.00236777534583
3.625,9.81679992899e-31,2.01373546866e-05,0.000126309651844,0.000559469527124,0.00235981180669
3.626,9.54378894683e-31,1.99968804953e-05,0.000125421992605,0.000556420827511,0.00234597675239
3.627,9.28532334097e-31,1.98664974595e-05,0.000124599829873,0.000553677735006,0.00233347743299
3.628,9.03546801469e-31,1.97780594562e-05,0.000124039321056,0.00055211186685,0.00232592300168
3.629,8.79135478122e-31,1.97098828428e-05,0.000123607305368,0.000551162193506,0.00232088785077
3.63,8.54322290066e-31,1.96258919603e-05,0.000123076736178,0.000549793576225,0.00231420912095
3.631,8.29976036477e-31,1.95068382058e-05,0.000122332053364,0.000547438268507,0.00230346477357
3.632,8.05984843208e-31,1.94260695162e-05,0.000121825151519,0.00054616661956,0.00229730058228
3.633,7.83443940906e-31,1.93418187193e-05,0.000121298259085,0.000544786456193,0.00229078438981
3.634,7.59783616757e-31,1.92340986688e-05,0.000120623991105,0.00054274603762,0.00228154622052
3.635,7.36964687625e-31,1.91314671527e-05,0.000119982159004,0.000540878423008,0.00227317423129
3.636,7.1494817273e-31,1.9054011218e-05,0.00011949877753,0.000539657921926,0.00226760689753
3.637,6.93054617801e-31,1.89739050344e-05,0.000119002394891,0.000538405160909,0.00226197272192
3.638,6.70967343462e-31,1.88352629329e-05,0.000118143302031,0.000535539463537,0.00224953019197
3.639,6.49273852549e-31,1.87242446776e-05,0.000117458126108,0.000533475780608,0.00224046787332
3.64,6.28239511548e-31,1.86240575054e-05,0.000116851259439,0.000531689598332,0.00223263497068
3.641,6.07914425531e-31,1.85554355846e-05,0.000116452007227,0.000530841687558,0.00222879873199
3.642,5.88125279019e-31,1.84972158221e-05,0.000116124515042,0.000530268096021,0.00222617257714
3.643,5.68593948799e-31,1.8423444031e-05,0.000115707912181,0.000529283311909,0.00222170555633
3.644,5.49517228746e-31,1.83337078103e-05,0.000115192835416,0.000527886812169,0.00221551769869
3.645,5.29730044816e-31,1.82174570788e-05,0.000114513076759,0.000525681159437,0.00220601509114
3.646,5.11252770758e-31,1.81405051273e-05,0.000114086510344,0.000524679940992,0.00220153687338
3.647,4.92643674901e-31,1.80115028065e-05,0.000113335790504,0.000522154646734,0.00219069574786
3.648,4.75062999179e-31,1.79390605494e-05,0.000112951260696,0.000521260990032,0.00218687265216
3.649,4.57007774323e-31,1.78229972185e-05,0.000112302369958,0.000519088309435,0.00217775627251
3.65,4.40204331718e-31,1.77649628508e-05,0.000112034325485,0.000518644986877,0.00217586167338
3.651,4.25512764192e-31,1.77235178115e-05,0.00011186082222,0.000518450195363,0.00217486068065
3.652,4.20852079123e-31,1.79142260367e-05,0.000113073536238,0.000523876535306,0.00219697697136
3.653,4.17799200536e-31,1.81678317235e-05,0.00011467805274,0.000531015725389,0.00222615950254
3.654,4.14811497021e-31,1.84006246278e-05,0.000116152345385,0.000537467419523,0.0022524386015
3.655,4.12408496069e-31,1.86422954016e-05,0.000117676829377,0.000544143566591,0.00227960637451
3.656,4.1042575641e-31,1.89191848187e-05,0.000119423548039,0.000551712873933,0.00231055770065
3.657,4.08579972214e-31,1.91843431657e-05,0.00012109200069,0.000558944321745,0.00234001908243
3.658,4.07308723835e-31,1.94627532122e-05,0.000122847137804,0.000566490698506,0.00237089124276
3.659,4.05445105684e-31,1.96897191599e-05,0.000124278196182,0.000572512665532,0.00239534573269
3.66,4.04358719754e-31,1.99536708076e-05,0.000125938954242,0.000579616893303,0.00242421095964
3.661,4.03225009593e-31,2.02156982686e-05,0.000127588206758,0.000586597470461,0.00245256358181
3.662,4.02758931754e-31,2.05492794526e-05,0.00012968489489,0.000595656528947,0.00248961771821
3.663,4.01910104665e-31,2.08171367267e-05,0.000131367687598,0.000602750509197,0.00251843050513
3.664,4.01543778314e-31,2.11381390751e-05,0.000133389341982,0.000611414319728,0.0025537529311
3.665,4.01111901204e-31,2.14565406372e-05,0.000135393116763,0.000619951002772,0.00258860502104
3.666,4.00710079068e-31,2.17560734203e-05,0.000137275537739,0.000627900308149,0.00262097828897
3.667,4.00345806317e-31,2.20435357209e-05,0.000139077396809,0.000635510230828,0.00265193249461
3.668,3.99782967869e-31,2.23315394135e-05,0.000140882715915,0.000643145822269,0.00268299756505
3.669,3.93172590776e-31,2.23393461067e-05,0.000140915959927,0.000642588446799,0.00267972692465
3.67,3.85616271602e-31,2.22623307513e-05,0.000140419571207,0.000639588475593,0.0026663381277
3.671,3.77491136256e-31,2.21538321358e-05,0.00013972371847,0.000635713771624,0.00264928783235
3.672,3.69769882415e-31,2.20533333545e-05,0.000139074142869,0.000632016839487,0.00263315377503
3.673,3.61937766587e-31,2.19495827356e-05,0.000138412721059,0.000628256852466,0.00261733900757
3.674,3.54017661746e-31,2.1829037194e-05,0.000137639193468,0.000624036579779,0.00260142686088
3.675,3.46915287833e-31,2.17542948314e-05,0.000137155646257,0.00062115394238,0.00259164716083
3.676,3.39179219987e-31,2.16428019587e-05,0.00013643977517,0.000617235947651,0.00257752247225
3.677,3.31988548058e-31,2.15440478283e-05,0.000135805198788,0.000613678721973,0.00256491482126
3.678,3.25076942554e-31,2.14851644075e-05,0.000135420635781,0.000611383920359,0.00255731147708
3.679,3.18055581433e-31,2.13739111651e-05,0.000134706404166,0.000607609963605,0.00254349647129
3.68,3.10827799848e-31,2.12624433628e-05,0.000133991082443,0.000603958357562,0.00252984402911
3.681,3.03757993432e-31,2.11684025652e-05,0.000133392393111,0.000601029592689,0.00251878945855
3.682,2.96603139776e-31,2.10150530837e-05,0.000132415001689,0.000596585423875,0.00250094073519
3.683,2.89558781306e-31,2.0888233271e-05,0.000131609517262,0.000593126928707,0.00248680607035
3.684,2.82514967272e-31,2.07581077369e-05,0.000130781122205,0.000589697387213,0.00247259649693
3.685,2.75932479092e-31,2.06871515719e-05,0.000130322490861,0.000588079693216,0.00246550205787
3.686,2.69513218714e-31,2.06198709482e-05,0.000129887731736,0.000586687319164,0.00245918304813
3.687,2.63104104425e-31,2.05449761349e-05,0.000129407028882,0.000585199498959,0.00245226280025
3.688,2.56772483442e-31,2.04523343101e-05,0.000128809526229,0.00058326398001,0.00244331351724
3.689,2.50047887099e-31,2.03016911129e-05,0.000127851849296,0.000579727771489,0.00242769156149
3.69,2.43783708199e-31,2.02197573478e-05,0.000127320844161,0.00057819531216,0.00242037654418
3.691,2.37656792028e-31,2.01183666635e-05,0.00012666857338,0.000576144511778,0.00241094486724
3.692,2.31759386165e-31,2.003074189e-05,0.000126110356534,0.000574503674365,0.00240336719005
3.693,2.25448372326e-31,1.98920965298e-05,0.000125229469602,0.000571393191716,0.00238978286817
3.694,2.19485353842e-31,1.97902786961e-05,0.000124585141029,0.000569362209725,0.00238076402756
3.695,2.13545046388e-31,1.96776624969e-05,0.000123873997206,0.000567049923084,0.00237059009407
3.696,2.07794926737e-31,1.95869482949e-05,0.000123303703696,0.000565335509134,0.00236299252491
3.697,2.02185476575e-31,1.94999562039e-05,0.000122755571205,0.000563765705593,0.00235611426272
3.698,1.96249893e-31,1.93695526496e-05,0.000121934987839,0.000560917019041,0.0023439792212
3.699,1.9052453178e-31,1.92533904185e-05,0.000121203653948,0.00055850873768,0.00233371752122
3.7,1.8521341729e-31,1.91637649254e-05,0.000120638579681,0.000556851377965,0.00232672169106
3.701,1.79856994361e-31,1.90813470248e-05,0.000120122094276,0.000555432943165,0.00232082388264
3.702,1.74419586832e-31,1.89555564616e-05,0.000119342913496,0.000552767022486,0.00230969859496
3.703,1.6932469709e-31,1.88798422605e-05,0.000118877611714,0.000551532716809,0.00230459318092
3.704,1.64062037643e-31,1.87372137896e-05,0.000118007326307,0.000548394118092,0.00229152616303
3.705,1.58941138377e-31,1.86356724097e-05,0.000117403413975,0.000546470820658,0.00228348647275
3.706,1.5369970069e-31,1.84944694706e-05,0.000116570970683,0.000543429845774,0.00227076205841
3.707,1.48560659928e-31,1.83705005766e-05,0.000115845975811,0.000540910062312,0.00226024033733
3.708,1.43699573241e-31,1.82568421063e-05,0.000115183329509,0.000538683290988,0.00225094568714
3.709,1.38987315531e-31,1.81739606075e-05,0.000114723030417,0.000537343776968,0.00224545725574
3.71,1.34424416909e-31,1.80817864346e-05,0.000114229287991,0.000535773016847,0.00223901212249
3.711,1.29803870964e-31,1.79671164522e-05,0.000113599582219,0.000533546347238,0.00222975762753
3.712,1.25472710948e-31,1.78986681411e-05,0.000113250417447,0.000532605288764,0.00222587867513
3.713,1.24584896048e-31,1.81541356106e-05,0.000114871265428,0.000539969608599,0.00225603526842
3.714,1.23604798233e-31,1.83501021973e-05,0.000116115201531,0.000545471267825,0.00227841704439
3.715,1.22885368414e-31,1.85888356882e-05,0.000117627285883,0.000552136559999,0.00230563079609
3.716,1.22183892022e-31,1.8817432217e-05,0.000119072335956,0.000558443326078,0.00233131683562
3.717,1.21520979276e-31,1.90695666446e-05,0.000120668965893,0.000565387984702,0.00235959849262
3.718,1.21114556394e-31,1.93405557725e-05,0.000122377088073,0.000572824231585,0.00238995366937
3.719,1.20940238605e-31,1.96573614698e-05,0.000124375208908,0.000581566000522,0.00242573057022
3.72,1.20649911787e-31,1.99378447428e-05,0.000126142711326,0.000589190984917,0.00245677980143
3.721,1.20357906898e-31,2.0219798168e-05,0.00012792325155,0.000596848055319,0.00248790274434
3.722,1.20079896583e-31,2.05003199364e-05,0.000129689135095,0.000604419761087,0.00251877500499
3.723,1.20172617664e-31,2.08471228768e-05,0.000131871380145,0.000613926698855,0.00255762240059
3.724,1.1994133307e-31,2.11518387144e-05,0.000133790948509,0.000622165140533,0.00259121193981
3.725,1.19732342723e-31,2.14681049987e-05,0.000135784579107,0.000630734762754,0.00262611505503
3.726,1.19647256844e-31,2.17975071199e-05,0.000137861814813,0.000639650463322,0.00266244537726
3.727,1.18365618532e-31,2.19230839363e-05,0.000138636700175,0.000642522543373,0.00267355256687
3.728,1.16061555146e-31,2.18741537163e-05,0.000138307481252,0.00064014367311,0.00266277175701
3.729,1.13686000872e-31,2.17832770875e-05,0.000137721963761,0.000636597959631,0.00264721479259
3.73,1.11446933997e-31,2.17235555389e-05,0.000137325955095,0.000633966431123,0.00263543054835
3.731,1.09228675582e-31,2.16557584973e-05,0.000136881149868,0.000631104497548,0.0026229853298
3.732,1.06952907596e-31,2.15853338969e-05,0.000136415478513,0.000628163363848,0.00261095479432
3.733,1.0478417839e-31,2.15110243668e-05,0.000135932555396,0.000625113276163,0.00259994180523
3.734,1.02568951481e-31,2.14144180471e-05,0.000135311273249,0.00062143920698,0.00258685352237
3.735,1.00375059183e-31,2.13110678926e-05,0.000134642839613,0.000617583026413,0.0025730173899
3.736,9.83479985662e-32,2.12477649994e-05,0.000134229206275,0.000614948409074,0.00256409541215
3.737,9.62217166605e-32,2.11537920368e-05,0.000133622627673,0.000611464035597,0.00255156768142
3.738,9.40628151331e-32,2.104464795e-05,0.000132910810183,0.000607641635185,0.00253732071583
3.739,9.19633701037e-32,2.09377990267e-05,0.000132225104039,0.000604015664676,0.00252382635628
3.74,8.99083987317e-32,2.0860505373e-05,0.00013172285561,0.000601276579461,0.00251396290341
3.741,8.79947424304e-32,2.08002035188e-05,0.000131324226078,0.000599141355475,0.00250632773202
3.742,8.59938313368e-32,2.07035618924e-05,0.000130703903904,0.000596116147044,0.00249465233877
3.743,8.39006390926e-32,2.05727933022e-05,0.000129863695323,0.000592337635214,0.00247923890691
3.744,8.19071575605e-32,2.04890601277e-05,0.000129320514546,0.000590060853142,0.00246975258996
3.745,8.00178288205e-32,2.04118502808e-05,0.000128819837582,0.000588055010797,0.00246136393379
3.746,7.81114181378e-32,2.03321997689e-05,0.000128303115362,0.000586049001154,0.00245289841499
3.747,7.61418905685e-32,2.02229205591e-05,0.000127594244359,0.000583291245305,0.00244100946534
3.748,7.43639005336e-32,2.01537543456e-05,0.000127145067341,0.000581812603149,0.00243414878859
3.749,7.25196827077e-32,2.00684316617e-05,0.000126589593767,0.000579933627792,0.00242552943792
3.75,7.07706256499e-32,2.00079036732e-05,0.000126196087699,0.000578813932316,0.00242025113169
3.751,6.88896170045e-32,1.99027385951e-05,0.000125520015917,0.000576417291764,0.00240962536266
3.752,6.76980696312e-32,1.99488777536e-05,0.000125797702001,0.000577990978667,0.00241561271962
3.753,6.74700732672e-32,2.02276829293e-05,0.000127541762134,0.000585608797786,0.00244685919727
3.754,6.73795674043e-32,2.05605722915e-05,0.000129628732397,0.0005947537708,0.00248439981409
3.755,6.72343716893e-32,2.08602556455e-05,0.000131505519938,0.00060287698057,0.00251767692336
3.756,6.71237890483e-32,2.11364824751e-05,0.000133233615956,0.000610263398377,0.00254778424501
3.757,6.69064253194e-32,2.14394318047e-05,0.000135131557576,0.000618412579698,0.00258107223339
3.758,6.68409282136e-32,2.17647901817e-05,0.000137175008467,0.000627168705905,0.00261688610748
3.759,6.67256529114e-32,2.20779611721e-05,0.000139142259763,0.000635576990637,0.00265114823392
3.76,6.65273168217e-32,2.2349064065e-05,0.000140841324074,0.000642728245989,0.00268023863012
3.761,6.52677203989e-32,2.22970235092e-05,0.00014050311849,0.000640422858801,0.00266976122157
3.762,6.40663769807e-32,2.22552818788e-05,0.000140223708966,0.00063843443904,0.00266051469236
3.763,6.28357826331e-32,2.21882746085e-05,0.000139795326427,0.000635753200745,0.00264842631864
3.764,6.16166890435e-32,2.21384268195e-05,0.000139472348524,0.000633546051479,0.00263836148095
3.765,6.03645164767e-32,2.20408204322e-05,0.000138845372784,0.000629974584118,0.00262279871871
3.766,5.91524974714e-32,2.19738802775e-05,0.000138415170661,0.000627295069685,0.00261122847049
3.767,5.7882582296e-32,2.18607823201e-05,0.000137691911423,0.000623303955588,0.00259486610061
3.768,5.66229663168e-32,2.17669553677e-05,0.000137092762144,0.000619856501294,0.00258151334704
3.769,5.53691871806e-32,2.16263221849e-05,0.000136197537804,0.000615108599281,0.00256348354758
3.77,5.41975287897e-32,2.15447884234e-05,0.000135674697545,0.000612048038638,0.00255285707985
3.771,5.30601825568e-32,2.14711310624e-05,0.000135200833471,0.000609207688614,0.00254325915022
3.772,5.18153483579e-32,2.13469113637e-05,0.000134406105534,0.000604969603074,0.00252776202991
3.773,5.07047045625e-32,2.12746307353e-05,0.000133944991186,0.000602282704052,0.00251858891737
3.774,4.95027980893e-32,2.11462647057e-05,0.000133128440432,0.00059809628292,0.00250294453434
3.775,4.84008181065e-32,2.10576374247e-05,0.000132558185195,0.00059506695964,0.00249203767627
3.776,4.72851287921e-32,2.09614262514e-05,0.000131939855057,0.000591881439446,0.00248038722154
3.777,4.61203248394e-32,2.08335686165e-05,0.000131125480819,0.000587959331582,0.00246540469783
3.778,4.50192443551e-32,2.07212351785e-05,0.000130409029548,0.000584590821882,0.00245234399427
3.779,4.39846680352e-32,2.06520561809e-05,0.000129961811955,0.000582479241798,0.00244447270703
3.78,4.29725208019e-32,2.05976650151e-05,0.000129608995521,0.000580848428417,0.00243848059557
3.781,4.19341323211e-32,2.05105034381e-05,0.000129050498984,0.000578381901487,0.00242881206726
3.782,4.08768644458e-32,2.04114287608e-05,0.000128418793197,0.000575639207021,0.0024179948461
3.783,3.99300422407e-32,2.03593531651e-05,0.000128080035627,0.000574295776695,0.00241278168577
3.784,3.88983295665e-32,2.02606931021e-05,0.000127450221444,0.000571754647743,0.00240218173361
3.785,3.78988209311e-32,2.01481066697e-05,0.000126734042707,0.000568901465023,0.00239019465208
3.786,3.69266740072e-32,2.00727159132e-05,0.00012624941901,0.000567128390566,0.00238269998614
3.787,3.60264362358e-32,2.00526070744e-05,0.000126115884831,0.000566926305647,0.00238180438035
3.788,3.56640013358e-32,2.02128244534e-05,0.000127116486307,0.000571288952219,0.00239972543292
3.789,3.54781302961e-32,2.04688870719e-05,0.00012871934587,0.000578093731224,0.00242775437816
3.79,3.5302724411e-32,2.07110351992e-05,0.000130235691793,0.000584483153599,0.00245396198416
3.791,3.52102154847e-32,2.10186059867e-05,0.000132158813983,0.000592689678291,0.00248772096299
3.792,3.51308617635e-32,2.12957033376e-05,0.000133895387135,0.000600050555067,0.00251784093695
3.793,3.50448920112e-32,2.15887417535e-05,0.000135731605365,0.000607800069536,0.00254961440482
3.794,3.49693357189e-32,2.19015908471e-05,0.000137689964392,0.000616067266716,0.00258348274409
3.795,3.4906254021e-32,2.21971781425e-05,0.000139542425472,0.000623832302601,0.00261529444594
3.796,3.48833481224e-32,2.25397024131e-05,0.000141685373082,0.000632910104578,0.00265251525694
3.797,3.44054711617e-32,2.25676852079e-05,0.000141851761554,0.000633064263584,0.0026522460237
3.798,3.37346478589e-32,2.24878018039e-05,0.000141347529262,0.000630217967477,0.00263925134854
3.799,3.30681979418e-32,2.23785934064e-05,0.000140654431585,0.000626539369945,0.00262281051122
3.8,3.24344317479e-32,2.23072009385e-05,0.000140200026934,0.000623907968474,0.00261077764306
3.801,3.18055378092e-32,2.22443904417e-05,0.000139798494551,0.000621531127031,0.0025998515247
3.802,3.11873771519e-32,2.22128095158e-05,0.000139589951974,0.000619998398219,0.00259287213402
3.803,3.05149634408e-32,2.20715148012e-05,0.000138696674333,0.000615437202384,0.00257377470425
3.804,2.98973524692e-32,2.20259007043e-05,0.000138401144555,0.000613538972551,0.00256660990024
3.805,2.92828127638e-32,2.19349391554e-05,0.000137822482446,0.000610370847805,0.00255504685016
3.806,2.86171020297e-32,2.18141556086e-05,0.00013705588725,0.000606396862948,0.00254048013788
3.807,2.79911186312e-32,2.17005212939e-05,0.000136335641668,0.000602646020038,0.00252693089708
3.808,2.7359560267e-32,2.16016640404e-05,0.000135711014044,0.000599324264567,0.00251515673491
3.809,2.6776583208e-32,2.153364761e-05,0.000135281614024,0.000596897448323,0.00250710695627
3.81,2.61443739271e-32,2.13855751131e-05,0.000134344893666,0.000592286662911,0.00248979228201
3.811,2.55094844412e-32,2.12748972459e-05,0.000133639529256,0.000588804193817,0.00247688414267
3.812,2.49172852026e-32,2.11635535241e-05,0.00013293650961,0.000585388549404,0.00246418886859
3.813,2.43293295153e-32,2.10533676211e-05,0.000132237272587,0.000582072213486,0.00245177486386
3.814,2.37436135399e-32,2.09249665934e-05,0.000131424644262,0.000578410431413,0.00243760577476
3.815,2.32052730891e-32,2.08443964767e-05,0.000130911225685,0.000576237104586,0.00242923478272
3.816,2.26234143846e-32,2.07169264838e-05,0.000130099906368,0.000572853448638,0.00241549299449
3.817,2.20630783568e-32,2.06270499637e-05,0.000129527394661,0.000570572831972,0.00240635218994
3.818,2.15212316079e-32,2.0529443928e-05,0.000128908173472,0.000568186005035,0.00239645518156
3.819,2.09615302848e-32,2.04044421211e-05,0.000128116974937,0.000565099447456,0.00238349237189
3.82,2.04339019905e-32,2.02946389536e-05,0.000127420682778,0.000562487860382,0.00237254685043
3.821,1.98711400863e-32,2.01450144918e-05,0.000126473321932,0.000558840052778,0.00235720001584
3.822,1.93511039354e-32,2.00494318926e-05,0.000125867823747,0.00055672898069,0.00234824828534
3.823,1.88583661735e-32,1.99903801794e-05,0.000125490503828,0.000555667424481,0.00234365593819
3.824,1.83639137754e-32,1.99210334839e-05,0.000125052200142,0.000554373513757,0.00233796117221
3.825,1.78867218617e-32,1.98500461392e-05,0.000124605919216,0.000553060320392,0.00233218083621
3.826,1.7389657108e-32,1.97281258258e-05,0.000123838483057,0.000550354818084,0.00232056262556
3.827,1.69167249732e-32,1.96417983659e-05,0.00012329670396,0.000548694588199,0.00231333530178
3.828,1.64469361013e-32,1.95612451722e-05,0.000122789620297,0.00054722163444,0.00230686774806
3.829,1.59907056426e-32,1.94841407802e-05,0.000122306280914,0.000545832329554,0.00230079840396
3.83,1.55313153449e-32,1.93960701059e-05,0.00012175395221,0.000544190087461,0.00229365611637
3.831,1.50967980791e-32,1.93600501842e-05,0.00012153220332,0.00054402086169,0.00229260646141
3.832,1.46408132407e-32,1.9238071419e-05,0.000120771573255,0.00054143807438,0.0022814232946
3.833,1.41803818106e-32,1.90978224356e-05,0.000119897071882,0.000538348468156,0.00226815497264
3.834,1.37641776207e-32,1.90041873615e-05,0.000119320526853,0.000536609633858,0.00226055397903
3.835,1.33305476614e-32,1.88919212355e-05,0.000118627800457,0.000534332672443,0.00225074710228
3.836,1.29181988916e-32,1.87936902378e-05,0.000118022699356,0.000532514266267,0.00224273935958
3.837,1.25410288317e-32,1.87722655091e-05,0.000117900691678,0.000532909953245,0.00224404092739
3.838,1.21362452424e-32,1.86925052901e-05,0.000117411472046,0.000531642607346,0.00223841437599
3.839,1.17436572975e-32,1.86268294264e-05,0.00011701259206,0.000530790034537,0.00223451821481
3.84,1.13514242307e-32,1.85458322335e-05,0.000116515251437,0.000529521172739,0.00222886573364
3.841,1.09711061165e-32,1.845359575e-05,0.000115948980781,0.000527912149669,0.00222185544672
3.842,1.05876146911e-32,1.83573856012e-05,0.000115363330207,0.000526205380716,0.0022143716339
3.843,1.02260945173e-32,1.82729393775e-05,0.000114852649617,0.000524820179691,0.00220829480026
3.844,1.01113593469e-32,1.84605387055e-05,0.000116037346114,0.000530247762422,0.00223051253496
3.845,1.00249401627e-32,1.86824875569e-05,0.000117434129001,0.000536418139862,0.00225567997171
3.846,9.97030283919e-33,1.89670703696e-05,0.000119217867687,0.000544249226335,0.0022878787781
3.847,9.92547961334e-33,1.92627662911e-05,0.000121070690993,0.000552346745271,0.00232115265961
3.848,9.88076188195e-33,1.95175140587e-05,0.000122671600682,0.000559239584339,0.00234930384377
3.849,9.83602348772e-33,1.97641074136e-05,0.000124221704246,0.000565872622509,0.00237635053295
3.85,9.80054670106e-33,2.00196481229e-05,0.000125826501778,0.000572760442781,0.00240436789588
3.851,9.78669393514e-33,2.03403863025e-05,0.000127836413122,0.000581437729904,0.00243987049474
3.852,9.7695768484e-33,2.06430251523e-05,0.000129733266771,0.000589566766297,0.00247309457784
3.853,9.74468711376e-33,2.09309726161e-05,0.000131535074583,0.000597243112525,0.00250434339417
3.854,9.72261412757e-33,2.12262869388e-05,0.000133387825235,0.000605140403894,0.0025365089473
3.855,9.71407179439e-33,2.15601805152e-05,0.000135477164306,0.000614021848848,0.00257291942217
3.856,9.70369816853e-33,2.1889896557e-05,0.00013754239391,0.000622812705839,0.00260890710077
3.857,9.68644656457e-33,2.22020781139e-05,0.000139496626576,0.000631114231955,0.00264271038233
3.858,9.67702311031e-33,2.25292524678e-05,0.000141545559211,0.000639793041517,0.00267816826512
3.859,9.62810754148e-33,2.27714839811e-05,0.000143061453946,0.000646057302588,0.00270343204732
3.86,9.43916570566e-33,2.26699474634e-05,0.000142421454703,0.000642434780723,0.00268735401482
3.861,9.26061579062e-33,2.25968303301e-05,0.000141954790356,0.000639666845347,0.00267471995237
3.862,9.07592449752e-33,2.25229562206e-05,0.000141486413962,0.000636831544227,0.0026619790042
3.863,8.87977064787e-33,2.23855154037e-05,0.000140618992356,0.000632241846914,0.00264212426302
3.864,8.69851136388e-33,2.23144684787e-05,0.000140164159302,0.000629537755188,0.00263124336523
3.865,8.52546687867e-33,2.22522105769e-05,0.00013976550592,0.000627074422199,0.00262265209547
3.866,8.34373598707e-33,2.21352125084e-05,0.000139023521294,0.000623099705684,0.00260818401378
3.867,8.16727730011e-33,2.20220370913e-05,0.000138305692264,0.000619243540593,0.00259420243989
3.868,7.99501944743e-33,2.19175176612e-05,0.000137640630276,0.000615710785029,0.0025813405129
3.869,7.82385396009e-33,2.18115806493e-05,0.000136965527857,0.000612144293866,0.00256842664583
3.87,7.65886266027e-33,2.17203069346e-05,0.000136384741079,0.000609122420733,0.00255742314961
3.871,7.47854508494e-33,2.15852291659e-05,0.000135533542989,0.00060504577541,0.00254165007084
3.872,7.31456951929e-33,2.15076322707e-05,0.000135039603166,0.000602784860189,0.00253306125386
3.873,7.15420304355e-33,2.14294229589e-05,0.000134542886124,0.00060062694921,0.00252469796809
3.874,6.97888271393e-33,2.13091940083e-05,0.000133781248143,0.000597360463607,0.00251145836898
3.875,6.82026887575e-33,2.12147603247e-05,0.000133181012821,0.000594935419106,0.00250142653507
3.876,6.66464554981e-33,2.11384542251e-05,0.000132696322807,0.000593148587549,0.00249393582465
3.877,6.52487261991e-33,2.11043553817e-05,0.000132476649632,0.000592611103084,0.0024914273789
3.878,6.37297703776e-33,2.10093834725e-05,0.000131876392246,0.000590488451777,0.00248222068358
3.879,6.2241963753e-33,2.09544627795e-05,0.00013152370021,0.000589544012582,0.00247787761366
3.88,6.06879159959e-33,2.0854397091e-05,0.000130887505483,0.000587389119992,0.00246841060534
3.881,5.92281184659e-33,2.0766306431e-05,0.000130327401453,0.000585625477389,0.00246040097345
3.882,5.7656779199e-33,2.0633315648e-05,0.000129486253749,0.000582675292894,0.00244723870211
3.883,5.6237341103e-33,2.05618624397e-05,0.000129033157073,0.000581488454418,0.00244146005885
3.884,5.48153258381e-33,2.04703003205e-05,0.000128452237692,0.000579756009761,0.0024334320883
3.885,5.34266561045e-33,2.04042315088e-05,0.000128033007436,0.000578812280337,0.00242869507122
3.886,5.19949940677e-33,2.0312124214e-05,0.000127446350841,0.000577151516269,0.00242088238656
3.887,5.06123872027e-33,2.02211961712e-05,0.000126869402067,0.000575520919713,0.0024133055562
3.888,4.9227747272e-33,2.01284031278e-05,0.000126284301745,0.000573864787689,0.00240572009159
3.889,4.77907999679e-33,2.00048939751e-05,0.000125512423028,0.000571321311342,0.0023945075063
3.89,4.6389356521e-33,1.98877095169e-05,0.000124786351659,0.000568957026349,0.00238400460305
3.891,4.50272190696e-33,1.97631897274e-05,0.000124017603371,0.000566426481482,0.00237287054432
3.892,4.37331805265e-33,1.96617613692e-05,0.000123393888097,0.000564552270716,0.00236464922289
3.893,4.24346971282e-33,1.9556315272e-05,0.00012274772607,0.000562550775754,0.00235596746789
3.894,4.11995780302e-33,1.94900711919e-05,0.000122356109944,0.000561678251914,0.00235218520091
3.895,3.99455278778e-33,1.94058279789e-05,0.000121855584438,0.00056029170569,0.00234619316337
3.896,3.87855158142e-33,1.93508190583e-05,0.000121544538472,0.000559781783791,0.00234392993631
3.897,3.75872093416e-33,1.92435293301e-05,0.000120903449228,0.000557702493469,0.00233516986433
3.898,3.63553037039e-33,1.9108673263e-05,0.000120100322446,0.000554889678706,0.00232330619369
3.899,3.51932298924e-33,1.90053368701e-05,0.000119517719491,0.000552983102683,0.00231531564688
3.9,3.40564307065e-33,1.89246467033e-05,0.000119080897522,0.000551734290541,0.00231006454342
3.901,3.29126006641e-33,1.88144085456e-05,0.000118461417931,0.000549661595977,0.0023014414195
3.902,3.17666635399e-33,1.86877429984e-05,0.000117743948313,0.000547089121258,0.00229074929476
3.903,3.06386113405e-33,1.85532115468e-05,0.000116992650665,0.000544303683307,0.00227919848597
3.904,2.95659268418e-33,1.84408473327e-05,0.000116387988278,0.000542193101737,0.00227046794316
3.905,2.84523033382e-33,1.82910868184e-05,0.000115557684953,0.000538995933638,0.00225715749401
3.906,2.74296750903e-33,1.81992902287e-05,0.000115105845604,0.000537554298654,0.00225106261584
3.907,2.63964209075e-33,1.80722960777e-05,0.000114447063349,0.000535093894579,0.00224077499481
3.908,2.54110722088e-33,1.79679485875e-05,0.000113933426836,0.000533288345409,0.0022331201367
3.909,2.44344253394e-33,1.7857562105e-05,0.000113389573848,0.000531316944938,0.00222491041819
3.91,2.39798947215e-33,1.79936770972e-05,0.000114320610565,0.000535639092444,0.00224261380192
3.911,2.37091412407e-33,1.81901423204e-05,0.000115578344727,0.000541201709588,0.00226526295752
3.912,2.35065750622e-33,1.84311760107e-05,0.000117124687734,0.000548049876554,0.00229330742693
3.913,2.33332147255e-33,1.8655482453e-05,0.000118559192113,0.000554314545388,0.00231887168219
3.914,2.32183811368e-33,1.89406263515e-05,0.00012038364779,0.000562322863322,0.00235166940561
3.915,2.31258253034e-33,1.92223648222e-05,0.000122166812311,0.00057014166249,0.00238351870558
3.916,2.30055190591e-33,1.94656919118e-05,0.000123712390677,0.000576745468527,0.00241039334607
3.917,2.29246291252e-33,1.97505213288e-05,0.00012551429382,0.000584514008669,0.00244210052972
3.918,2.28243529242e-33,1.99820255005e-05,0.000126977654387,0.000590717914069,0.00246723077099
3.919,2.27366756384e-33,2.02414149224e-05,0.000128626109944,0.000597720033454,0.00249569852236
3.92,2.26751991944e-33,2.05353161251e-05,0.000130497477127,0.000605734396528,0.00252842973557
3.921,2.26075264309e-33,2.08364777023e-05,0.000132399135265,0.000613875512582,0.00256162584294
3.922,2.25641462734e-33,2.11130093992e-05,0.00013414118247,0.00062128106383,0.0025916397061
3.923,2.2520634095e-33,2.1439345023e-05,0.000136201971546,0.000630128999177,0.0026277741053
3.924,2.24971712992e-33,2.17554312368e-05,0.000138185107765,0.000638622545743,0.00266240160737
3.925,2.24878237593e-33,2.20755975561e-05,0.000140199747303,0.0006472418983,0.00269753314543
3.926,2.24605845061e-33,2.2394164121e-05,0.000142201446832,0.000655810097775,0.00273243376353
3.927,2.2076540615e-33,2.2384919132e-05,0.000142120731662,0.000654658265553,0.00272679771731
3.928,2.16590511247e-33,2.2344196656e-05,0.000141835400701,0.000652569528784,0.00271714625197
3.929,2.11957350431e-33,2.22265736917e-05,0.000141066738967,0.000648222039635,0.00269822167254
3.93,2.07549022809e-33,2.21303516417e-05,0.000140433240095,0.00064454094646,0.00268219169886
3.931,2.03486657228e-33,2.20747168983e-05,0.000140049597667,0.000642032801057,0.00267155686378
3.932,1.99048906301e-33,2.19647111749e-05,0.000139336200849,0.000637956907822,0.00265614793566
3.933,1.94492302042e-33,2.18331936261e-05,0.000138494659148,0.00063332088872,0.00263919454383
3.934,1.90044590755e-33,2.17111583343e-05,0.000137693879335,0.000628933055757,0.00262317812944
3.935,1.85869527807e-33,2.16089753649e-05,0.000137029599748,0.000625135726584,0.00260954849355
3.936,1.81610351471e-33,2.1499229522e-05,0.000136310169476,0.000621255009518,0.00259527471878
3.937,1.77791241655e-33,2.14095612324e-05,0.000135721061964,0.000618052242329,0.00258361192895
3.938,1.73705701597e-33,2.13122887317e-05,0.000135086187449,0.000614757533573,0.0025715532406
3.939,1.69917768342e-33,2.12109219694e-05,0.000134423961286,0.000611475177518,0.00255922584366
3.94,1.65924699643e-33,2.10891877219e-05,0.000133632632043,0.000607798658933,0.00254465355732
3.941,1.62170249825e-33,2.1009185676e-05,0.00013311518062,0.000605504057666,0.00253539325376
3.942,1.58379806921e-33,2.09037896512e-05,0.000132427935638,0.000602636337046,0.00252331823794
3.943,1.54245169058e-33,2.07543091443e-05,0.000131462315568,0.000598599527445,0.00250636543708
3.944,1.50618329269e-33,2.06688972247e-05,0.000130902515075,0.000596626770242,0.00249754874574
3.945,1.4670786689e-33,2.0529950757e-05,0.000129997859255,0.000593158762663,0.00248234486489
3.946,1.42816758725e-33,2.03720370181e-05,0.000128971810628,0.000589235568275,0.00246508406284
3.947,1.39002680867e-33,2.02346325433e-05,0.000128080099359,0.00058596080912,0.00245062134973
3.948,1.35192830384e-33,2.0094072131e-05,0.000127171709706,0.000582633336308,0.00243600564318
3.949,1.31588319045e-33,1.99498557365e-05,0.000126236355309,0.000579229042354,0.00242112477016
3.95,1.27980978377e-33,1.98475358246e-05,0.000125566336036,0.000577043983313,0.00241153753072
3.951,1.24611441205e-33,1.97628721957e-05,0.000125006287938,0.000575360196,0.00240405621133
3.952,1.21327291644e-33,1.96941880547e-05,0.000124553842622,0.000574183088626,0.00239879941253
3.953,1.17932660342e-33,1.95773269446e-05,0.000123797891189,0.00057161140151,0.00238783755418
3.954,1.14861898734e-33,1.95103303987e-05,0.000123368899181,0.000570518776532,0.00238301070017
3.955,1.11432553052e-33,1.93804935932e-05,0.000122541171942,0.000567580927669,0.00237060002445
3.956,1.08309728467e-33,1.92981761082e-05,0.000122015046603,0.000566042396759,0.00236406677634
3.957,1.05088182903e-33,1.91996298683e-05,0.000121384678706,0.000564018473124,0.00235557536046
3.958,1.02010826871e-33,1.90884022465e-05,0.000120675764524,0.000561663950901,0.00234570822475
3.959,1.00184801413e-33,1.91525086835e-05,0.000121072795066,0.000563844155634,0.00235449499469
3.96,9.97846747994e-34,1.94005857946e-05,0.000122627467038,0.000570772535458,0.00238279880155
3.961,9.94725231058e-34,1.96984916735e-05,0.000124501005642,0.000579100551742,0.00241689687895
3.962,9.89081334407e-34,1.99227581975e-05,0.000125904857843,0.000585185672006,0.00244163926051
3.963,9.86285567494e-34,2.02137569409e-05,0.000127728814064,0.000593154414927,0.00247419720806
3.964,9.84699782294e-34,2.05203784473e-05,0.000129656395972,0.000601568131987,0.00250858548979
3.965,9.80782293948e-34,2.07813784823e-05,0.00013128839352,0.000608555402853,0.00253701112389
3.966,9.77772755114e-34,2.10715538164e-05,0.000133110156234,0.000616370049477,0.0025688869342
3.967,9.74713955715e-34,2.13703137517e-05,0.000134981555544,0.000624412914046,0.00260167849648
3.968,9.72657659441e-34,2.16721744996e-05,0.000136876322717,0.000632524926281,0.00263468600552
3.969,9.71776163612e-34,2.19953715173e-05,0.000138909023541,0.000641261926938,0.002670297972
3.97,9.57026719654e-34,2.202895416e-05,0.00013910897122,0.000641394386048,0.0026699424039
3.971,9.36067150212e-34,2.18880419804e-05,0.000138209674588,0.000636437067724,0.00264843353861
3.972,9.18796152264e-34,2.18273755185e-05,0.000137815131127,0.00063380544366,0.00263660798572
3.973,8.99812705044e-34,2.17688881273e-05,0.000137433951921,0.000631248462252,0.0026251184342
3.974,8.81710068609e-34,2.17106881945e-05,0.000137052399087,0.000628696238329,0.00261383775691
3.975,8.64533947121e-34,2.16592312896e-05,0.000136714437576,0.00062634593511,0.00260389568113
3.976,8.45837722809e-34,2.15650001613e-05,0.000136103588993,0.000622766941816,0.00258995551867
3.977,8.2765029413e-34,2.15050103479e-05,0.000135709213047,0.000620160211313,0.0025809843508
3.978,8.10144600378e-34,2.14080877246e-05,0.000135089083856,0.000616531756222,0.00256815694661
3.979,7.93216966858e-34,2.13071558436e-05,0.000134444359757,0.000612785842537,0.00255488192946
3.98,7.75930913721e-34,2.12372589459e-05,0.000133992221343,0.000609957260927,0.00254547107379
3.981,7.57060480615e-34,2.11202816604e-05,0.000133242685811,0.000605792854876,0.00253040706282
3.982,7.40974731032e-34,2.10807447825e-05,0.000132981939575,0.000603994372407,0.00252478864319
3.983,7.23858322674e-34,2.09887550013e-05,0.00013238865291,0.000600768237991,0.00251303734497
3.984,7.06897402932e-34,2.08993857828e-05,0.000131813095528,0.000597704288167,0.00250175551175
3.985,6.90737801384e-34,2.08237485547e-05,0.000131326555695,0.000595128941419,0.00249243254736
3.986,6.74939286335e-34,2.07394377232e-05,0.000130779202962,0.000592392545886,0.00248217362506
3.987,6.59958396397e-34,2.06642252779e-05,0.000130289492742,0.000589985880075,0.0024732087475
3.988,6.42851577951e-34,2.05257349572e-05,0.000129406066303,0.000585850958844,0.00245691260451
3.989,6.27702984892e-34,2.04469932658e-05,0.000128897352188,0.000583555888501,0.00244790249005
3.99,6.12838291321e-34,2.03612188638e-05,0.000128344285886,0.000581184949598,0.00243825805024
3.991,5.98279358896e-34,2.02704425309e-05,0.000127760712315,0.000578776453653,0.00242831902317
3.992,5.83367077725e-34,2.01921638058e-05,0.00012725607425,0.00057677748272,0.00241995689228
3.993,5.79239555126e-34,2.04125156896e-05,0.000128638216898,0.000582603617854,0.00244399907257
3.994,5.77859223517e-34,2.07262661126e-05,0.000130603910779,0.000591057116242,0.0024789437417
3.995,5.75927232129e-34,2.09958499011e-05,0.000132294143271,0.000598206513338,0.00250832184705
3.996,5.74479366928e-34,2.127480745e-05,0.000134041807873,0.000605588222186,0.00253857438809
3.997,5.72139015655e-34,2.151868189e-05,0.000135572618469,0.000611948258725,0.00256455666227
3.998,5.70835079323e-34,2.18078872645e-05,0.000137388395265,0.000619613226743,0.00259596159112
3.999,5.69766013519e-34,2.2116644662e-05,0.000139324262178,0.000627793262409,0.00262950439945
4,5.64772134266e-34,2.22937049587e-05,0.000140428239201,0.000632177274195,0.0026469447635
4.001,5.53282824893e-34,2.22263006469e-05,0.00013999843968,0.000629556750752,0.00263499959542
4.002,5.42382671158e-34,2.21637199848e-05,0.000139596156731,0.000627118215873,0.00262371589768
4.003,5.31522025518e-34,2.20785898361e-05,0.000139050646819,0.000624042687676,0.00260983971978
4.004,5.19884070626e-34,2.19713815771e-05,0.000138367609036,0.000620341156317,0.00259345524974
4.005,5.10172943819e-34,2.193163224e-05,0.000138113146086,0.0006185600837,0.00258531807089
4.006,5.00054885447e-34,2.18973798332e-05,0.00013788513978,0.000616893413854,0.00257802312783
4.007,4.89275330601e-34,2.18063411244e-05,0.000137303075003,0.000613668289376,0.00256459768888
4.008,4.78861888355e-34,2.1721138825e-05,0.000136755565949,0.000610600467602,0.0025522850145
4.009,4.68945115678e-34,2.16554583293e-05,0.000136335518332,0.000608089466023,0.0025430859434
4.01,4.59290211987e-34,2.15929503445e-05,0.000135931512458,0.000605673613565,0.00253474591205
4.011,4.48646161472e-34,2.14691232932e-05,0.000135144661552,0.000601560078036,0.00251956487609
4.012,4.38533678391e-34,2.13630003841e-05,0.000134462991278,0.000597950215826,0.002506465051
4.013,4.27958482774e-34,2.12522639397e-05,0.000133759529283,0.000594265074289,0.00249293470467
4.014,4.17926545762e-34,2.1160646662e-05,0.000133176892048,0.000591182722922,0.00248181689301
4.015,4.08132326072e-34,2.10454307274e-05,0.000132441912361,0.000587493649239,0.00246811353676
4.016,3.98072101032e-34,2.09570248092e-05,0.000131874681106,0.000584614766994,0.00245764692501
4.017,3.88787294713e-34,2.08569722655e-05,0.000131234269622,0.000581487430771,0.00244600865939
4.018,3.80214663439e-34,2.08195283181e-05,0.000130989594505,0.000580166850635,0.00244183105804
4.019,3.70564617362e-34,2.07168849902e-05,0.000130332759055,0.000577049007257,0.00243006661103
4.02,3.61162701172e-34,2.0627826242e-05,0.000129762000353,0.00057443591439,0.00242009186236
4.021,3.52503890573e-34,2.05556017047e-05,0.000129297111697,0.000572376896685,0.00241224117078
4.022,3.43965317306e-34,2.04795615998e-05,0.000128809869952,0.00057025985563,0.00240406765493
4.023,3.35729412301e-34,2.04220559483e-05,0.000128438684855,0.000568684062636,0.00239827504854
4.024,3.26812550401e-34,2.03097082154e-05,0.000127723520756,0.000565673019938,0.00238603971646
4.025,3.18188589396e-34,2.0223164911e-05,0.000127170591152,0.000563518618845,0.00237710114029
4.026,3.0967737188e-34,2.01312361443e-05,0.000126584385419,0.000561267631062,0.00236774710872
4.027,3.01457943488e-34,2.00475873492e-05,0.000126047471706,0.000559316032907,0.00235947056549
4.028,2.93745991877e-34,1.99601181845e-05,0.00012548778521,0.000557283828983,0.00235086592216
4.029,2.85677970127e-34,1.98586111615e-05,0.000124840050739,0.000554919803502,0.00234070823798
4.03,2.78004890476e-34,1.97680349214e-05,0.000124261064385,0.000552866980652,0.00233199737038
4.031,2.70515709188e-34,1.97034446497e-05,0.000123845493421,0.000551537043136,0.0023264061448
4.032,2.62822225036e-34,1.96243376794e-05,0.000123338050735,0.000549863110834,0.00231927542672
4.033,2.54830970755e-34,1.94756809593e-05,0.000122393191182,0.000546271562233,0.0023040480113
4.034,2.47569485969e-34,1.93874921761e-05,0.000121828210891,0.000544446766002,0.00229617487797
4.035,2.40485951237e-34,1.9321117917e-05,0.000121401712057,0.000543222787645,0.00229092198079
4.036,2.33059170337e-34,1.92382232557e-05,0.000120871068686,0.000541516350289,0.00228353914097
4.037,2.25994129286e-34,1.91529312867e-05,0.000120325359756,0.000539826000087,0.00227612527852
4.038,2.19982765527e-34,1.91326576335e-05,0.000120194203657,0.000539752012211,0.00227539403436
4.039,2.18663171637e-34,1.93750198614e-05,0.000121710811801,0.000546330358821,0.00230243917671
4.04,2.17665284232e-34,1.96278021901e-05,0.000123292815857,0.000553163273017,0.00233048091027
4.041,2.16973738652e-34,1.99182888328e-05,0.000125112666465,0.000560973242289,0.00236261879822
4.042,2.16103337788e-34,2.01955058316e-05,0.000126849000475,0.00056839300279,0.00239305475927
4.043,2.15923794469e-34,2.05185689245e-05,0.000128870206822,0.000577040639712,0.00242863582352
4.044,2.15085468294e-34,2.07754674723e-05,0.000130480071709,0.000583814107641,0.00245628668284
4.045,2.14371740743e-34,2.10334943231e-05,0.000132095445878,0.000590626837554,0.00248403557799
4.046,2.13935849386e-34,2.13475912554e-05,0.000134059223508,0.000598947767347,0.00251814125064
4.047,2.13641672932e-34,2.16814569225e-05,0.000136149694091,0.000607796558811,0.00255446272204
4.048,2.13298831852e-34,2.19821906555e-05,0.00013803342735,0.000615699825179,0.00258680914739
4.049,2.12777600351e-34,2.22651651824e-05,0.000139806889029,0.000623133197318,0.00261712699167
4.05,2.12327792678e-34,2.25766461302e-05,0.000141758033618,0.000631346553396,0.00265064330928
4.051,2.09250794296e-34,2.26186707415e-05,0.000142016711936,0.000631957266753,0.00265216758129
4.052,2.05450694218e-34,2.25745734575e-05,0.000141734283155,0.000630116655824,0.00264333461252
4.053,2.00705372732e-34,2.24019120468e-05,0.000140645146033,0.000624661182131,0.0026194168329
4.054,1.96569100846e-34,2.2321164725e-05,0.000140131973121,0.000621782775958,0.00260636858439
4.055,1.92493724836e-34,2.224947944e-05,0.000139676658419,0.000619185124523,0.00259464537368
4.056,1.88411820501e-34,2.21361388506e-05,0.000138961924297,0.000615413900839,0.00257886348233
4.057,1.84603485612e-34,2.20604224597e-05,0.00013848030613,0.000612707182095,0.00256884501174
4.058,1.80582888786e-34,2.19743516362e-05,0.000137933304987,0.000609722733842,0.00255833152684
4.059,1.76456129159e-34,2.18720151745e-05,0.000137286165901,0.000606283641968,0.00254608281639
4.06,1.72381280371e-34,2.17428076438e-05,0.00013647002738,0.000602124642098,0.00253074290434
4.061,1.68978381112e-34,2.17105083574e-05,0.000136262938976,0.000600690139601,0.00252677527406
4.062,1.64916306471e-34,2.15608622185e-05,0.000135320352577,0.000596035593918,0.0025092964183
4.063,1.61205910505e-34,2.14728085794e-05,0.000134761461285,0.00059317943226,0.00249909607369
4.064,1.57783163112e-34,2.13961671499e-05,0.000134277688342,0.000590763832657,0.00249055138799
4.065,1.54107657892e-34,2.12888186882e-05,0.000133598039292,0.0005875782535,0.00247842377621
4.066,1.50801636969e-34,2.12136405339e-05,0.000133120062047,0.00058552358698,0.00247059410675
4.067,1.46971720883e-34,2.10712453063e-05,0.000132221992611,0.000581688236241,0.00245523165408
4.068,1.43531226076e-34,2.0980137894e-05,0.000131647131203,0.000579486819243,0.00244600967874
4.069,1.40144789623e-34,2.09038434825e-05,0.000131162063796,0.000577794201558,0.00243868700148
4.07,1.36653978038e-34,2.07771419586e-05,0.000130363059094,0.000574768119625,0.0024257696858
4.071,1.33061372647e-34,2.06468605431e-05,0.000129540941574,0.0005717328795,0.00241260485348
4.072,1.29574480042e-34,2.05296140369e-05,0.000128800425462,0.000569101416967,0.00240111274468
4.073,1.26083920082e-34,2.04012780774e-05,0.000127991533259,0.000566247542472,0.00238859260489
4.074,1.22803701058e-34,2.03165740146e-05,0.000127451752201,0.000564638470616,0.00238127109533
4.075,1.19822288765e-34,2.02669115416e-05,0.000127134472754,0.000564075413097,0.00237814329173
4.076,1.16775575944e-34,2.01891519437e-05,0.000126640764942,0.000562768856247,0.00237185931377
4.077,1.13621622247e-34,2.0080587587e-05,0.000125952434784,0.000560646000667,0.00236212104631
4.078,1.1058567158e-34,1.99977583716e-05,0.000125427711963,0.00055927115558,0.00235564245364
4.079,1.07359972621e-34,1.98534072968e-05,0.000124515521967,0.000556147285691,0.00234187443987
4.08,1.04327330405e-34,1.97498442996e-05,0.000123860392836,0.000554257787489,0.00233307080507
4.081,1.01426505985e-34,1.96558092701e-05,0.000123265698672,0.000552649784009,0.00232550879206
4.082,9.85369833018e-35,1.95671599074e-05,0.00012270526832,0.000551175340623,0.00231862641475
4.083,9.57118068922e-35,1.94743721493e-05,0.000122117650152,0.000549600889799,0.00231136345534
4.084,9.276446711e-35,1.93567300844e-05,0.00012137835992,0.000547363107311,0.00230134179619
4.085,8.99688656649e-35,1.92728498273e-05,0.000120854187681,0.000546074654687,0.00229534860968
4.086,8.72417674409e-35,1.91798884439e-05,0.00012027187417,0.000544534885401,0.00228828241781
4.087,8.46941408425e-35,1.91027437056e-05,0.000119788216283,0.000543439438708,0.00228317971806
4.088,8.20621397299e-35,1.90004405715e-05,0.000119147498962,0.000541617662152,0.00227513132273
4.089,7.94349471565e-35,1.88868628735e-05,0.000118441300536,0.000539494265224,0.00226571928714
4.09,7.68720022329e-35,1.88099135301e-05,0.000117966234847,0.000538467987867,0.00226101064046
4.091,7.43745428243e-35,1.87116751307e-05,0.000117362336824,0.000536814008919,0.00225377440669
4.092,7.18994255931e-35,1.86215152542e-05,0.000116815393662,0.00053540645236,0.00224753053057
4.093,6.93616404161e-35,1.84837243418e-05,0.000115984090009,0.000532624169116,0.00223564302233
4.094,6.68700114104e-35,1.83589492767e-05,0.000115234317295,0.000530229169437,0.00222545417574
4.095,6.46322460037e-35,1.83074198392e-05,0.000114944456279,0.00052995488852,0.0022241620927
4.096,6.24162399378e-35,1.8230303361e-05,0.000114499041426,0.000528969744817,0.00221985641771
4.097,6.01304575918e-35,1.81041462491e-05,0.000113750695614,0.000526554939396,0.00220960506674
4.098,5.78967531395e-35,1.80036101049e-05,0.000113166541248,0.000524912694636,0.00220253461048
4.099,5.56612901325e-35,1.78935580952e-05,0.000112533351923,0.000522974145632,0.00219425655745
4.1,5.35906881563e-35,1.7818812991e-05,0.000112135038093,0.000522061198411,0.00219040469618
4.101,5.14494629874e-35,1.76966928609e-05,0.000111455502147,0.000519764724819,0.00218083246458
4.102,4.94134224421e-35,1.75899940078e-05,0.00011088000108,0.000517946549045,0.00217329378567
4.103,4.76765694741e-35,1.7554442957e-05,0.000110754590877,0.000518009088227,0.00217359825452
4.104,4.69777274698e-35,1.77204033368e-05,0.000111814998764,0.000522776766212,0.00219303310597
4.105,4.64548075951e-35,1.79252541342e-05,0.000113113763755,0.000528564057628,0.00221659741689
4.106,4.60351491392e-35,1.81524155613e-05,0.000114548755292,0.000534912340349,0.0022424702763
4.107,4.57100459063e-35,1.83923216241e-05,0.000116059337499,0.00054154420987,0.00226953252803
4.108,4.54177013204e-35,1.86335355346e-05,0.000117582835131,0.000548172284422,0.00229653655884
4.109,4.52402916956e-35,1.89209915181e-05,0.000119395121731,0.000556074408154,0.0023288812849
4.11,4.50559769879e-35,1.91999293932e-05,0.000121151585786,0.000563667771192,0.00235997271535
4.111,4.48751498545e-35,1.94694550504e-05,0.00012284934878,0.000570954152224,0.00238968798303
4.112,4.47320249442e-35,1.97687862235e-05,0.000124733394304,0.000579125865049,0.00242305397057
4.113,4.46474232749e-35,2.00539538527e-05,0.000126527120702,0.000586832474775,0.0024544847578
4.114,4.45197918115e-35,2.03217509125e-05,0.000128209731479,0.000593992925451,0.00248361501463
4.115,4.4458443236e-35,2.06524334856e-05,0.000130286519658,0.00060296207576,0.00252030237803
4.116,4.44580334988e-35,2.10139308096e-05,0.000132557385077,0.000612837240216,0.00256077629507
4.117,4.42238047174e-35,2.12663334647e-05,0.000134141010395,0.000619481967648,0.00258775904126
4.118,4.41379807479e-35,2.15608816386e-05,0.000135991427039,0.000627348591843,0.00261980900212
4.119,4.41136348681e-35,2.18895420782e-05,0.000138062088748,0.000636200036064,0.002655983982
4.12,4.40421229221e-35,2.22081893382e-05,0.00014005447261,0.000644691203041,0.00269054529449
4.121,4.33680842727e-35,2.22554622369e-05,0.00014033876042,0.000645248199036,0.00269198823824
4.122,4.24940429289e-35,2.21525299244e-05,0.000139681806571,0.000641443198399,0.00267515942518
4.123,4.15828091837e-35,2.20342921389e-05,0.000138920920947,0.000637158871078,0.00265633389082
4.124,4.06699108696e-35,2.19183965501e-05,0.00013817900263,0.00063298933281,0.00263814544795
4.125,3.98239025233e-35,2.18331793196e-05,0.000137627842592,0.000629713125113,0.00262447492274
4.126,3.90481132979e-35,2.18077921025e-05,0.000137453482812,0.000628144218266,0.00261931504634
4.127,3.82254863719e-35,2.17365426363e-05,0.000136990541105,0.000625279840999,0.00260965479561
4.128,3.74009862199e-35,2.16542517961e-05,0.000136455894781,0.000622093244799,0.00259861538254
4.129,3.65773730263e-35,2.15800787386e-05,0.000135973598067,0.000619169733974,0.00258857352213
4.13,3.58278320606e-35,2.15321377346e-05,0.000135661544954,0.000617099078271,0.00258198809685
4.131,3.50350174781e-35,2.14481140958e-05,0.000135120888544,0.000614116798642,0.00257127060532
4.132,3.42739947519e-35,2.13589729025e-05,0.000134552056027,0.000611056533618,0.00256003153911
4.133,3.33934135183e-35,2.1186881833e-05,0.000133455813306,0.00060580189057,0.0025392389346
4.134,3.26141786658e-35,2.10925140521e-05,0.000132851687898,0.000602949299823,0.00252807236578
4.135,3.18239706396e-35,2.09801276533e-05,0.000132136348818,0.000599784325654,0.00251511225562
4.136,3.10382542157e-35,2.08508548952e-05,0.000131306375405,0.000596282020304,0.0025003151272
4.137,3.02471578693e-35,2.07422857748e-05,0.000130610925271,0.000593504656578,0.00248837026969
4.138,2.95518447359e-35,2.06944624992e-05,0.000130299288306,0.000592609596624,0.00248413762969
4.139,2.88562331241e-35,2.0594487327e-05,0.000129660967398,0.00059027917867,0.00247390836983
4.14,2.80971335183e-35,2.047544611e-05,0.00012889996962,0.000587470598804,0.00246160521721
4.141,2.73784718564e-35,2.03722186951e-05,0.000128240933938,0.000585186964715,0.00245140324814
4.142,2.67242596314e-35,2.02954165359e-05,0.000127743925856,0.000583660243714,0.00244434744063
4.143,2.59995355969e-35,2.01679268781e-05,0.000126932460285,0.000580731365933,0.0024313431448
4.144,2.52831484782e-35,2.00257274082e-05,0.000126026901816,0.00057740356478,0.00241664632446
4.145,2.46415227099e-35,1.99595962462e-05,0.000125594784152,0.000576266520787,0.00241117113118
4.146,2.39738634648e-35,1.98659141803e-05,0.000124995834046,0.000574387097777,0.00240263871237
4.147,2.33069605054e-35,1.97672666134e-05,0.000124363395211,0.000572370902948,0.00239362798746
4.148,2.26237607005e-35,1.96345250297e-05,0.000123515095764,0.000569361238246,0.00238055597992
4.149,2.19876913632e-35,1.95412049968e-05,0.000122922229874,0.000567497611891,0.00237240560559
4.15,2.13263827674e-35,1.93962432149e-05,0.000122005127062,0.000564135500444,0.00235809782881
4.151,2.07459562805e-35,1.9313242695e-05,0.000121481542724,0.000562608557131,0.00235154041673
4.152,2.01047639666e-35,1.91885694763e-05,0.000120687782673,0.000559855015053,0.00234003292554
4.153,1.94936086862e-35,1.90814748715e-05,0.000120008754299,0.000557623060408,0.00233081571922
4.154,1.88680256692e-35,1.89590724305e-05,0.000119241515628,0.000554925476344,0.00231971774862
4.155,1.83078952562e-35,1.88704400728e-05,0.000118696971714,0.000553259062683,0.0023129892887
4.156,1.77231577196e-35,1.87543897534e-05,0.000117976602593,0.000550804032231,0.00230288710608
4.157,1.71743374764e-35,1.86428984311e-05,0.000117289416814,0.00054848567165,0.00229336781186
4.158,1.66080565703e-35,1.85286272033e-05,0.000116586644417,0.000546089451854,0.00228352478351
4.159,1.60712120227e-35,1.84450526925e-05,0.000116087678565,0.000544643949167,0.00227757286
4.16,1.54915468415e-35,1.82947856729e-05,0.000115176359222,0.000541275688071,0.00226362820952
4.161,1.49740546615e-35,1.82078519779e-05,0.000114681771045,0.000539788080293,0.00225759258909
4.162,1.45026151627e-35,1.81336595621e-05,0.000114273358988,0.000538514084055,0.00225233153046
4.163,1.43461854889e-35,1.83292765736e-05,0.000115508327179,0.000544051928719,0.00227492835949
4.164,1.42583960926e-35,1.85671473972e-05,0.000117009433751,0.000550742967513,0.00230228729387
4.165,1.41960437285e-35,1.88476651924e-05,0.000118773041551,0.000558600978422,0.00233451476256
4.166,1.41223340691e-35,1.90979352853e-05,0.000120346098355,0.000565515545884,0.00236272311159
4.167,1.40639893915e-35,1.93913133595e-05,0.000122190399328,0.000573626473796,0.00239584421613
4.168,1.40104748287e-35,1.96601225636e-05,0.000123879693069,0.000580999042839,0.00242594399911
4.169,1.3992006937e-35,1.99852528218e-05,0.00012592207364,0.000589956600286,0.00246261919797
4.17,1.39344637619e-35,2.02418135536e-05,0.000127533273023,0.000596871687351,0.00249074875054
4.171,1.38996507438e-35,2.0541940392e-05,0.000129421037548,0.000605009292827,0.00252402395976
4.172,1.3861334682e-35,2.08519049146e-05,0.000131367258462,0.000613394340223,0.00255826246834
4.173,1.38221238441e-35,2.11441490287e-05,0.000133200117142,0.000621264178703,0.00259028282357
4.174,1.38142339959e-35,2.14951118153e-05,0.000135402051038,0.00063082582989,0.00262939126813
4.175,1.37821260132e-35,2.18037427425e-05,0.00013733859312,0.000639157917158,0.00266330481089
4.176,1.37106985306e-35,2.20707326635e-05,0.000139014329883,0.000646170611369,0.00269170007793
4.177,1.34267520625e-35,2.1951277047e-05,0.000138252606072,0.000641775884784,0.00267249939407
4.178,1.31654829831e-35,2.18827754788e-05,0.000137815752165,0.000638890274835,0.00265958200163
4.179,1.28832625452e-35,2.17850828738e-05,0.00013718545231,0.000635112795586,0.00264301886336
4.18,1.26078679072e-35,2.16792805504e-05,0.000136509123089,0.000631127432178,0.00262577213128
4.181,1.23570098587e-35,2.16220984964e-05,0.000136138339558,0.000628585125915,0.0026153862619
4.182,1.20963570589e-35,2.15621288037e-05,0.000135749284075,0.000625941823828,0.00260591745342
4.183,1.1849061759e-35,2.14808125542e-05,0.000135227552383,0.000622739840905,0.00259483364385
4.184,1.15886576089e-35,2.13860489655e-05,0.000134627482617,0.000619148090734,0.00258213157879
4.185,1.13491484098e-35,2.13231757951e-05,0.0001342225129,0.000616478981743,0.002573234057
4.186,1.11032950085e-35,2.12285330196e-05,0.000133613680045,0.000612954011217,0.00256064883191
4.187,1.08768056713e-35,2.11884412381e-05,0.000133354050666,0.000611053053832,0.00255471784887
4.188,1.06358738506e-35,2.11050781828e-05,0.000132817970969,0.000607996731005,0.00254381403503
4.189,1.03907074498e-35,2.10040386557e-05,0.000132170352232,0.000604552378988,0.0025309564875
4.19,1.01362050619e-35,2.08922212592e-05,0.0001314554318,0.000600963196911,0.00251700837902
4.191,9.88975190243e-36,2.07909817259e-05,0.000130812778064,0.000597883652592,0.00250461406908
4.192,9.668944414e-36,2.07256762724e-05,0.000130396006122,0.000595903752957,0.00249672315688
4.193,9.44115633004e-36,2.06396977595e-05,0.000129843487823,0.000593440831429,0.00248678381031
4.194,9.19546021252e-36,2.05345480743e-05,0.000129169581632,0.000590546998562,0.00247495024483
4.195,8.96723488186e-36,2.04569139188e-05,0.000128672625085,0.000588557994149,0.0024667624214
4.196,8.74587948629e-36,2.03832810055e-05,0.000128199768359,0.000586790872455,0.0024591898864
4.197,8.54292991183e-36,2.03118589793e-05,0.000127740831577,0.000585168330721,0.00245206092156
4.198,8.32898919096e-36,2.02105033766e-05,0.000127089674057,0.000582752022293,0.00244143206027
4.199,8.11189298323e-36,2.01099787923e-05,0.000126447345711,0.000580464485715,0.00243111532935
4.2,7.96368453244e-36,2.01147538835e-05,0.000126467896065,0.000580832476677,0.00243200529386
4.201,7.94109022558e-36,2.04039970534e-05,0.000128280413859,0.000588691527128,0.00246428665087
4.202,7.92143363156e-36,2.07023733228e-05,0.000130150016536,0.000596804691384,0.00249753940292
4.203,7.88162510123e-36,2.09462787287e-05,0.000131676973139,0.000603295196532,0.00252399792352
4.204,7.85751731708e-36,2.12309703602e-05,0.000133459114067,0.000610892978672,0.00255508166372
4.205,7.84725115188e-36,2.15589983607e-05,0.000135513245223,0.000619740959546,0.00259131066903
4.206,7.84931442522e-36,2.1901456119e-05,0.000137658387677,0.00062899917693,0.00262922958717
4.207,7.83159021153e-36,2.21984758214e-05,0.000139517774965,0.000636920883613,0.00266156915532
4.208,7.75138740006e-36,2.23633408888e-05,0.000140545951887,0.000640953767577,0.00267754893497
4.209,7.58303683298e-36,2.2243435451e-05,0.000139785143711,0.000636756687607,0.00265901264759
4.21,7.43169734932e-36,2.21532110957e-05,0.000139212469128,0.000633413706057,0.00264410985418
4.211,7.27223155346e-36,2.20358499308e-05,0.000138465331131,0.000629311935742,0.00262600705851
4.212,7.12385214784e-36,2.19598988994e-05,0.000137981348284,0.000626402974663,0.00261301068794
4.213,6.96875938858e-36,2.18618556529e-05,0.000137356541275,0.000622847470456,0.00259759994196
4.214,6.82939061843e-36,2.17974403751e-05,0.000136947279122,0.00062028031412,0.00258682697059
4.215,6.68051581855e-36,2.16945172869e-05,0.000136295366052,0.000616611724543,0.00257211562781
4.216,6.549792044e-36,2.16176841847e-05,0.000135807746868,0.000613729775629,0.00256141937988
4.217,6.41193928405e-36,2.15289603893e-05,0.000135243590061,0.00061046650384,0.00254971933646
4.218,6.28487280503e-36,2.14831551511e-05,0.000134947411372,0.000608439706318,0.0025434484237
4.219,6.14753999377e-36,2.13860943436e-05,0.000134332739616,0.000604939584881,0.00253111830504
4.22,6.00844744906e-36,2.12897663521e-05,0.00013372028762,0.000601483479571,0.00251893981198
4.221,5.86977096365e-36,2.12040963896e-05,0.000133175890186,0.000598415760863,0.00250822148412
4.222,5.73681685859e-36,2.11100205556e-05,0.000132580050591,0.00059516838222,0.00249656820703
4.223,5.59341116746e-36,2.09873146228e-05,0.000131804325547,0.000591214430879,0.00248170874934
4.224,5.46265224828e-36,2.09029631446e-05,0.000131270947393,0.000588459444664,0.00247165620393
4.225,5.33800816132e-36,2.08409274374e-05,0.000130875736438,0.00058640269496,0.00246429108943
4.226,5.20712127524e-36,2.07455775956e-05,0.000130270767617,0.00058348069855,0.00245327939162
4.227,5.08420336775e-36,2.0643664514e-05,0.000129621809977,0.000580477922458,0.0024416008737
4.228,4.96505913223e-36,2.05877717704e-05,0.000129264008223,0.000578826253279,0.0024353477381
4.229,4.83386178524e-36,2.0470531148e-05,0.000128520452715,0.000575547022163,0.00242214669873
4.23,4.70786101516e-36,2.03574673947e-05,0.000127804137152,0.000572444046176,0.00240946252565
4.231,4.58120147547e-36,2.02432357203e-05,0.00012708339579,0.000569405749415,0.00239693287092
4.232,4.45400423701e-36,2.01412333324e-05,0.000126435236507,0.000566801882558,0.00238602422899
4.233,4.32506018264e-36,1.99969087795e-05,0.000125523840371,0.000563086092462,0.00237037275596
4.234,4.21342860206e-36,1.99178399585e-05,0.000125019426665,0.000561218849385,0.00236247812081
4.235,4.10307516797e-36,1.98465413306e-05,0.00012456551732,0.000559621807988,0.00235577794055
4.236,3.99190238881e-36,1.97593109179e-05,0.000124013362376,0.000557622813044,0.00234732007305
4.237,3.9054146551e-36,1.9749360756e-05,0.000123945752284,0.000557606205572,0.00234707025217
4.238,3.88140675056e-36,2.00038414501e-05,0.000125539002132,0.000564452547995,0.00237527297592
4.239,3.8654050795e-36,2.02782234503e-05,0.00012725755959,0.000571791691621,0.00240548827221
4.24,3.8506111278e-36,2.05559458415e-05,0.000128995946522,0.00057918526546,0.00243584264347
4.241,3.84291556143e-36,2.08643136477e-05,0.000130926541064,0.0005874116104,0.00246969497227
4.242,3.82885533015e-36,2.1136255197e-05,0.000132626841262,0.000594611139534,0.00249914975766
4.243,3.81742711278e-36,2.14299462493e-05,0.000134464867913,0.000602396228257,0.00253106598087
4.244,3.80719581297e-36,2.17215655985e-05,0.000136289974449,0.000610100691479,0.00256258942389
4.245,3.80234861056e-36,2.20430233699e-05,0.000138303523088,0.000618588742679,0.0025973953599
4.246,3.79172550722e-36,2.23224825944e-05,0.00014005201263,0.000625919177512,0.00262726004965
4.247,3.74953224713e-36,2.24427979449e-05,0.00014080127154,0.000628711473967,0.00263799595921
4.248,3.676047864e-36,2.23475078525e-05,0.000140197633942,0.000625430271985,0.00262311194004
4.249,3.59779611016e-36,2.22381655911e-05,0.000139506215326,0.000621756905839,0.00260666046116
4.25,3.5196072556e-36,2.2140013841e-05,0.000138883558395,0.000618383774969,0.00259145542425
4.251,3.44868424297e-36,2.20576716584e-05,0.000138361775514,0.000615456578058,0.00257829264217
4.252,3.37743992909e-36,2.19843020304e-05,0.000137898880813,0.000612794240021,0.00256654611568
4.253,3.30669825101e-36,2.1920798771e-05,0.000137495636245,0.000610409743017,0.002556757643
4.254,3.23786487051e-36,2.18492880517e-05,0.000137042975686,0.000607803760159,0.00254692694484
4.255,3.16510707954e-36,2.17314708382e-05,0.000136299843751,0.000603935261294,0.00253240086675
4.256,3.09867734607e-36,2.16580214665e-05,0.000135834314512,0.000601276009088,0.00252334596872
4.257,3.03196062668e-36,2.15876525759e-05,0.000135386579257,0.000598733265941,0.00251480033429
4.258,2.96179007444e-36,2.14981833281e-05,0.000134821232196,0.00059570430218,0.00250412283224
4.259,2.89515719354e-36,2.14004013041e-05,0.000134204697599,0.000592474026749,0.00249252266338
4.26,2.82356903726e-36,2.12685666433e-05,0.000133374261156,0.000588371938371,0.00247702672706
4.261,2.75522544111e-36,2.1128707602e-05,0.000132491828369,0.000584147115634,0.00246089145102
4.262,2.68653812121e-36,2.10167286935e-05,0.000131785965311,0.000580804564265,0.00244829130665
4.263,2.62092484169e-36,2.09059443841e-05,0.000131086594155,0.000577590143867,0.00243604154787
4.264,2.56055021384e-36,2.08253931681e-05,0.000130580829737,0.000575349867505,0.00242751401073
4.265,2.50114582791e-36,2.07442163964e-05,0.000130066775941,0.000573195654421,0.00241906178494
4.266,2.44148759557e-36,2.06705395887e-05,0.000129600654466,0.000571331351664,0.00241171105802
4.267,2.38330769433e-36,2.06031947494e-05,0.000129174115997,0.000569664830516,0.00240519492178
4.268,2.32224920225e-36,2.04871987206e-05,0.000128442983804,0.000566703602394,0.00239317168601
4.269,2.26288923182e-36,2.03968629869e-05,0.000127872423238,0.000564500207086,0.00238418303747
4.27,2.2069390788e-36,2.031802906e-05,0.000127371725293,0.000562662577019,0.00237664231401
4.271,2.14671556674e-36,2.02188351379e-05,0.000126745461622,0.000560347177529,0.00236677324712
4.272,2.08735048539e-36,2.01094703205e-05,0.000126055322932,0.000557832363321,0.00235585692503
4.273,2.02805628832e-36,1.99782729679e-05,0.00012522887754,0.000554731861018,0.00234251213229
4.274,1.97129166275e-36,1.98771510629e-05,0.000124593086191,0.000552533410284,0.00233289340073
4.275,1.91333415113e-36,1.97429583745e-05,0.000123746950018,0.000549402362304,0.0023194416626
4.276,1.86075247875e-36,1.96457520996e-05,0.000123133400842,0.000547325208608,0.00231051206223
4.277,1.80976186453e-36,1.95699828774e-05,0.000122653336877,0.000545886507537,0.00230422321767
4.278,1.75748043297e-36,1.94790089209e-05,0.000122078595852,0.000544062524675,0.00229630569567
4.279,1.70639042546e-36,1.93946978013e-05,0.000121545610433,0.000542480293664,0.00228937896331
4.28,1.65412155135e-36,1.92946570419e-05,0.000120914851468,0.00054044556035,0.00228060985533
4.281,1.60391981465e-36,1.91921845922e-05,0.000120267630567,0.00053839887135,0.00227180569514
4.282,1.55495446889e-36,1.91080564462e-05,0.000119737117398,0.000536907862328,0.00226528627859
4.283,1.51047652728e-36,1.90477636743e-05,0.0001193657708,0.000536099339524,0.00226157257679
4.284,1.46513530958e-36,1.89782156173e-05,0.000118937170881,0.000535029955734,0.00225670191477
4.285,1.41559007614e-36,1.88427902487e-05,0.000118097563617,0.000532158665945,0.00224412692005
4.286,1.37236620465e-36,1.87851596779e-05,0.000117745250835,0.000531477974386,0.00224080250079
4.287,1.32695919595e-36,1.86905365225e-05,0.000117161730107,0.000529748912236,0.00223301804854
4.288,1.28207652903e-36,1.85674568342e-05,0.000116406961714,0.000527242787522,0.00222196462403
4.289,1.24007559102e-36,1.84981576655e-05,0.000115997942054,0.000526328408999,0.00221759403164
4.29,1.19596710648e-36,1.83806400441e-05,0.000115289812874,0.00052405920963,0.00220755399249
4.291,1.15379161757e-36,1.82749336736e-05,0.000114659804466,0.000522077740924,0.00219885145121
4.292,1.11295666545e-36,1.81822031134e-05,0.000114127890782,0.000520493576156,0.0021917544279
4.293,1.07195399324e-36,1.80806942735e-05,0.000113547752264,0.000518688474131,0.00218363165103
4.294,1.03298072801e-36,1.80058688421e-05,0.000113143017951,0.000517660196408,0.00217887226416
4.295,9.95474254045e-37,1.79186841121e-05,0.000112669135785,0.000516285452519,0.00217275303242
4.296,9.85743217494e-37,1.81640338892e-05,0.000114219817538,0.000523248077593,0.00220133735034
4.297,9.77044651746e-37,1.83885428345e-05,0.000115638676602,0.000529510304725,0.00222692659445
4.298,9.71966468439e-37,1.86651924794e-05,0.000117382454335,0.000537131320655,0.00225824584051
4.299,9.66201293547e-37,1.8934734356e-05,0.000119073889119,0.000544502820009,0.00228836020684
4.3,9.61929012783e-37,1.92247034658e-05,0.000120894635118,0.000552419521887,0.00232077469934
4.301,9.56023000598e-37,1.94779925183e-05,0.000122485657236,0.000559269645205,0.00234863832331
4.302,9.52280297634e-37,1.97582848781e-05,0.000124243286913,0.000566810016804,0.002379458197
4.303,9.49245612009e-37,2.00515439836e-05,0.00012608630504,0.000574688567813,0.00241174455162
4.304,9.46139696786e-37,2.03451304292e-05,0.000127927862947,0.000582576278327,0.00244393942395
4.305,9.44631327581e-37,2.06572135039e-05,0.000129882238408,0.000590949293103,0.00247815048117
4.306,9.42659217664e-37,2.09530544873e-05,0.000131740117072,0.000598867929183,0.00251050426358
4.307,9.40130570426e-37,2.12429615213e-05,0.000133556869095,0.000606591057677,0.00254194654791
4.308,9.3801641699e-37,2.15315107412e-05,0.000135363918943,0.000614216249729,0.00257301918811
4.309,9.35236214965e-37,2.18348943451e-05,0.000137267056288,0.000622251233387,0.00260577439385
4.31,9.32547926464e-37,2.21185777004e-05,0.000139045772388,0.00062972441677,0.00263623311648
4.311,9.30962283323e-37,2.24187849511e-05,0.000140926608051,0.000637676768751,0.00266858682251
4.312,9.17376669653e-37,2.24507906472e-05,0.000141123133628,0.000637889191864,0.00266851313152
4.313,8.98340441617e-37,2.23513410608e-05,0.000140492917447,0.000634358836316,0.00265283161225
4.314,8.81370204706e-37,2.22755968478e-05,0.000140010874521,0.000631466707118,0.00263981785514
4.315,8.62991391946e-37,2.21927871379e-05,0.000139482816037,0.000628449767612,0.00262621750585
4.316,8.43024494779e-37,2.20724049176e-05,0.000138723293099,0.000624346783635,0.00260876282844
4.317,8.24697290362e-37,2.19460549902e-05,0.00013792088022,0.000620056332458,0.0025920415871
4.318,8.08368233546e-37,2.18958160149e-05,0.000137597348715,0.000617936201108,0.00258532113435
4.319,7.91892577516e-37,2.18380804855e-05,0.000137232852893,0.000615636844536,0.00257785655013
4.32,7.723133954e-37,2.16781256358e-05,0.000136219737224,0.000610501753972,0.002558438157
4.321,7.55950797743e-37,2.15902415746e-05,0.000135658265255,0.000607395967945,0.00254746657464
4.322,7.39966990719e-37,2.15066063575e-05,0.000135125384003,0.000604551964582,0.00253732481764
4.323,7.22910619137e-37,2.14083915104e-05,0.000134499786751,0.000601358670058,0.00252556955181
4.324,7.06204397861e-37,2.12965742976e-05,0.000133791305172,0.000597939340392,0.00251243875247
4.325,6.92481121089e-37,2.12803880335e-05,0.000133682696605,0.000597314226574,0.00251064821931
4.326,6.73641482338e-37,2.11153693202e-05,0.000132639001395,0.000592613016635,0.00249165500781
4.327,6.56921409045e-37,2.09978555953e-05,0.000131891536777,0.000589414899396,0.00247857520034
4.328,6.40151759765e-37,2.08692900254e-05,0.000131076766859,0.000586103462657,0.00246471355863
4.329,6.26271870383e-37,2.08371435623e-05,0.000130863650803,0.000585655975082,0.00246254478112
4.33,6.11491020547e-37,2.07453147427e-05,0.000130278215872,0.000583617289289,0.00245359084312
4.331,5.95474548015e-37,2.06238751116e-05,0.000129508457124,0.000580829153219,0.00244132200061
4.332,5.79852415842e-37,2.05039059556e-05,0.000128749179004,0.000578130352764,0.00242936913791
4.333,5.6462694827e-37,2.03762827819e-05,0.000127941563814,0.000575306904466,0.0024167618576
4.334,5.50312774687e-37,2.02998385146e-05,0.000127456297195,0.00057399095483,0.00241030532389
4.335,5.35943288321e-37,2.01931778194e-05,0.000126779130591,0.000571825019533,0.00240039119154
4.336,5.22248373084e-37,2.01190025355e-05,0.000126310892741,0.000570608859519,0.00239447187867
4.337,5.07762588355e-37,2.00083906327e-05,0.000125614210603,0.000568359777098,0.00238439551772
4.338,4.93315901161e-37,1.98878023353e-05,0.000124854244888,0.000565839503532,0.00237333019052
4.339,4.80080046663e-37,1.97998928387e-05,0.000124300053743,0.000564292283605,0.00236648098846
4.34,4.66363202887e-37,1.96801054047e-05,0.000123546876501,0.000561849220761,0.00235595991081
4.341,4.52940059873e-37,1.95720768306e-05,0.000122869547845,0.000559727779924,0.0023468492421
4.342,4.40760891561e-37,1.9497041893e-05,0.000122400353356,0.000558538121267,0.00234172953702
4.343,4.27379580519e-37,1.93965406368e-05,0.000121778727212,0.000556627059123,0.00233359634738
4.344,4.13637658396e-37,1.92586990792e-05,0.000120925669014,0.000553657393719,0.00232100891726
4.345,4.01636810445e-37,1.91601872609e-05,0.000120327002351,0.000551873688669,0.00231327874823
4.346,3.89348627071e-37,1.90637948223e-05,0.000119740640236,0.000550126811712,0.00230569080475
4.347,3.7782535709e-37,1.8969732414e-05,0.0001191720663,0.000548478433731,0.00229863744826
4.348,3.65774055584e-37,1.88549215581e-05,0.00011848011483,0.000546239055346,0.00228917349826
4.349,3.54278620222e-37,1.87600120776e-05,0.000117927228838,0.000544581689082,0.00228215834563
4.35,3.42517358073e-37,1.86470022106e-05,0.000117268277949,0.000542392513429,0.00227307113266
4.351,3.31473921942e-37,1.85735921572e-05,0.000116859784802,0.000541358547041,0.00226885423092
4.352,3.2065515024e-37,1.848415332e-05,0.00011636781829,0.000539855548866,0.00226266788746
4.353,3.09112756485e-37,1.8348137507e-05,0.000115588615043,0.000537030960723,0.00225088086082
4.354,2.98150277388e-37,1.82408078345e-05,0.000115011835234,0.000535067082701,0.00224263590417
4.355,2.87160873083e-37,1.81264801081e-05,0.000114397725971,0.000532920358453,0.00223361947844
4.356,2.7675894494e-37,1.80293461439e-05,0.00011390179955,0.000531288079473,0.0022267292677
4.357,2.66828673126e-37,1.791741731e-05,0.00011332060233,0.000529238315749,0.00221812709909
4.358,2.57163340886e-37,1.78258458586e-05,0.000112871957825,0.000527822520126,0.00221206497061
4.359,2.47050778749e-37,1.76864746855e-05,0.000112137003511,0.000524994694933,0.00220018542968
4.36,2.37740543853e-37,1.75977282185e-05,0.000111729413975,0.00052366099065,0.0021945070973
4.361,2.31605911774e-37,1.76502368491e-05,0.000112143105651,0.000525701578043,0.00220271764384
4.362,2.29054505544e-37,1.78488312105e-05,0.000113424109882,0.00053138358334,0.00222593163207
4.363,2.27289413908e-37,1.80938935898e-05,0.000114996950782,0.00053832682541,0.00225436494782
4.364,2.25430834373e-37,1.83269267217e-05,0.000116479082975,0.000544779871731,0.00228072619621
4.365,2.24311558824e-37,1.85986788331e-05,0.000118203850969,0.000552362969107,0.00231171042283
4.366,2.23536715858e-37,1.88915784579e-05,0.000120068781219,0.000560522315699,0.00234514257682
4.367,2.22608252126e-37,1.91840991026e-05,0.000121916557743,0.000568591646428,0.00237812959284
4.368,2.21878245291e-37,1.94749110197e-05,0.000123759297174,0.000576586841119,0.00241075594649
4.369,2.21147804694e-37,1.97548033581e-05,0.000125523924468,0.000584164413793,0.00244171968992
4.37,2.20093706886e-37,2.00186058083e-05,0.000127184469072,0.000591267944967,0.00247065465962
4.371,2.19223363445e-37,2.03023960657e-05,0.000128972753248,0.000598930566222,0.00250185606956
4.372,2.18705218246e-37,2.06035091586e-05,0.000130872876408,0.000607059017565,0.00253501576634
4.373,2.18615375966e-37,2.09372991294e-05,0.000132974133422,0.000616140714372,0.00257209770561
4.374,2.1812721319e-37,2.1247266814e-05,0.0001349348905,0.000624577806324,0.00260644767218
4.375,2.18049497332e-37,2.1604919991e-05,0.000137196283212,0.000634303194854,0.00264624224643
4.376,2.17783196373e-37,2.19225201235e-05,0.000139204969662,0.000642878305235,0.00268128626141
4.377,2.16552456506e-37,2.21561463419e-05,0.000140666194461,0.00064892259545,0.00270567813592
4.378,2.11824138467e-37,2.20408436211e-05,0.000139905532782,0.000644602628332,0.00268675622141
4.379,2.07055632577e-37,2.18911417769e-05,0.000138933727719,0.000639307092467,0.00266386711871
4.38,2.02946777852e-37,2.18133814378e-05,0.000138419874693,0.000636165524898,0.00264984077191
4.381,1.98555177814e-37,2.17075712706e-05,0.000137724613687,0.000632185921794,0.00263259314308
4.382,1.94966556255e-37,2.16568251618e-05,0.00013738585847,0.000629844504275,0.00262332995203
4.383,1.90329178848e-37,2.15192107267e-05,0.000136493029581,0.000624977334181,0.00260508556186
4.384,1.86621070753e-37,2.14712407355e-05,0.000136164628058,0.000622682401856,0.00259793217571
4.385,1.82369314664e-37,2.13646395592e-05,0.000135469809214,0.000618754492379,0.00258399403818
4.386,1.78017254691e-37,2.12470288704e-05,0.000134709149191,0.000614511756813,0.00256859757787
4.387,1.7393417915e-37,2.11310634698e-05,0.000133952648151,0.000610428431814,0.00255362846509
4.388,1.70096530307e-37,2.10485912268e-05,0.000133406621106,0.000607481582797,0.00254289058219
4.389,1.66403137107e-37,2.09735479933e-05,0.000132914866025,0.000604931964567,0.00253344948541
4.39,1.62771072778e-37,2.09041972108e-05,0.000132455354877,0.000602635941786,0.00252494764268
4.391,1.58964854381e-37,2.08015488643e-05,0.000131787089547,0.000599501412981,0.0025127564867
4.392,1.55340585711e-37,2.07137652938e-05,0.000131208434616,0.000596997391692,0.00250254826234
4.393,1.51397669173e-37,2.06164453387e-05,0.000130575220258,0.000594440027378,0.00249157534171
4.394,1.47348807741e-37,2.04853713315e-05,0.000129721932925,0.000591004255365,0.00247666258825
4.395,1.4344778811e-37,2.03413064649e-05,0.000128785134017,0.00058732727006,0.00246045613126
4.396,1.40042668845e-37,2.02514489583e-05,0.000128197088194,0.000585283918713,0.00245109968971
4.397,1.36464456738e-37,2.01456382836e-05,0.000127502335263,0.000582800530795,0.00244008510026
4.398,1.32986916044e-37,2.00258722565e-05,0.000126724056462,0.000579964294195,0.00242758376225
4.399,1.29459077117e-37,1.98886971816e-05,0.000125828459062,0.000576669429558,0.0024132014237
4.4,1.25896836513e-37,1.9773680434e-05,0.000125077859074,0.000574109235353,0.00240163037179
4.401,1.22448808163e-37,1.96627294063e-05,0.000124356138611,0.000571642212153,0.00239058808734
4.402,1.19258707106e-37,1.957809516e-05,0.000123796923855,0.000569962280091,0.00238287620343
4.403,1.16173466777e-37,1.94853563121e-05,0.000123191262978,0.000568105237475,0.00237447529586
4.404,1.12793780359e-37,1.93650256737e-05,0.000122413049665,0.000565429775129,0.0023627251982
4.405,1.09484364852e-37,1.92527205639e-05,0.000121689536103,0.000562985037868,0.00235213781959
4.406,1.06356612144e-37,1.91496382636e-05,0.000121027206206,0.000560823841808,0.00234281268633
4.407,1.03379218525e-37,1.90299526037e-05,0.000120251213527,0.000558155153457,0.002331395765
4.408,1.02653434179e-37,1.92463235668e-05,0.000121606335279,0.000564163521639,0.00235584947172
4.409,1.02247101271e-37,1.95255641244e-05,0.000123352853833,0.000571895559967,0.00238744094968
4.41,1.01779869323e-37,1.9768422028e-05,0.000124871725304,0.000578518285674,0.00241437208198
4.411,1.01493929004e-37,2.00529171139e-05,0.000126657945939,0.000586327334139,0.00244626017577
4.412,1.01225726626e-37,2.03412412588e-05,0.000128469383527,0.000594179353732,0.00247832659824
4.413,1.00809483404e-37,2.06092764994e-05,0.000130152193586,0.000601433661423,0.00250777374781
4.414,1.00541071582e-37,2.09205816379e-05,0.000132107075955,0.00060985838684,0.00254219088747
4.415,1.00267012334e-37,2.12254173879e-05,0.000134024505726,0.000618107528296,0.00257579259077
4.416,9.98487192307e-38,2.15164874784e-05,0.000135853778901,0.00062591620718,0.00260752261912
4.417,9.93924355907e-38,2.17812206845e-05,0.000137509834485,0.000632923374793,0.00263592343687
4.418,9.76651647423e-38,2.1730674728e-05,0.000137181475948,0.000630611604586,0.00262545965272
4.419,9.55375473927e-38,2.16580166889e-05,0.000136714907503,0.000627640558804,0.00261228643666
4.42,9.32688564191e-38,2.15181124739e-05,0.000135818286235,0.000622749296796,0.00259108866392
4.421,9.1287740384e-38,2.14294180249e-05,0.000135245228721,0.000619358963779,0.00257612929083
4.422,8.95074970203e-38,2.13618016225e-05,0.000134804028429,0.000616586276282,0.00256394699392
4.423,8.7511665437e-38,2.12629194162e-05,0.000134167336669,0.000612890429307,0.00254871658092
4.424,8.55356967407e-38,2.11629642108e-05,0.000133522528346,0.000609187555237,0.00253407586499
4.425,8.36981847359e-38,2.10892290852e-05,0.000133047765227,0.00060628274611,0.00252364058799
4.426,8.16817912225e-38,2.09692918382e-05,0.000132281472729,0.00060203562796,0.00250821759181
4.427,8.00055932555e-38,2.09268580429e-05,0.000132003067855,0.0006000455597,0.00250223119874
4.428,7.82960118614e-38,2.08601401207e-05,0.000131571039612,0.000597381847873,0.00249341002246
4.429,7.64355969212e-38,2.0756918091e-05,0.000130908263027,0.000593688126724,0.0024802248859
4.43,7.45817360911e-38,2.06637142855e-05,0.00013030715523,0.000590307288369,0.00246824429717
4.431,7.28383237102e-38,2.05691204376e-05,0.000129699859899,0.000586935867945,0.00245634641006
4.432,7.10075841711e-38,2.04359410387e-05,0.000128848692602,0.000582589867244,0.00244001127962
4.433,6.92557030201e-38,2.03460654979e-05,0.000128274852648,0.000579640833318,0.00242923276063
4.434,6.75314961628e-38,2.02451279114e-05,0.000127626356452,0.000576516395843,0.00241733053776
4.435,6.58661088247e-38,2.01679695016e-05,0.000127130928725,0.000574184523326,0.0024085051126
4.436,6.41695832729e-38,2.00801733618e-05,0.00012656689144,0.00057162484864,0.00239850210482
4.437,6.24252875384e-38,1.99686957993e-05,0.000125857206556,0.000568465188572,0.00238587615303
4.438,6.06458701849e-38,1.98056999699e-05,0.000124818596553,0.000563926900265,0.00236722594085
4.439,5.91042073256e-38,1.97198401635e-05,0.00012426150526,0.000561669922,0.00235791111883
4.44,5.76556392975e-38,1.96649078418e-05,0.000123902897523,0.000560320175001,0.0023523937893
4.441,5.67028115428e-38,1.9708849879e-05,0.00012417112439,0.000561486290411,0.0023571648031
4.442,5.62881826258e-38,1.99280574108e-05,0.000125545131207,0.000567241566128,0.00238088738804
4.443,5.60566837568e-38,2.01656824679e-05,0.000127036305759,0.000573517660695,0.00240664911525
4.444,5.56854059145e-38,2.03886773924e-05,0.000128435065626,0.000579342889907,0.00243047445321
4.445,5.55499121852e-38,2.06787341597e-05,0.000130254169411,0.000587072668657,0.00246216646575
4.446,5.54263929483e-38,2.10016133092e-05,0.000132282066647,0.000595676615022,0.00249753814661
4.447,5.52096190082e-38,2.12719384847e-05,0.000133973126919,0.000602765885712,0.00252654626156
4.448,5.50519256634e-38,2.15394828657e-05,0.000135648019034,0.000609806073483,0.00255524597726
4.449,5.42932483424e-38,2.15976050626e-05,0.000136009891395,0.000610844946547,0.00255862653917
4.45,5.3340279743e-38,2.15795377805e-05,0.000135886826867,0.000609676378844,0.00255268491654
4.451,5.22940603353e-38,2.15114129726e-05,0.000135452195179,0.000607103414961,0.00254089541035
4.452,5.12696535457e-38,2.14467168746e-05,0.00013503661241,0.000604632802131,0.00252946548936
4.453,5.01898977929e-38,2.13622547707e-05,0.000134497680973,0.00060161854373,0.00251587532638
4.454,4.9067410566e-38,2.12734877393e-05,0.000133930475234,0.000598457766065,0.00250192532805
4.455,4.79016498184e-38,2.11474174124e-05,0.000133128111425,0.000594273415436,0.00248405536474
4.456,4.67967445069e-38,2.10459188386e-05,0.000132479328645,0.000590787113087,0.00246968876408
4.457,4.57052757023e-38,2.09399384047e-05,0.000131803280732,0.000587171159268,0.00245553575306
4.458,4.47372549793e-38,2.08517873524e-05,0.000131238758176,0.000584064715167,0.0024440537458
4.459,4.38195577917e-38,2.07962695917e-05,0.000130883376882,0.000581880328714,0.00243689876077
4.46,4.27929832273e-38,2.07115124466e-05,0.000130341322641,0.000578913474441,0.00242649760671
4.461,4.18607689768e-38,2.0630415523e-05,0.000129821993349,0.0005760491701,0.00241655615089
4.462,4.08998967665e-38,2.0537988246e-05,0.000129231675939,0.000572912048684,0.00240537601554
4.463,3.99205391278e-38,2.0452426794e-05,0.000128682759673,0.000570006391559,0.00239502694982
4.464,3.89311666395e-38,2.0359172196e-05,0.000128086818867,0.000566919438466,0.00238390321562
4.465,3.80822535902e-38,2.03086269224e-05,0.000127759387706,0.000565077718811,0.00237786629637
4.466,3.71486597474e-38,2.02097846759e-05,0.000127130220361,0.000561994290746,0.00236640829038
4.467,3.63071280118e-38,2.01577634318e-05,0.000126793950692,0.000560267127661,0.00236052850345
4.468,3.54211087696e-38,2.00883449996e-05,0.00012634745138,0.00055815473088,0.00235279896815
4.469,3.45676272961e-38,2.00241865529e-05,0.000125935712901,0.000556266690566,0.00234576935265
4.47,3.36992675919e-38,1.99663539863e-05,0.000125565086514,0.000554627099132,0.00233969493992
4.471,3.2841557476e-38,1.98919109023e-05,0.000125088551172,0.000552541016109,0.00233167274378
4.472,3.19491699941e-38,1.97692769196e-05,0.000124308078153,0.000549190114213,0.00231810380187
4.473,3.11508010325e-38,1.97103808236e-05,0.000123930080542,0.000547711238263,0.00231221216993
4.474,3.03645664274e-38,1.96577921421e-05,0.000123590522214,0.000546436932782,0.00230714699111
4.475,2.94781856786e-38,1.95363177094e-05,0.000122818710745,0.000543286003119,0.00229417769446
4.476,2.87308537576e-38,1.94818459254e-05,0.000122467717346,0.000542060528512,0.00228922846389
4.477,2.79758272239e-38,1.94205639417e-05,0.000122074926252,0.000540718512301,0.00228353709187
4.478,2.72325222388e-38,1.93461692789e-05,0.000121599839849,0.000539057745615,0.00227638415073
4.479,2.64258293975e-38,1.92292672836e-05,0.000120852628508,0.000536264647883,0.00226442716889
4.48,2.56279017276e-38,1.90956451718e-05,0.000120004119191,0.000533050804153,0.00225069048513
4.481,2.47501119541e-38,1.89539577615e-05,0.000119104217986,0.000529599735888,0.00223606775166
4.482,2.40388575579e-38,1.88746033869e-05,0.000118595763145,0.000528002561167,0.00222907387005
4.483,2.32989273163e-38,1.87549350058e-05,0.000117837534077,0.000525308587053,0.0022173088823
4.484,2.25737429333e-38,1.8645746167e-05,0.000117150965017,0.000522984461325,0.00220693382171
4.485,2.18330311034e-38,1.853279185e-05,0.0001164386161,0.000520569574862,0.0021960804099
4.486,2.10922099722e-38,1.8399083538e-05,0.000115600007649,0.000517590421317,0.00218280438041
4.487,2.04187443573e-38,1.83130822301e-05,0.000115062830871,0.000515972075481,0.00217529649576
4.488,1.97526923528e-38,1.82285140082e-05,0.000114538145504,0.000514420125437,0.0021680632213
4.489,1.91936948841e-38,1.81924560548e-05,0.000114314310353,0.000514057193565,0.00216587041266
4.49,1.90743173986e-38,1.84327084073e-05,0.000115818990006,0.000520639806593,0.00219281682869
4.491,1.89594435603e-38,1.86851235834e-05,0.000117403183737,0.000527490587789,0.00222088123525
4.492,1.88835908838e-38,1.8958013745e-05,0.000119112179672,0.00053484399634,0.002251061117
4.493,1.88150838653e-38,1.92412059722e-05,0.000120888266778,0.0005424771988,0.00228231000363
4.494,1.87386862525e-38,1.95147852748e-05,0.000122602033982,0.000549784269422,0.0023122239594
4.495,1.86922576634e-38,1.9811197068e-05,0.000124458839186,0.000557715815992,0.00234471098225
4.496,1.86497228244e-38,2.01328375533e-05,0.00012647191598,0.000566306538042,0.0023799414335
4.497,1.85794407896e-38,2.04247769243e-05,0.000128302816469,0.000574047830864,0.00241158169448
4.498,1.85059799366e-38,2.06959979708e-05,0.000130002521308,0.000581183298514,0.00244067966823
4.499,1.8443763427e-38,2.09864491167e-05,0.000131821101886,0.000588800300332,0.00247184237911
4.5,1.8406745725e-38,2.13098881206e-05,0.000133844538092,0.000597355877632,0.00250688835626
4.501,1.83627814959e-38,2.16134947369e-05,0.000135745692445,0.000605373714518,0.00253961304232
4.502,1.83081914192e-38,2.18945367203e-05,0.000137505444648,0.000612717167695,0.00256954706597
4.503,1.80093979956e-38,2.1886501825e-05,0.000137450102873,0.000611899601562,0.00256518483295
4.504,1.76760350086e-38,2.18860364199e-05,0.000137443697406,0.000611243925548,0.00256145740439
4.505,1.73132750818e-38,2.17909578301e-05,0.000136840212053,0.000607975492175,0.00254675765177
4.506,1.69566423604e-38,2.17360260617e-05,0.000136488263646,0.000605821943422,0.00253679929898
4.507,1.66254152176e-38,2.16676615155e-05,0.000136052413834,0.000603334437489,0.00252553863865
4.508,1.62395493937e-38,2.15487871379e-05,0.000135301146821,0.000599421602838,0.00250916430922
4.509,1.59099223133e-38,2.14649393624e-05,0.000134768994403,0.000596498398569,0.00249827023495
4.51,1.55161293518e-38,2.13449509864e-05,0.000134009705425,0.000592559726508,0.00248379139044
4.511,1.51817820783e-38,2.126455412e-05,0.00013349950883,0.000589731139162,0.00247399444342
4.512,1.48719601261e-38,2.12076967154e-05,0.00013313569004,0.000587564871471,0.00246693841818
4.513,1.45653924925e-38,2.11625254731e-05,0.00013284809562,0.000585791014181,0.0024614556317
4.514,1.42162056939e-38,2.10675463976e-05,0.000132247125202,0.000582703582646,0.00245031973607
4.515,1.38849021456e-38,2.09555854753e-05,0.000131538525636,0.000579180039443,0.00243726151786
4.516,1.35506672163e-38,2.0873300798e-05,0.000131016017071,0.000576521322785,0.00242769217881
4.517,1.3238896127e-38,2.07860029553e-05,0.000130461484688,0.000573863872606,0.00241776694557
4.518,1.28993676841e-38,2.06542092496e-05,0.000129627057596,0.000570137444366,0.00240295334696
4.519,1.2550876783e-38,2.05084577152e-05,0.000128707212366,0.000566201074322,0.00238695421493
4.52,1.22585109518e-38,2.04189022671e-05,0.000128137679557,0.000563888230069,0.00237769708473
4.521,1.19827468924e-38,2.03800022923e-05,0.000127887848021,0.000563087649566,0.00237450216105
4.522,1.16987927277e-38,2.0294539559e-05,0.000127346935307,0.000561165769423,0.00236625639565
4.523,1.13880483535e-38,2.01555220259e-05,0.000126468197643,0.000557884946933,0.00235192727647
4.524,1.10806147151e-38,2.00447595198e-05,0.000125769576621,0.000555454429623,0.00234106362721
4.525,1.08086703435e-38,1.99814772285e-05,0.000125366041178,0.000554383117893,0.00233601031446
4.526,1.05488625249e-38,1.99040469285e-05,0.000124873913526,0.000552952253745,0.00232940714049
4.527,1.02618435748e-38,1.98233182394e-05,0.000124360401698,0.000551451624643,0.00232253419504
4.528,9.96669642148e-39,1.97117486321e-05,0.000123654940091,0.000549130139865,0.00231227640816
4.529,9.70396140901e-39,1.96190486157e-05,0.000123067657342,0.000547401653276,0.00230441430377
4.53,9.42034309254e-39,1.95168280029e-05,0.00012242067252,0.0005453447055,0.00229533290944
4.531,9.14487937487e-39,1.94015795393e-05,0.000121691754906,0.000542983215919,0.00228483331753
4.532,8.8749441628e-39,1.92888495842e-05,0.000120978963694,0.000540729774551,0.00227471233321
4.533,8.59641492795e-39,1.91462746766e-05,0.000120078908409,0.000537633006501,0.00226117830625
4.534,8.3330223727e-39,1.90197685758e-05,0.00011928564145,0.000535046247884,0.00224978510475
4.535,8.09007567653e-39,1.89347137377e-05,0.000118751923409,0.000533609585902,0.00224334377555
4.536,7.83472445145e-39,1.88222625748e-05,0.000118047083602,0.000531405558369,0.00223374126661
4.537,7.59112860633e-39,1.87326029562e-05,0.000117493353756,0.000529844907701,0.00222689526463
4.538,7.3657622879e-39,1.86450247487e-05,0.000116957854679,0.000528403341821,0.00222052492022
4.539,7.14614018232e-39,1.85632694614e-05,0.000116464656552,0.000527172269421,0.0022149941525
4.54,6.9223658126e-39,1.84616278838e-05,0.000115851664999,0.000525352006287,0.00220702467364
4.541,6.70698729455e-39,1.83895644971e-05,0.000115423124923,0.000524376228633,0.00220261826566
4.542,6.49045789992e-39,1.83001833209e-05,0.000114887185579,0.000522930135257,0.00219630211957
4.543,6.28204946295e-39,1.82550408115e-05,0.000114628484088,0.000522716269221,0.00219529750926
4.544,6.07244270212e-39,1.81811442422e-05,0.000114191331268,0.000521673648431,0.00219081409319
4.545,5.86414321807e-39,1.80845480012e-05,0.000113620608854,0.000519994054702,0.00218365120877
4.546,5.66060811198e-39,1.79721107352e-05,0.000112952808415,0.000517917302614,0.00217475406093
4.547,5.4510128631e-39,1.78573294026e-05,0.00011227255161,0.000515754307862,0.00216546081913
4.548,5.26003466007e-39,1.77823733266e-05,0.000111857697213,0.000514750107222,0.0021611075694
4.549,5.06271232142e-39,1.76754634368e-05,0.000111246798783,0.000512808232164,0.00215281878079
4.55,4.86225044929e-39,1.7566233602e-05,0.000110629232705,0.000510806845093,0.00214435984466
4.551,4.67324999659e-39,1.74647038385e-05,0.000110066082681,0.00050907655348,0.00213690801382
4.552,4.49703630367e-39,1.74204415883e-05,0.000109881735028,0.000509020887688,0.00213651718719
4.553,4.31674112041e-39,1.73210748912e-05,0.000109359032156,0.000507341156663,0.00212927640857
4.554,4.14597985874e-39,1.72161911208e-05,0.000108816523062,0.000505568498229,0.00212163975594
4.555,3.99904138681e-39,1.71855599582e-05,0.000108745154644,0.000505723663543,0.00212205895601
4.556,3.95023415303e-39,1.73941626735e-05,0.000110081024237,0.000511698622032,0.00214645241884
4.557,3.91395991684e-39,1.76428326961e-05,0.000111658316812,0.000518718994717,0.00217527622696
4.558,3.87651050624e-39,1.78678330317e-05,0.000113084735459,0.000524967642333,0.00220075526788
4.559,3.86003045829e-39,1.81583201829e-05,0.000114926221827,0.00053309566191,0.00223405992082
4.56,3.84150783673e-39,1.84232187209e-05,0.000116596746577,0.000540407815924,0.00226388615122
4.561,3.82352139929e-39,1.87005825466e-05,0.000118351757122,0.000548047197984,0.00229509956462
4.562,3.80783842004e-39,1.8983053827e-05,0.000120135599602,0.000555778550635,0.00232668122694
4.563,3.79806793565e-39,1.92786765923e-05,0.000122001025306,0.000563845520372,0.00235960540801
4.564,3.7896514878e-39,1.95854966791e-05,0.000123931686088,0.000572156145908,0.00239361153793
4.565,3.78272460215e-39,1.98860287517e-05,0.000125829204473,0.000580304379959,0.00242690186574
4.566,3.779539373e-39,2.01860426425e-05,0.000127721517877,0.000588445267024,0.00246011799644
4.567,3.7696377504e-39,2.04736021152e-05,0.000129527302177,0.000596147182552,0.00249152015398
4.568,3.76242220118e-39,2.07708195299e-05,0.000131398783709,0.000604150082193,0.00252411671289
4.569,3.7567182291e-39,2.10819588266e-05,0.000133354859556,0.00061248744181,0.00255815917771
4.57,3.75364087102e-39,2.14180301033e-05,0.00013546274043,0.000621537618645,0.00259512198976
4.571,3.74674107141e-39,2.17547091763e-05,0.000137577025169,0.000630584718723,0.00263201624801
4.572,3.74244276585e-39,2.2077566786e-05,0.000139607282571,0.000639211089572,0.00266725430771
4.573,3.69299022587e-39,2.21477290008e-05,0.000140042140196,0.000640433050747,0.00267151179452
4.574,3.61451204276e-39,2.20202660283e-05,0.000139220214641,0.000635935668895,0.00265186171187
4.575,3.55003545656e-39,2.20037673139e-05,0.000139104013697,0.00063462363932,0.00264550021206
4.576,3.47035499495e-39,2.18849868951e-05,0.000138343093068,0.00063042423508,0.00262707463715
4.577,3.39323194225e-39,2.17784255664e-05,0.000137661410797,0.000626549631063,0.0026107363244
4.578,3.3243711471e-39,2.16987053268e-05,0.000137151412069,0.000623475192378,0.00259917523407
4.579,3.26045913237e-39,2.16222264948e-05,0.000136654916409,0.000620495288895,0.00258888202729
4.58,3.18441461912e-39,2.15010179448e-05,0.00013586951672,0.000616249905123,0.00257340363655
4.581,3.10938732355e-39,2.13973831758e-05,0.000135201077986,0.000612509147968,0.00256001801673
4.582,3.04613758295e-39,2.1338048961e-05,0.000134810039972,0.000610119921358,0.00255196518165
4.583,2.97449157834e-39,2.12195460561e-05,0.000134049022543,0.000606142102256,0.00253723136071
4.584,2.90055629384e-39,2.11023008979e-05,0.000133294341735,0.000602299782936,0.00252262608032
4.585,2.82986115965e-39,2.0996578706e-05,0.000132608875348,0.000598977677877,0.00250969904318
4.586,2.76924175854e-39,2.0909718774e-05,0.000132044373148,0.000596389916848,0.0024993770461
4.587,2.70752782521e-39,2.08222775434e-05,0.000131479509204,0.000593917933962,0.00248941233987
4.588,2.64259968982e-39,2.07325398487e-05,0.000130898727863,0.000591478367111,0.00247947161528
4.589,2.5714300419e-39,2.05794825922e-05,0.000129919900319,0.00058744799721,0.00246244819674
4.59,2.50727262357e-39,2.0470479316e-05,0.000129213672008,0.000584784700978,0.00245086784959
4.591,2.44435788477e-39,2.03961505803e-05,0.000128722852815,0.000583194871765,0.00244377617298
4.592,2.37624706142e-39,2.02508899983e-05,0.000127791901867,0.000579735170451,0.00242855286277
4.593,2.31933851799e-39,2.01711414702e-05,0.000127273581782,0.000578191828117,0.00242124911604
4.594,2.2601676591e-39,2.00661346279e-05,0.00012659847417,0.000575971561713,0.00241118009871
4.595,2.2043884208e-39,1.99891173617e-05,0.000126101765258,0.000574557110677,0.0024046384399
4.596,2.13935880865e-39,1.9852791394e-05,0.000125228848315,0.000571438088417,0.00239105811621
4.597,2.07955656586e-39,1.973597873e-05,0.00012447721843,0.000568888439053,0.00237992160359
4.598,2.01890289475e-39,1.96177531313e-05,0.000123711770608,0.000566299090548,0.00236865049793
4.599,1.95874549366e-39,1.95101181087e-05,0.000123022705882,0.000564050962854,0.00235879842773
4.6,1.90323064663e-39,1.93963317236e-05,0.000122300151709,0.000561677353393,0.00234847135865
4.601,1.84841312994e-39,1.92781995175e-05,0.00012155520292,0.000559186214192,0.00233774586252
4.602,1.79733515858e-39,1.91788466079e-05,0.000120928286155,0.000557211308465,0.00232934359112
4.603,1.742117374e-39,1.90459328841e-05,0.000120088371392,0.000554275700361,0.00231694767991
4.604,1.68900236967e-39,1.89378477352e-05,0.000119408906634,0.000552063061434,0.00230761180363
4.605,1.63627663685e-39,1.88176593678e-05,0.000118660390206,0.000549521956247,0.00229693703153
4.606,1.58566932282e-39,1.87112639337e-05,0.000118003242014,0.000547390796542,0.00228800413493
4.607,1.54225823648e-39,1.86579466502e-05,0.000117685027047,0.000546856867075,0.00228574767828
4.608,1.49464532272e-39,1.85691551646e-05,0.000117147840374,0.000545265697864,0.00227914790297
4.609,1.44986690487e-39,1.85075387459e-05,0.00011680147728,0.000544478284357,0.00227591610165
4.61,1.40654356424e-39,1.84424717994e-05,0.000116439005452,0.000543620721403,0.00227241914406
4.611,1.36388674257e-39,1.83715600945e-05,0.000116038271309,0.000542614482436,0.00226837265175
4.612,1.33447008171e-39,1.84154853853e-05,0.000116332822557,0.000544316089245,0.00227529173698
4.613,1.32289228166e-39,1.86365693596e-05,0.000117731927068,0.000550548775383,0.00230077854338
4.614,1.31479072006e-39,1.88866541629e-05,0.00011930476045,0.000557533683545,0.00232929215788
4.615,1.3105046076e-39,1.92051676331e-05,0.000121310863874,0.000566469437078,0.00236595067352
4.616,1.30981090685e-39,1.95362325154e-05,0.000123390854831,0.000575671126333,0.00240369643267
4.617,1.30552736584e-39,1.97920911964e-05,0.000124999019048,0.000582637931539,0.00243206704684
4.618,1.30249194469e-39,2.0072859238e-05,0.000126763864351,0.000590270198816,0.00246328543235
4.619,1.30043290213e-39,2.03886124008e-05,0.000128742900562,0.000598900329741,0.00249853613294
4.62,1.29946561885e-39,2.07226406496e-05,0.000130841097551,0.000608048289195,0.00253587436699
4.621,1.29413719561e-39,2.09897018166e-05,0.000132522107896,0.000615206480381,0.0025649604492
4.622,1.28900815208e-39,2.12784333669e-05,0.000134332353783,0.000622993102516,0.00259657418835
4.623,1.28515436165e-39,2.15727576392e-05,0.000136177100763,0.000630905672977,0.00262876270587
4.624,1.28287966582e-39,2.18848617121e-05,0.000138132556233,0.000639298038626,0.00266288602523
4.625,1.27060364659e-39,2.2006175139e-05,0.000138883865646,0.000642051594804,0.00267354023792
4.626,1.24645939577e-39,2.19452950858e-05,0.000138487922629,0.000639383580773,0.00266153935863
4.627,1.21765268295e-39,2.17912713064e-05,0.000137502967422,0.000634034301923,0.00263842370306
4.628,1.19693369482e-39,2.17704473005e-05,0.000137354732618,0.000632562969457,0.00263144910086
4.629,1.169375218e-39,2.16450774396e-05,0.000136552619456,0.000628050424777,0.00261208126891
4.63,1.14515676632e-39,2.15549591864e-05,0.000135970299384,0.00062458346401,0.00259754277699
4.631,1.12139206251e-39,2.14880969486e-05,0.000135537710817,0.000621812189756,0.00258733892738
4.632,1.09424390097e-39,2.13648718358e-05,0.0001347504293,0.000617402287805,0.0025712418429
4.633,1.07200443475e-39,2.12913010934e-05,0.000134272855149,0.000614431327045,0.00256121754922
4.634,1.04906190462e-39,2.12145988748e-05,0.000133779180461,0.000611422448002,0.0025508716343
4.635,1.02523709723e-39,2.11334173983e-05,0.000133253704786,0.000608305843202,0.00254001529229
4.636,1.00133230242e-39,2.10150999507e-05,0.000132492915718,0.000604197049573,0.00252487045024
4.637,9.78598265087e-40,2.09365748691e-05,0.000131986486695,0.000601270401897,0.00251464828944
4.638,9.56395204224e-40,2.08353536488e-05,0.000131333353203,0.000597831854273,0.00250204471934
4.639,9.34715549836e-40,2.0749584818e-05,0.000130782287685,0.000594981651558,0.0024914324106
4.64,9.1269727447e-40,2.06541591059e-05,0.000130168772058,0.000592039814046,0.00248000588689
4.641,8.89685559785e-40,2.05519549409e-05,0.000129510400007,0.000589039977368,0.00246817198007
4.642,8.66900491886e-40,2.04016546541e-05,0.000128549215378,0.000584776738884,0.00245076504026
4.643,8.43974484092e-40,2.02700557319e-05,0.00012770869047,0.000581184720354,0.00243585681888
4.644,8.22771071293e-40,2.01513490989e-05,0.00012695110561,0.000578064820503,0.00242274255734
4.645,8.02133962558e-40,2.00551141656e-05,0.000126336217078,0.000575678381371,0.00241261723535
4.646,7.8241809054e-40,1.99788326419e-05,0.000125842217259,0.000573988666517,0.00240499551831
4.647,7.63517497121e-40,1.99315320816e-05,0.000125533870618,0.000573187553977,0.00240098806791
4.648,7.48900474757e-40,1.99360566049e-05,0.000125550589732,0.000573513888626,0.00240166556385
4.649,7.44878702014e-40,2.01579504216e-05,0.000126943022782,0.000579424067228,0.00242589811091
4.65,7.40615326042e-40,2.03967361738e-05,0.00012843579402,0.000585800182065,0.00245191929598
4.651,7.39026238285e-40,2.06725790667e-05,0.000130167064238,0.000593207525684,0.00248223944694
4.652,7.36154215006e-40,2.09529942148e-05,0.000131923966397,0.000600704578471,0.00251289591163
4.653,7.35126726719e-40,2.12630241096e-05,0.000133868607731,0.00060901780397,0.00254693371832
4.654,7.33651169497e-40,2.15676801164e-05,0.000135780610684,0.000617176084404,0.00258028130729
4.655,7.3310622498e-40,2.1906762565e-05,0.000137909204448,0.000626276959702,0.00261755264338
4.656,7.22258435255e-40,2.19348608978e-05,0.000138071311185,0.000626359751734,0.00261700687921
4.657,7.08652700122e-40,2.18697192057e-05,0.00013765178474,0.000623782365351,0.0026052319121
4.658,6.93793372969e-40,2.17935771999e-05,0.000137161624801,0.000620869024203,0.00259210870171
4.659,6.79895131114e-40,2.16989300633e-05,0.000136559346034,0.000617441566101,0.00257688290242
4.66,6.64968554713e-40,2.16088768712e-05,0.000135987626726,0.000614181204068,0.00256240639314
4.661,6.51495654797e-40,2.15399553497e-05,0.000135547022624,0.000611516124059,0.00255071696728
4.662,6.37910747929e-40,2.14761587311e-05,0.000135139467386,0.000608972048863,0.00253981427941
4.663,6.25343093901e-40,2.14328200048e-05,0.000134858070457,0.000607031181143,0.00253206008785
4.664,6.1191464211e-40,2.13468562325e-05,0.000134309698917,0.000603870337145,0.00251994863931
4.665,5.9870338414e-40,2.12461957053e-05,0.000133669093647,0.000600330511943,0.00250698219701
4.666,5.85585154726e-40,2.11690506928e-05,0.000133176089652,0.000597465684592,0.002497063151
4.667,5.70267698001e-40,2.10299997255e-05,0.000132293539004,0.00059285763886,0.00247992256266
4.668,5.56771419622e-40,2.09003421009e-05,0.000131472298382,0.000588613419888,0.00246409005889
4.669,5.44792249415e-40,2.08322736939e-05,0.00013103737676,0.000586107339316,0.00245555868576
4.67,5.32789048227e-40,2.07697687194e-05,0.000130635063248,0.000583798531707,0.00244782882834
4.671,5.20804437048e-40,2.06771958955e-05,0.000130044324119,0.000580684709917,0.00243663559383
4.672,5.08858738636e-40,2.06013301642e-05,0.000129556356665,0.000578078893799,0.00242751088866
4.673,4.9604924595e-40,2.05001575262e-05,0.000128912516543,0.000574818336517,0.00241560832818
4.674,4.844370922e-40,2.04305867971e-05,0.000128462848981,0.00057249137442,0.0024075327808
4.675,4.70807306523e-40,2.02784773836e-05,0.000127494926895,0.000567901016279,0.00238983981679
4.676,4.59076007855e-40,2.01898451334e-05,0.000126931766522,0.000565202201396,0.00238000388963
4.677,4.47462298601e-40,2.01043259998e-05,0.000126385190991,0.000562689986395,0.00237062118222
4.678,4.36318296383e-40,2.00394552772e-05,0.000125968465913,0.000560840800703,0.0023636974817
4.679,4.24862782815e-40,1.99341280217e-05,0.000125296824331,0.000557952101763,0.00235220056804
4.68,4.12922440267e-40,1.98172935579e-05,0.00012455411802,0.000554861398263,0.00233950690282
4.681,4.02070050665e-40,1.97623197778e-05,0.000124200285954,0.000553553123063,0.00233413746321
4.682,3.91346778641e-40,1.96882310854e-05,0.000123725533577,0.000551833158807,0.00232675437417
4.683,3.80444723394e-40,1.95747518719e-05,0.000123000278108,0.000549061740773,0.00231489086707
4.684,3.70055272243e-40,1.95050402599e-05,0.000122555627231,0.000547572174482,0.0023083642637
4.685,3.5938401679e-40,1.93894633148e-05,0.000121823055346,0.000544814454294,0.00229649507289
4.686,3.48931290009e-40,1.92768514299e-05,0.00012110705341,0.000542163258866,0.00228496426074
4.687,3.41762580349e-40,1.93074844091e-05,0.000121290871408,0.000543222439737,0.0022890045251
4.688,3.3972471119e-40,1.95486109916e-05,0.000122798731924,0.000549643442981,0.00231548232331
4.689,3.38319404993e-40,1.98019280937e-05,0.000124383669618,0.000556392611645,0.00234325400364
4.69,3.37303913382e-40,2.01183522606e-05,0.000126365937857,0.00056488715055,0.00237829048816
4.691,3.36206984974e-40,2.03937717829e-05,0.000128089167573,0.0005721638119,0.00240818553045
4.692,3.35584421449e-40,2.06688154291e-05,0.000129811677441,0.000579429727039,0.00243799400741
4.693,3.35014432638e-40,2.09686228933e-05,0.000131690474985,0.000587401191723,0.0024706897027
4.694,3.34101367214e-40,2.12273316156e-05,0.000133310576914,0.000594187079512,0.00249836020057
4.695,3.34209089096e-40,2.15577795925e-05,0.000135380058215,0.000602958019031,0.00253434943829
4.696,3.33656907727e-40,2.18718238633e-05,0.00013734818075,0.000611247958213,0.00256828652956
4.697,3.33391198008e-40,2.22031323555e-05,0.000139423035393,0.000620001550319,0.002604176555
4.698,3.26998089497e-40,2.21578722029e-05,0.000139133065916,0.000618091684765,0.00259510678711
4.699,3.20988490254e-40,2.20923527983e-05,0.00013871400956,0.000615666461702,0.00258387885552
4.7,3.14063948469e-40,2.19711829051e-05,0.000137947517355,0.000611697531476,0.00256617543955
4.701,3.07810900514e-40,2.18865606512e-05,0.000137410489894,0.000608756106964,0.00255278663146
4.702,3.0155371037e-40,2.18112454078e-05,0.000136931417076,0.000606081748106,0.00254076504864
4.703,2.94418901773e-40,2.16771647794e-05,0.000136086274822,0.000601795383808,0.00252255044855
4.704,2.8830224713e-40,2.15963673754e-05,0.00013557202212,0.000598986820659,0.00251134534189
4.705,2.82283311313e-40,2.15241487205e-05,0.000135113597551,0.000596430223234,0.00250219264306
4.706,2.75991921604e-40,2.14062669145e-05,0.000134368819975,0.000592593356509,0.00248814346653
4.707,2.69703943253e-40,2.13013380154e-05,0.000133704819952,0.000589110288879,0.00247560240577
4.708,2.63897185279e-40,2.1225704195e-05,0.000133224374483,0.000586487749349,0.00246652361626
4.709,2.57935568788e-40,2.11479928857e-05,0.000132731121608,0.000583889831109,0.00245741994566
4.71,2.51493929461e-40,2.1035784504e-05,0.000132021493349,0.000580370175811,0.00244437034046
4.711,2.4559970012e-40,2.09285597603e-05,0.000131342994711,0.000577094143848,0.0024321324697
4.712,2.39771094939e-40,2.08309494071e-05,0.000130725215186,0.000574212206982,0.00242125943593
4.713,2.33894898766e-40,2.0737337774e-05,0.000130131773213,0.000571520406945,0.0024109737886
4.714,2.28041496446e-40,2.06363129156e-05,0.000129491432401,0.000568692810204,0.00239996444513
4.715,2.22226331211e-40,2.0531563021e-05,0.000128829856125,0.000565852673232,0.00238883582863
4.716,2.1677008751e-40,2.04345970155e-05,0.000128213419255,0.000563318499055,0.00237878743942
4.717,2.11130331996e-40,2.03584808105e-05,0.000127729008147,0.000561436032926,0.00237129430382
4.718,2.05623949804e-40,2.02451056077e-05,0.00012701328268,0.000558685819817,0.00235978472538
4.719,2.00540182703e-40,2.01726142648e-05,0.00012655342083,0.000557112983861,0.00235311984735
4.72,1.95239861938e-40,2.00688353752e-05,0.000125897902528,0.000554742571668,0.00234295121208
4.721,1.90259448734e-40,1.99991312178e-05,0.000125455268471,0.000553379973811,0.00233694595696
4.722,1.85272929748e-40,1.99022970654e-05,0.000124843420871,0.000551268081646,0.00232789161314
4.723,1.80450008837e-40,1.98314675363e-05,0.000124394788564,0.000549928205943,0.00232199557062
4.724,1.75759289374e-40,1.97709193053e-05,0.000124009201547,0.000548881910278,0.00231721921773
4.725,1.71276642888e-40,1.96971009066e-05,0.000123540779998,0.00054752362034,0.0023111192935
4.726,1.66573047323e-40,1.96315515085e-05,0.000123122830293,0.000546413807124,0.00230608907461
4.727,1.6135499272e-40,1.95104896751e-05,0.000122362280635,0.0005437622009,0.00229446190136
4.728,1.56952532436e-40,1.94609543081e-05,0.000122052617136,0.000543199130221,0.00229149022937
4.729,1.52051759179e-40,1.93433378208e-05,0.000121316397451,0.000540726773356,0.00228049535207
4.73,1.47647495044e-40,1.92579433324e-05,0.000120783458698,0.000539213687142,0.00227346483483
4.731,1.43325279202e-40,1.91729023411e-05,0.000120250750519,0.000537670840529,0.00226647214714
4.732,1.39118508946e-40,1.90926224098e-05,0.00011974919527,0.000536285978375,0.00226016996877
4.733,1.34880181735e-40,1.89919889541e-05,0.000119124017825,0.000534373274777,0.00225160695465
4.734,1.30658029489e-40,1.89051095812e-05,0.000118586955051,0.00053279866257,0.00224470949403
4.735,1.26511300272e-40,1.88207226836e-05,0.00011806588035,0.000531296745099,0.00223816686991
4.736,1.22726734556e-40,1.87715786426e-05,0.00011777392706,0.000530850589131,0.00223601607856
4.737,1.18744249848e-40,1.8680214919e-05,0.000117220244032,0.000529197376908,0.00222884144893
4.738,1.14954158771e-40,1.86058142509e-05,0.000116773627964,0.00052806697773,0.00222380595301
4.739,1.11258963634e-40,1.85199830469e-05,0.000116258730712,0.000526683253217,0.00221763939811
4.74,1.07334472089e-40,1.8406961779e-05,0.000115570034508,0.000524496639979,0.00220807849329
4.741,1.03677603747e-40,1.83074895983e-05,0.000114979778268,0.00052266964048,0.00220017450714
4.742,1.0005797274e-40,1.82029683178e-05,0.000114376592163,0.000520705627497,0.00219166350851
4.743,9.63273046538e-41,1.80986396254e-05,0.000113775522503,0.000518847084024,0.00218334288156
4.744,9.25895383765e-41,1.79818485662e-05,0.000113095177955,0.000516636348607,0.00217354702503
4.745,8.92495690727e-41,1.78850001333e-05,0.000112552358556,0.000514994030005,0.0021661672832
4.746,8.60083472633e-41,1.77934930093e-05,0.000112040656013,0.000513512969333,0.00215938417925
4.747,8.28720453072e-41,1.7715335785e-05,0.000111613757638,0.000512446352876,0.00215439170226
4.748,8.18881005281e-41,1.79318657331e-05,0.000112991045992,0.000518687761823,0.0021798842061
4.749,8.10903083909e-41,1.81471717953e-05,0.000114355761389,0.000524719860524,0.00220445690409
4.75,8.04361654978e-41,1.83849024074e-05,0.000115855599819,0.000531290872717,0.00223127236563
4.751,7.98183441775e-41,1.86153335866e-05,0.000117315471515,0.000537592632812,0.00225700899014
4.752,7.93281195453e-41,1.88492283568e-05,0.000118788192698,0.000543926289641,0.00228277170437
4.753,7.89894726967e-41,1.91587419293e-05,0.000120731668778,0.000552410270025,0.00231750856805
4.754,7.8688762794e-41,1.9460040763e-05,0.000122624478361,0.000560605469413,0.00235103166309
4.755,7.84270083868e-41,1.97633305802e-05,0.000124526366934,0.000568726349315,0.00238430194578
4.756,7.80177405275e-41,2.00039776658e-05,0.00012603649045,0.000575103055016,0.00241020388608
4.757,7.79498487891e-41,2.03184556262e-05,0.000128010397508,0.000583571830846,0.00244484773159
4.758,7.77376397303e-41,2.06076556213e-05,0.000129825984655,0.000591302489667,0.00247636557448
4.759,7.74231918827e-41,2.0874844651e-05,0.000131495713668,0.000598294241625,0.00250487077829
4.76,7.72881344281e-41,2.11649020291e-05,0.000133320631812,0.000606013903893,0.00253635456438
4.761,7.73263087145e-41,2.15169588792e-05,0.000135533639824,0.000615518347718,0.00257520837346
4.762,7.72616054028e-41,2.18516274342e-05,0.000137631938907,0.000624439239193,0.00261169300455
4.763,7.71711794465e-41,2.22090853522e-05,0.000139871806954,0.000633984646514,0.00265073168947
4.764,7.66030110232e-41,2.23994722864e-05,0.000141061173384,0.000638751171549,0.00266983410297
4.765,7.50149979393e-41,2.22793647359e-05,0.000140297948415,0.000634547241721,0.00265140349786
4.766,7.34759289916e-41,2.21956249663e-05,0.000139758200367,0.000631466981253,0.00263757573434
4.767,7.19794930245e-41,2.20855505694e-05,0.000139050924501,0.000627573359818,0.00262043166032
4.768,7.06183765395e-41,2.20332904896e-05,0.000138711213669,0.000625315782599,0.00261048938078
4.769,6.92276714015e-41,2.19408501858e-05,0.000138121570743,0.000622004740875,0.00259698204943
4.77,6.78551161969e-41,2.186265121e-05,0.000137620144886,0.000619053627936,0.0025865454252
4.771,6.64642194639e-41,2.17754422312e-05,0.000137064841217,0.000615878728644,0.00257555696751
4.772,6.49163943355e-41,2.16611317786e-05,0.000136336378571,0.000611971828205,0.00256134834954
4.773,6.35206482386e-41,2.15610142724e-05,0.000135699491676,0.000608530172699,0.0025490009249
4.774,6.21105051961e-41,2.14819466628e-05,0.000135190463531,0.00060574691395,0.00253927638423
4.775,6.07606014519e-41,2.13939241063e-05,0.00013462507369,0.000602732210929,0.0025284155432
4.776,5.94572543551e-41,2.13317370038e-05,0.000134222514824,0.000600576100935,0.00252079238765
4.777,5.80698296696e-41,2.1212319892e-05,0.00013346007757,0.000596916464587,0.00250674947647
4.778,5.66448855362e-41,2.10915235717e-05,0.000132690824449,0.000593402159128,0.0024930071583
4.779,5.53674106496e-41,2.10099974136e-05,0.000132170463922,0.000591174228619,0.00248421784436
4.78,5.40408439648e-41,2.09003737898e-05,0.000131466084722,0.000588293148834,0.00247222005395
4.781,5.26514481601e-41,2.07617938389e-05,0.000130584751817,0.000584746785783,0.00245720405576
4.782,5.135339288e-41,2.06584224885e-05,0.000129926974455,0.000582349651974,0.00244675261888
4.783,5.00528083056e-41,2.05461532513e-05,0.000129213495045,0.000579812459166,0.00243546348623
4.784,4.87043779732e-41,2.04062099701e-05,0.000128319779629,0.0005765808585,0.00242096043699
4.785,4.75138710741e-41,2.03171066944e-05,0.000127750554314,0.000574873696804,0.00241274646735
4.786,4.62505150157e-41,2.01981622982e-05,0.00012699322559,0.000572291773825,0.0024011030504
4.787,4.50955434415e-41,2.0106814308e-05,0.00012641024352,0.000570541268387,0.0023930462788
4.788,4.38522550193e-41,1.99686531873e-05,0.00012553240713,0.000567504793497,0.00237960974656
4.789,4.25599476708e-41,1.98347069556e-05,0.000124680912139,0.000564566898323,0.00236674169616
4.79,4.13658140829e-41,1.97154232494e-05,0.000123926041182,0.000562096045762,0.00235590282273
4.791,4.0206347259e-41,1.95991980856e-05,0.000123186086424,0.000559740470378,0.0023456069236
4.792,3.91021935748e-41,1.95108423752e-05,0.00012262090697,0.000558138614782,0.002338536117
4.793,3.80155363769e-41,1.94193937004e-05,0.00012203924101,0.000556470660676,0.00233121164232
4.794,3.69242878764e-41,1.9335947509e-05,0.000121513483596,0.000555023095224,0.00232489827973
4.795,3.58442571253e-41,1.92307598217e-05,0.000120850435813,0.000552989319166,0.00231613609728
4.796,3.48280570453e-41,1.91388844258e-05,0.000120278530412,0.000551353668131,0.00230906243695
4.797,3.38029703105e-41,1.90462847459e-05,0.00011970690048,0.000549713074029,0.00230199228882
4.798,3.27595403281e-41,1.89290141804e-05,0.000118987322551,0.00054737980579,0.00229213432072
4.799,3.176816606e-41,1.88264680805e-05,0.000118371373419,0.000545472360693,0.0022839603513
4.8,3.08377248654e-41,1.87529700625e-05,0.00011794556061,0.0005444016278,0.0022793278725
4.801,2.98038875848e-41,1.86388256394e-05,0.00011727211606,0.000542188878734,0.00226990792962
4.802,2.88177936501e-41,1.85571208166e-05,0.000116803755254,0.000540930791249,0.00226455897975
4.803,2.78885870191e-41,1.84623753951e-05,0.000116269422037,0.000539309819702,0.00225775675184
4.804,2.69645851227e-41,1.83474769454e-05,0.00011561226784,0.000537101818524,0.00224848919605
4.805,2.60797223677e-41,1.82513300417e-05,0.00011507222992,0.000535417832239,0.00224148275202
4.806,2.51840025187e-41,1.81533595905e-05,0.00011452524034,0.000533716195702,0.00223440212811
4.807,2.42825662237e-41,1.80193661496e-05,0.000113763902392,0.000530961018341,0.00222302618847
4.808,2.33677455675e-41,1.7878722986e-05,0.000112972261754,0.000528012888254,0.00221074707392
4.809,2.25212145607e-41,1.77745041898e-05,0.00011242366611,0.000526165331122,0.0022030803294
4.81,2.17290919368e-41,1.77006296893e-05,0.000112093314639,0.000525224524961,0.00219917197903
4.811,2.0962188963e-41,1.76424188781e-05,0.00011187195958,0.00052475433993,0.00219725029217
4.812,2.0582969847e-41,1.77982592337e-05,0.000112923357368,0.000529714071811,0.00221771881569
4.813,2.03870546146e-41,1.80344870176e-05,0.000114428060307,0.000536493959149,0.00224542988754
4.814,2.02212288359e-41,1.82601330484e-05,0.000115857572732,0.000542798908587,0.00227114122572
4.815,2.00989650932e-41,1.85211571941e-05,0.000117515833957,0.00055012089635,0.0023010907824
4.816,1.99688811127e-41,1.87671290791e-05,0.000119073310834,0.000556926059623,0.00232884420541
4.817,1.98903268204e-41,1.90446047469e-05,0.00012083248094,0.000564623648446,0.00236023555872
4.818,1.97861308307e-41,1.93141561569e-05,0.000122530387871,0.000571995809045,0.00239030834547
4.819,1.97568430272e-41,1.96186455683e-05,0.000124445357556,0.00058032938481,0.0024244360957
4.82,1.97070797553e-41,1.99068928105e-05,0.000126257475327,0.000588157769489,0.00245645183655
4.821,1.96591213577e-41,2.02277227798e-05,0.000128284907047,0.000596926354631,0.00249228908882
4.822,1.95947214012e-41,2.05165976415e-05,0.000130116039678,0.000604755330227,0.00252419153962
4.823,1.9593441161e-41,2.08707356905e-05,0.000132346596319,0.000614448269591,0.00256380295462
4.824,1.95592782843e-41,2.11772063419e-05,0.000134277916566,0.000622745683635,0.00259765321548
4.825,1.95464980884e-41,2.14995953961e-05,0.000136308902068,0.000631459353563,0.00263322215013
4.826,1.94875588237e-41,2.17703735076e-05,0.000138011116054,0.000638645166535,0.00266244271947
4.827,1.94271168578e-41,2.20687048578e-05,0.000139878236069,0.000646638300098,0.00269483495235
4.828,1.9140057066e-41,2.20998731056e-05,0.000140053298366,0.000646620396704,0.00269389031885
4.829,1.87188214167e-41,2.19376361429e-05,0.000139012277229,0.000641013886782,0.00266961827378
4.83,1.83371437131e-41,2.1861434079e-05,0.000138507721438,0.000637899738937,0.00265567498741
4.831,1.79441151401e-41,2.17605014073e-05,0.000137853808869,0.000634110521879,0.00263915252245
4.832,1.7549532147e-41,2.1649498881e-05,0.000137133430891,0.00063001915853,0.00262220259582
4.833,1.71727476671e-41,2.15568777553e-05,0.000136524122811,0.000626427753517,0.00260863481402
4.834,1.67681168134e-41,2.14221408246e-05,0.000135655044468,0.000621624699541,0.00259102312772
4.835,1.6410228499e-41,2.13259891424e-05,0.000135037529065,0.000617999384857,0.00257826359786
4.836,1.604531082e-41,2.12170880353e-05,0.000134322830353,0.00061401359898,0.00256390711276
4.837,1.57115127328e-41,2.11656832174e-05,0.00013398343388,0.000611812114305,0.00255674343504
4.838,1.53509957669e-41,2.1061857433e-05,0.000133307288529,0.000608189176959,0.00254347626282
4.839,1.50268086036e-41,2.10029235241e-05,0.000132915433995,0.000605972344516,0.00253570956445
4.84,1.46934265627e-41,2.09276720572e-05,0.000132427998376,0.000603389369729,0.00252624339829
4.841,1.4355730852e-41,2.08358031995e-05,0.000131828436746,0.000600492109265,0.00251489886716
4.842,1.40184443229e-41,2.07356144927e-05,0.000131174646641,0.000597556711998,0.0025029841949
4.843,1.36687372288e-41,2.05890870118e-05,0.000130233908685,0.00059345800888,0.00248600958403
4.844,1.33312582462e-41,2.04863621422e-05,0.000129566174328,0.000590753617685,0.00247451976218
4.845,1.29786188838e-41,2.03540202757e-05,0.000128709481974,0.000587359253969,0.00245989922799
4.846,1.26580931383e-41,2.02532603826e-05,0.000128046456387,0.00058490501433,0.00244926090663
4.847,1.23279589117e-41,2.01477257293e-05,0.000127359439975,0.000582406132404,0.00243838697858
4.848,1.20019602659e-41,2.00240570708e-05,0.000126564219832,0.0005794412734,0.00242536469653
4.849,1.16895555185e-41,1.99208336152e-05,0.000125895935057,0.000577137232303,0.00241501980814
4.85,1.13654035266e-41,1.97982097828e-05,0.000125099819648,0.000574273705995,0.00240239734981
4.851,1.10484423928e-41,1.96823206987e-05,0.000124347995078,0.000571617358644,0.00239069882592
4.852,1.07369955795e-41,1.95614095588e-05,0.000123561608043,0.0005688640162,0.00237865011293
4.853,1.04631168888e-41,1.94861051047e-05,0.000123067531694,0.000567435975735,0.00237230841637
4.854,1.01789484604e-41,1.94010112862e-05,0.000122510838151,0.000565750840594,0.00236484359458
4.855,9.90199164263e-42,1.93074052143e-05,0.000121903519893,0.000563838315671,0.00235657417609
4.856,9.77123822583e-42,1.94410346216e-05,0.000122732716152,0.000567748865751,0.00237243036029
4.857,9.71035101696e-42,1.96654607185e-05,0.000124141470645,0.000573917208603,0.00239757128887
4.858,9.67948638973e-42,1.9967061249e-05,0.000126031966702,0.000582239359055,0.00243166303735
4.859,9.63682893196e-42,2.02077784475e-05,0.000127540935223,0.000588745717318,0.00245812213544
4.86,9.60787914581e-42,2.0482631134e-05,0.000129262649042,0.00059618101203,0.00248849180398
4.861,9.58118579736e-42,2.07787267882e-05,0.000131119253959,0.000604216919827,0.00252127959901
4.862,9.56199767997e-42,2.10807913214e-05,0.000133007739041,0.000612361870771,0.00255456180559
4.863,9.53757556089e-42,2.13866145174e-05,0.000134930911726,0.00062061458422,0.00258820931446
4.864,9.5203455004e-42,2.17077069227e-05,0.000136942909201,0.000629270771816,0.00262353737201
4.865,9.44974008245e-42,2.18757402838e-05,0.000137988843438,0.000633413015755,0.00263997274036
4.866,9.26352275228e-42,2.17702744646e-05,0.000137313413312,0.000629528133716,0.00262286197606
4.867,9.0612400301e-42,2.16635788088e-05,0.000136632154194,0.000625629119879,0.00260570802346
4.868,8.86546177296e-42,2.15639589139e-05,0.000135999783098,0.00062195576922,0.00258960022706
4.869,8.67480969134e-42,2.14637291259e-05,0.000135354800605,0.000618261240962,0.0025734295099
4.87,8.49988515781e-42,2.13883580812e-05,0.000134866884921,0.000615278424531,0.00256049668456
4.871,8.32438408645e-42,2.13144474552e-05,0.000134391309938,0.000612353723025,0.00254851426928
4.872,8.13988336484e-42,2.12285272605e-05,0.000133840892293,0.000609107106135,0.00253601826671
4.873,7.97334174548e-42,2.11824704167e-05,0.000133537518611,0.000606971595364,0.00252899431399
4.874,7.79036797003e-42,2.10728340624e-05,0.000132836798424,0.00060305241058,0.00251490484069
4.875,7.61739880838e-42,2.09829524593e-05,0.000132262044184,0.000599693930936,0.00250325954314
4.876,7.43986366913e-42,2.08736723218e-05,0.000131565441592,0.00059579049953,0.00248931219198
4.877,7.29171300201e-42,2.08373851395e-05,0.000131325110134,0.000594030502354,0.00248407943606
4.878,7.11581337576e-42,2.07279307818e-05,0.000130620618835,0.000590242182207,0.00247024399519
4.879,6.95153822021e-42,2.06297632865e-05,0.000129992748089,0.000586857806014,0.0024579828668
4.88,6.78504250281e-42,2.05387511544e-05,0.00012940813018,0.000583734572715,0.00244654603623
4.881,6.63342765818e-42,2.04678052317e-05,0.000128949176582,0.000581344267336,0.00243781596155
4.882,6.47190045418e-42,2.037068657e-05,0.00012832923241,0.000578269969411,0.00242618954424
4.883,6.3293541554e-42,2.02977522312e-05,0.000127857506834,0.00057604407556,0.00241769733598
4.884,6.18464370273e-42,2.02401121607e-05,0.000127489533422,0.000574399641307,0.00241127663139
4.885,6.03587524806e-42,2.01548110835e-05,0.000126944092672,0.000571998989454,0.00240162330613
4.886,5.8857654641e-42,2.00732985008e-05,0.000126416420851,0.000569785316304,0.00239251395361
4.887,5.73440431327e-42,1.99716989303e-05,0.000125766869798,0.000567140934953,0.0023813632096
4.888,5.59104761638e-42,1.99034899959e-05,0.000125326085769,0.000565516395546,0.00237430903459
4.889,5.4447824489e-42,1.97866837849e-05,0.000124583372946,0.00056256706784,0.002361683401
4.89,5.40191688688e-42,2.00064297091e-05,0.000125956840614,0.000568509002241,0.00238613227057
4.891,5.37113635531e-42,2.02238778822e-05,0.000127316451931,0.000574190596626,0.00240950137857
4.892,5.34316571073e-42,2.04593891077e-05,0.000128792399896,0.000580388703804,0.00243492494051
4.893,5.33057050362e-42,2.07571450587e-05,0.000130657171904,0.000588323818102,0.00246751628899
4.894,5.31344154677e-42,2.10479735648e-05,0.000132479191992,0.000596015172862,0.00249907512206
4.895,5.30724361395e-42,2.13584045022e-05,0.000134425057444,0.000604282155775,0.00253297139074
4.896,5.2941265899e-42,2.16478344611e-05,0.000136239372505,0.000611927903857,0.00256424461152
4.897,5.28095586309e-42,2.19280786618e-05,0.000137993851502,0.00061927945429,0.00259427240958
4.898,5.20121852415e-42,2.19474070564e-05,0.000138108084494,0.000619201027279,0.00259297523
4.899,5.087194328e-42,2.18168534226e-05,0.000137279378724,0.000614873606364,0.00257385114438
4.9,4.98152713084e-42,2.17239377877e-05,0.000136687076719,0.000611615471964,0.0025591668473
4.901,4.87675952915e-42,2.1625147132e-05,0.000136056086793,0.000608203208066,0.00254384956944
4.902,4.77856672179e-42,2.15492647406e-05,0.000135566391708,0.000605464484861,0.00253140971148
4.903,4.67941042117e-42,2.14812752629e-05,0.000135127902539,0.000602938325583,0.00252016663242
4.904,4.5906922738e-42,2.14429817233e-05,0.000134880720648,0.000601221905374,0.00251279641751
4.905,4.5036958791e-42,2.1419253637e-05,0.00013472402521,0.000599884299993,0.00250760475895
4.906,4.40832191482e-42,2.13195906384e-05,0.000134088865304,0.00059644391263,0.0024944192376
4.907,4.32161278664e-42,2.12737292803e-05,0.000133793941868,0.00059453548618,0.00248815859062
4.908,4.22772600523e-42,2.12273189593e-05,0.000133489889071,0.000592601237181,0.00248210933534
4.909,4.12971572362e-42,2.11171133291e-05,0.000132790249532,0.000588897221104,0.00246872300364
4.91,4.03582660605e-42,2.10176473853e-05,0.000132157011913,0.000585534334333,0.00245676941189
4.911,3.94894764416e-42,2.0964815968e-05,0.000131816420518,0.000583472121706,0.00245025739707
4.912,3.85462579182e-42,2.08248303372e-05,0.00013092836292,0.000579034003502,0.00243367776337
4.913,3.7650787046e-42,2.07398949227e-05,0.000130389434063,0.00057617359083,0.00242365096237
4.914,3.67410127155e-42,2.06317121399e-05,0.000129702671831,0.000572721979755,0.0024110240937
4.915,3.58800010142e-42,2.05257621723e-05,0.000129029623553,0.000569477002504,0.00239883504384
4.916,3.49763640515e-42,2.0418781332e-05,0.000128349491045,0.000566261575913,0.00238662941752
4.917,3.41041106528e-42,2.02881468547e-05,0.000127523488761,0.000562494722276,0.0023719242365
4.918,3.32487423054e-42,2.02248256267e-05,0.000127119717704,0.000560720461178,0.00236516805183
4.919,3.23796241731e-42,2.01305734365e-05,0.000126518473718,0.000558161146634,0.00235499189663
4.92,3.15536705638e-42,2.00321926401e-05,0.000125891172727,0.000555513810136,0.00234454154618
4.921,3.07309154846e-42,1.99156549141e-05,0.000125149034469,0.000552414277823,0.00233209069665
4.922,2.9955054555e-42,1.98211510487e-05,0.000124548969378,0.000549995099436,0.00232232487306
4.923,2.91594937526e-42,1.97230353836e-05,0.000123922946903,0.000547528469504,0.00231214033821
4.924,2.83902213475e-42,1.9632780063e-05,0.000123346329541,0.000545336111828,0.00230315987632
4.925,2.76219513075e-42,1.95611982261e-05,0.000122888152995,0.000543747274114,0.00229661340185
4.926,2.69219165874e-42,1.94965311413e-05,0.000122476620615,0.00054238847846,0.00229100505243
4.927,2.61707135505e-42,1.93996886952e-05,0.000121861828074,0.000540136475515,0.002281658011
4.928,2.5441381509e-42,1.93110277442e-05,0.000121300987204,0.000538158487825,0.00227345794026
4.929,2.47356086631e-42,1.9232801061e-05,0.000120806394963,0.000536542625043,0.00226666939461
4.93,2.40234406297e-42,1.91234892485e-05,0.000120117468631,0.000534083367432,0.00225614679706
4.931,2.33338840281e-42,1.90465042381e-05,0.000119632819134,0.000532521424492,0.00224949136047
4.932,2.26643905664e-42,1.89669699755e-05,0.000119130947975,0.000530946752459,0.00224272296683
4.933,2.19614802524e-42,1.88822065661e-05,0.000118600886809,0.00052927482044,0.00223546761185
4.934,2.12827975402e-42,1.87524377525e-05,0.00011778942899,0.000526339616617,0.00222287742377
4.935,2.06340917508e-42,1.86635376365e-05,0.000117233826364,0.000524618893163,0.00221522177221
4.936,2.0003804653e-42,1.85712810857e-05,0.000116657530883,0.000522816596712,0.00220727842594
4.937,1.93631357411e-42,1.84851838247e-05,0.00011612065617,0.000521173707088,0.00220003456551
4.938,1.87395754402e-42,1.83848587028e-05,0.000115497270265,0.000519169983419,0.00219126373007
4.939,1.81556628069e-42,1.83277666285e-05,0.00011514954315,0.000518425084825,0.00218771071475
4.94,1.756182364e-42,1.82562106068e-05,0.000114721334035,0.000517322713088,0.0021826990745
4.941,1.73917142341e-42,1.84811212884e-05,0.000116137265849,0.000523627859202,0.00220867643427
4.942,1.72673370531e-42,1.87159534557e-05,0.000117610659435,0.000530058899618,0.00223502499645
4.943,1.71889535021e-42,1.89910603302e-05,0.000119336390331,0.000537547396437,0.00226577632832
4.944,1.71282437806e-42,1.92813650295e-05,0.000121155080558,0.00054538807853,0.00229803251751
4.945,1.70837736261e-42,1.95765189082e-05,0.000123006140147,0.000553368356426,0.00233079865002
4.946,1.70561184902e-42,1.98784157782e-05,0.000124898815149,0.000561512472109,0.0023641509114
4.947,1.69947256883e-42,2.01433220843e-05,0.0001265564422,0.000568533972018,0.00239280996006
4.948,1.69702441999e-42,2.04407718305e-05,0.000128420087058,0.00057649308402,0.00242534583725
4.949,1.69401609701e-42,2.07220944545e-05,0.000130184823861,0.0005839465967,0.00245575254059
4.95,1.69213560926e-42,2.10502980455e-05,0.000132240376277,0.000592640246658,0.00249146263909
4.951,1.68906923464e-42,2.13631855576e-05,0.000134200088915,0.000600891295115,0.00252529556271
4.952,1.68602798333e-42,2.1663169945e-05,0.000136079046608,0.000608793848665,0.00255763397162
4.953,1.68498465814e-42,2.20056200828e-05,0.000138222218869,0.00061790613856,0.00259493717075
4.954,1.68332868729e-42,2.23157227588e-05,0.000140164689504,0.000626087501841,0.00262832446167
4.955,1.66032081353e-42,2.24021055159e-05,0.000140701470454,0.000627938079799,0.00263504491413
4.956,1.62638808649e-42,2.23096043497e-05,0.00014011435143,0.000624678687449,0.00262036803947
4.957,1.59082654699e-42,2.21488995918e-05,0.000139100628614,0.000619546869215,0.00259785840893
4.958,1.5584951215e-42,2.20383314474e-05,0.000138401148855,0.000615795289672,0.00258127156104
4.959,1.52668802869e-42,2.19424620121e-05,0.000137795695192,0.000612513931414,0.0025669712729
4.96,1.49087865741e-42,2.17729172837e-05,0.000136725558393,0.000607155646855,0.00254499090912
4.961,1.46013173184e-42,2.17066740192e-05,0.000136303261448,0.000604696226307,0.00253645765106
4.962,1.4292059067e-42,2.15947136235e-05,0.000135596196917,0.000600983733504,0.00252303952183
4.963,1.40089129072e-42,2.1529056788e-05,0.000135180227409,0.000598605281574,0.00251520419188
4.964,1.37157448913e-42,2.14638307807e-05,0.000134765678469,0.000596227289462,0.00250726483509
4.965,1.34288369726e-42,2.13945431247e-05,0.000134324911518,0.000593795502595,0.00249909503482
4.966,1.31183515665e-42,2.12640969223e-05,0.00013349739969,0.000589786172807,0.00248391808688
4.967,1.28213170586e-42,2.11621893238e-05,0.000132847434586,0.000586671589456,0.00247221931377
4.968,1.25232317739e-42,2.10564075925e-05,0.000132177761444,0.000583522726885,0.00246033172911
4.969,1.22321195392e-42,2.09548161335e-05,0.000131535699814,0.000580650962825,0.00244921887785
4.97,1.1959704546e-42,2.08553858919e-05,0.000130909212683,0.000577952645704,0.00243844695811
4.971,1.1676039599e-42,2.07454177632e-05,0.000130212178064,0.000575144730984,0.00242658992128
4.972,1.14047321716e-42,2.06396445594e-05,0.000129540507323,0.000572631923226,0.00241575173028
4.973,1.1139834102e-42,2.05882273979e-05,0.00012921134045,0.000571717525561,0.002411519747
4.974,1.08763080321e-42,2.0500977529e-05,0.000128658261498,0.000569880928241,0.00240328856114
4.975,1.06093240529e-42,2.04033637975e-05,0.000128038613475,0.000567827830381,0.00239402081513
4.976,1.03322707128e-42,2.03103353965e-05,0.000127449177439,0.000565935692783,0.00238532386941
4.977,1.00677295187e-42,2.01491003375e-05,0.000126431435197,0.000562196481615,0.00236890469588
4.978,9.79802592706e-43,2.00055294092e-05,0.000125523404372,0.000559010445788,0.00235471430496
4.979,9.55145526084e-43,1.9935405814e-05,0.000125076249436,0.000557923018601,0.00234934390384
4.98,9.29151255286e-43,1.98106223869e-05,0.000124285736298,0.000555332949258,0.00233777320593
4.981,9.03791848153e-43,1.97097968957e-05,0.000123647088671,0.000553441058723,0.00232922070759
4.982,8.78944072959e-43,1.96098420115e-05,0.000123015238398,0.000551644678056,0.00232104883936
4.983,8.56282869796e-43,1.95467153369e-05,0.000122614620213,0.0005508694008,0.0023173050398
4.984,8.32651262181e-43,1.94319656384e-05,0.000121889362998,0.000548686523026,0.00230761190255
4.985,8.08294614579e-43,1.93016161155e-05,0.000121066302913,0.000546053852549,0.00229610823253
4.986,7.82957502948e-43,1.91458135912e-05,0.000120084808994,0.000542684783789,0.0022815978274
4.987,7.60770577547e-43,1.90349399973e-05,0.000119384382168,0.000540597574754,0.00227255779915
4.988,7.38183167635e-43,1.89258256087e-05,0.000118700958524,0.000538556311993,0.00226374538686
4.989,7.23928332823e-43,1.90023364589e-05,0.00011917898615,0.000541347665415,0.00227499929036
4.99,7.19039018138e-43,1.92251798379e-05,0.000120570961465,0.000547496765752,0.00230012837511
4.991,7.16364756482e-43,1.95092836635e-05,0.000122349904588,0.000555292412358,0.00233213960322
4.992,7.14691670711e-43,1.98262758669e-05,0.000124332715269,0.000563974317968,0.00236781273463
4.993,7.13072768861e-43,2.01191800785e-05,0.000126166625559,0.000571917292022,0.00240033021659
4.994,7.11728010706e-43,2.04326420177e-05,0.000128128493481,0.000580392623569,0.00243507071249
4.995,7.09513951827e-43,2.07290527442e-05,0.000129983013519,0.000588365703244,0.00246762226416
4.996,7.07695234688e-43,2.10342696073e-05,0.000131891591536,0.000596521188547,0.0025009725022
4.997,7.05528854484e-43,2.12919619296e-05,0.000133504141932,0.0006033296618,0.00252866565595
4.998,7.04702133062e-43,2.16250659025e-05,0.000135589206726,0.000612273327625,0.00256521684309
4.999,7.0448907629e-43,2.19509070138e-05,0.000137627984533,0.000620970525329,0.00260075213357
5,7.03724541429e-43,2.23051102654e-05,0.000139844477168,0.000630418070016,0.0026394972911
